skill_a,skill_b,month,pair_postings,postings_a,confidence_a_to_b,support,lift
airflow,aws,2024-01,70,536,0.13059701492537312,0.024305555555555556,0.7247001984298161
airflow,aws,2024-02,82,515,0.15922330097087378,0.02847222222222222,0.8087532747726922
airflow,aws,2024-03,72,530,0.13584905660377358,0.025,0.7495120364346128
airflow,aws,2024-04,80,520,0.15384615384615385,0.027777777777777776,0.8391608391608393
airflow,aws,2024-05,73,512,0.142578125,0.025347222222222222,0.7821428571428571
airflow,aws,2024-06,82,545,0.15045871559633028,0.02847222222222222,0.8222411782114445
airflow,aws,2024-07,92,543,0.1694290976058932,0.03194444444444444,0.9347812281704453
airflow,aws,2024-08,70,499,0.1402805611222445,0.024305555555555556,0.7829612713799693
airflow,aws,2024-09,71,525,0.13523809523809524,0.024652777777777777,0.7390620764434807
airflow,aws,2024-10,80,568,0.14084507042253522,0.027777777777777776,0.7442822070034889
airflow,aws,2024-11,76,531,0.1431261770244821,0.02638888888888889,0.8499038965577493
airflow,aws,2024-12,87,538,0.16171003717472118,0.030208333333333334,0.8156303100931647
airflow,aws,2025-01,83,572,0.1451048951048951,0.028819444444444446,0.7825881983185353
airflow,aws,2025-02,70,511,0.136986301369863,0.024305555555555556,0.7486158405032363
airflow,aws,2025-03,65,545,0.11926605504587157,0.022569444444444444,0.6542595019659241
airflow,aws,2025-04,74,530,0.13962264150943396,0.025694444444444443,0.7432776479614969
airflow,aws,2025-05,76,556,0.1366906474820144,0.02638888888888889,0.7131685955583359
airflow,aws,2025-06,78,540,0.14444444444444443,0.027083333333333334,0.7834274952919019
airflow,azure,2024-01,86,536,0.16044776119402984,0.029861111111111113,0.8386380258417532
airflow,azure,2024-02,84,515,0.16310679611650486,0.029166666666666667,0.9139057836878093
airflow,azure,2024-03,83,530,0.15660377358490565,0.028819444444444446,0.8430259213542585
airflow,azure,2024-04,91,520,0.175,0.03159722222222222,0.9130434782608694
airflow,azure,2024-05,74,512,0.14453125,0.025694444444444443,0.7568181818181818
airflow,azure,2024-06,59,545,0.10825688073394496,0.02048611111111111,0.6042244506080648
airflow,azure,2024-07,71,543,0.13075506445672191,0.024652777777777777,0.7105180861044511
airflow,azure,2024-08,76,499,0.1523046092184369,0.02638888888888889,0.7695390781563127
airflow,azure,2024-09,81,525,0.15428571428571428,0.028125,0.7850580514891469
airflow,azure,2024-10,79,568,0.13908450704225353,0.027430555555555555,0.752938684740019
airflow,azure,2024-11,69,531,0.12994350282485875,0.023958333333333335,0.6816708344910624
airflow,azure,2024-12,78,538,0.1449814126394052,0.027083333333333334,0.7923082891868823
airflow,azure,2025-01,82,572,0.14335664335664336,0.02847222222222222,0.7479477044694436
airflow,azure,2025-02,80,511,0.15655577299412915,0.027777777777777776,0.7428016906475979
airflow,azure,2025-03,85,545,0.1559633027522936,0.029513888888888888,0.8166805671392828
airflow,azure,2025-04,64,530,0.12075471698113208,0.022222222222222223,0.6859439544490342
airflow,azure,2025-05,80,556,0.14388489208633093,0.027777777777777776,0.8405446028572678
airflow,azure,2025-06,93,540,0.17222222222222222,0.03229166666666667,0.8888888888888888
airflow,databricks,2024-01,74,536,0.13805970149253732,0.025694444444444443,0.9940298507462687
airflow,databricks,2024-02,79,515,0.1533980582524272,0.027430555555555555,1.0569052817392113
airflow,databricks,2024-03,72,530,0.13584905660377358,0.025,0.8973515665570365
airflow,databricks,2024-04,83,520,0.1596153846153846,0.028819444444444446,1.0125381226702812
airflow,databricks,2024-05,76,512,0.1484375,0.02638888888888889,0.9057203389830508
airflow,databricks,2024-06,92,545,0.1688073394495413,0.03194444444444444,0.9921737502340386
airflow,databricks,2024-07,88,543,0.16206261510128914,0.030555555555555555,0.9187801801017966
airflow,databricks,2024-08,84,499,0.1683366733466934,0.029166666666666667,0.9216912913279031
airflow,databricks,2024-09,95,525,0.18095238095238095,0.03298611111111111,0.957983193277311
airflow,databricks,2024-10,121,568,0.2130281690140845,0.04201388888888889,1.0916746027768032
airflow,databricks,2024-11,114,531,0.21468926553672316,0.03958333333333333,1.0660432495616599
airflow,databricks,2024-12,117,538,0.2174721189591078,0.040625,1.0473573622110877
airflow,databricks,2025-01,113,572,0.19755244755244755,0.03923611111111111,0.9236218327127419
airflow,databricks,2025-02,105,511,0.2054794520547945,0.036458333333333336,0.9334082364634199
airflow,databricks,2025-03,110,545,0.2018348623853211,0.03819444444444445,0.8915404964259582
airflow,databricks,2025-04,124,530,0.2339622641509434,0.043055555555555555,1.0056885384398762
airflow,databricks,2025-05,130,556,0.23381294964028776,0.04513888888888889,0.978751882215158
airflow,databricks,2025-06,127,540,0.2351851851851852,0.044097222222222225,0.9593956562795091
airflow,dbt,2024-01,42,536,0.07835820895522388,0.014583333333333334,0.8679678530424799
airflow,dbt,2024-02,49,515,0.09514563106796116,0.017013888888888887,1.0111417619030558
airflow,dbt,2024-03,61,530,0.11509433962264151,0.021180555555555557,1.1754315535929345
airflow,dbt,2024-04,54,520,0.10384615384615385,0.01875,1.0207403517983724
airflow,dbt,2024-05,48,512,0.09375,0.016666666666666666,0.8881578947368421
airflow,dbt,2024-06,66,545,0.12110091743119267,0.022916666666666665,1.107208387942333
airflow,dbt,2024-07,68,543,0.1252302025782689,0.02361111111111111,1.1063281700166085
airflow,dbt,2024-08,61,499,0.12224448897795591,0.021180555555555557,1.0447006773190297
airflow,dbt,2024-09,61,525,0.11619047619047619,0.021180555555555557,0.961576354679803
airflow,dbt,2024-10,67,568,0.11795774647887323,0.02326388888888889,0.9462905567107379
airflow,dbt,2024-11,63,531,0.11864406779661017,0.021875,0.9234997709573982
airflow,dbt,2024-12,68,538,0.12639405204460966,0.02361111111111111,0.9554196060064982
airflow,dbt,2025-01,83,572,0.1451048951048951,0.028819444444444446,1.0660767803624946
airflow,dbt,2025-02,68,511,0.13307240704500978,0.02361111111111111,0.950988913870045
airflow,dbt,2025-03,68,545,0.12477064220183487,0.02361111111111111,0.8679696848823296
airflow,dbt,2025-04,71,530,0.1339622641509434,0.024652777777777777,0.9077913429522753
airflow,dbt,2025-05,92,556,0.16546762589928057,0.03194444444444444,1.0929971619035048
airflow,dbt,2025-06,83,540,0.1537037037037037,0.028819444444444446,0.9903057419835943
airflow,docker,2024-01,81,536,0.15111940298507462,0.028125,0.7942041616733849
airflow,docker,2024-02,73,515,0.141747572815534,0.025347222222222222,0.8164660194174758
airflow,docker,2024-03,101,530,0.19056603773584907,0.035069444444444445,0.9478932446964513
airflow,docker,2024-04,80,520,0.15384615384615385,0.027777777777777776,0.802675585284281
airflow,docker,2024-05,72,512,0.140625,0.025,0.7803468208092486
airflow,docker,2024-06,77,545,0.14128440366972478,0.02673611111111111,0.7870388444270935
airflow,docker,2024-07,83,543,0.15285451197053407,0.028819444444444446,0.8213078255133174
airflow,docker,2024-08,62,499,0.12424849699398798,0.021527777777777778,0.6894714284059449
airflow,docker,2024-09,91,525,0.17333333333333334,0.03159722222222222,0.922735674676525
airflow,docker,2024-10,85,568,0.14964788732394366,0.029513888888888888,0.7723761926397091
airflow,docker,2024-11,89,531,0.16760828625235405,0.03090277777777778,0.8604489561618176
airflow,docker,2024-12,82,538,0.1524163568773234,0.02847222222222222,0.8779182156133829
airflow,docker,2025-01,91,572,0.1590909090909091,0.03159722222222222,0.7792207792207793
airflow,docker,2025-02,87,511,0.17025440313111545,0.030208333333333334,0.9097081280475185
airflow,docker,2025-03,74,545,0.13577981651376148,0.025694444444444443,0.7520112914608328
airflow,docker,2025-04,68,530,0.12830188679245283,0.02361111111111111,0.725951736664566
airflow,docker,2025-05,77,556,0.13848920863309352,0.02673611111111111,0.6948587471486225
airflow,docker,2025-06,79,540,0.14629629629629629,0.027430555555555555,0.7577937649880095
airflow,gcp,2024-01,90,536,0.16791044776119404,0.03125,0.8905747505566093
airflow,gcp,2024-02,81,515,0.15728155339805824,0.028125,0.8296169849567908
airflow,gcp,2024-03,81,530,0.15283018867924528,0.028125,0.8002744425385935
airflow,gcp,2024-04,66,520,0.12692307692307692,0.022916666666666665,0.6622073578595317
airflow,gcp,2024-05,75,512,0.146484375,0.026041666666666668,0.7798059149722736
airflow,gcp,2024-06,83,545,0.15229357798165138,0.028819444444444446,0.8107310620834677
airflow,gcp,2024-07,77,543,0.141804788213628,0.02673611111111111,0.8167955801104972
airflow,gcp,2024-08,87,499,0.1743486973947896,0.030208333333333334,0.8871453153657138
airflow,gcp,2024-09,84,525,0.16,0.029166666666666667,0.8533333333333334
airflow,gcp,2024-10,85,568,0.14964788732394366,0.029513888888888888,0.8619718309859155
airflow,gcp,2024-11,100,531,0.18832391713747645,0.034722222222222224,0.9915409165556348
airflow,gcp,2024-12,90,538,0.16728624535315986,0.03125,0.9039106690752352
airflow,gcp,2025-01,96,572,0.16783216783216784,0.03333333333333333,0.8984324225959914
airflow,gcp,2025-02,75,511,0.14677103718199608,0.026041666666666668,0.8160242993902485
airflow,gcp,2025-03,61,545,0.11192660550458716,0.021180555555555557,0.6036491083393465
airflow,gcp,2025-04,64,530,0.12075471698113208,0.022222222222222223,0.6662329212752115
airflow,gcp,2025-05,79,556,0.1420863309352518,0.027430555555555555,0.8055288053022149
airflow,gcp,2025-06,84,540,0.15555555555555556,0.029166666666666667,0.8190127970749543
airflow,hadoop,2024-01,154,536,0.2873134328358209,0.05347222222222222,0.9621659146129816
airflow,hadoop,2024-02,122,515,0.23689320388349513,0.04236111111111111,0.8299907873290341
airflow,hadoop,2024-03,143,530,0.269811320754717,0.049652777777777775,0.9911436272622257
airflow,hadoop,2024-04,129,520,0.24807692307692308,0.04479166666666667,0.9577232419055475
airflow,hadoop,2024-05,122,512,0.23828125,0.04236111111111111,0.9692796610169492
airflow,hadoop,2024-06,125,545,0.22935779816513763,0.043402777777777776,0.9858962070382035
airflow,hadoop,2024-07,109,543,0.2007366482504604,0.03784722222222222,0.9147492831666549
airflow,hadoop,2024-08,96,499,0.19238476953907815,0.03333333333333333,0.9327746401894699
airflow,hadoop,2024-09,117,525,0.22285714285714286,0.040625,1.1543679342240494
airflow,hadoop,2024-10,113,568,0.198943661971831,0.03923611111111111,1.1060960356735006
airflow,hadoop,2024-11,88,531,0.1657250470809793,0.030555555555555555,0.9943502824858758
airflow,hadoop,2024-12,102,538,0.1895910780669145,0.035416666666666666,1.235344581069488
airflow,hadoop,2025-01,79,572,0.1381118881118881,0.027430555555555555,0.9845599944609844
airflow,hadoop,2025-02,64,511,0.12524461839530332,0.022222222222222223,0.9855314234384525
airflow,hadoop,2025-03,62,545,0.11376146788990826,0.021527777777777778,0.9988811814723653
airflow,hadoop,2025-04,62,530,0.1169811320754717,0.021527777777777778,1.1617436564736499
airflow,hadoop,2025-05,37,556,0.06654676258992806,0.012847222222222222,0.7605344295991778
airflow,hadoop,2025-06,39,540,0.07222222222222222,0.013541666666666667,0.9719626168224298
airflow,hive,2024-01,84,536,0.15671641791044777,0.029166666666666667,0.8088589311506982
airflow,hive,2024-02,82,515,0.15922330097087378,0.02847222222222222,0.9098474341192788
airflow,hive,2024-03,69,530,0.13018867924528302,0.023958333333333335,0.7636321715405603
airflow,hive,2024-04,82,520,0.1576923076923077,0.02847222222222222,0.8182952182952182
airflow,hive,2024-05,77,512,0.150390625,0.02673611111111111,0.8187618147448015
airflow,hive,2024-06,74,545,0.13577981651376148,0.025694444444444443,0.6730565775553065
airflow,hive,2024-07,79,543,0.14548802946593,0.027430555555555555,0.7716492170568664
airflow,hive,2024-08,70,499,0.1402805611222445,0.024305555555555556,0.7426617941765885
airflow,hive,2024-09,66,525,0.12571428571428572,0.022916666666666665,0.692269871619776
airflow,hive,2024-10,74,568,0.13028169014084506,0.025694444444444443,0.7174211617698543
airflow,hive,2024-11,86,531,0.16195856873822975,0.029861111111111113,0.8605916567640253
airflow,hive,2024-12,66,538,0.12267657992565056,0.022916666666666665,0.654275092936803
airflow,hive,2025-01,82,572,0.14335664335664336,0.02847222222222222,0.7575543722332714
airflow,hive,2025-02,87,511,0.17025440313111545,0.030208333333333334,0.8834823081398423
airflow,hive,2025-03,91,545,0.1669724770642202,0.03159722222222222,0.8954948490595049
airflow,hive,2025-04,83,530,0.15660377358490565,0.028819444444444446,0.8155856562830529
airflow,hive,2025-05,97,556,0.17446043165467626,0.033680555555555554,0.9444474495591496
airflow,hive,2025-06,79,540,0.14629629629629629,0.027430555555555555,0.799493991144845
airflow,java,2024-01,73,536,0.13619402985074627,0.025347222222222222,0.7586824100002887
airflow,java,2024-02,70,515,0.13592233009708737,0.024305555555555556,0.726264027234901
airflow,java,2024-03,68,530,0.12830188679245283,0.02361111111111111,0.7051706755005042
airflow,java,2024-04,74,520,0.1423076923076923,0.025694444444444443,0.8381311939594147
airflow,java,2024-05,74,512,0.14453125,0.025694444444444443,0.7315465729349737
airflow,java,2024-06,90,545,0.1651376146788991,0.03125,0.9146083274523642
airflow,java,2024-07,97,543,0.17863720073664824,0.033680555555555554,0.9236537488717179
airflow,java,2024-08,74,499,0.14829659318637275,0.025694444444444443,0.7351018732818477
airflow,java,2024-09,84,525,0.16,0.029166666666666667,0.8362976406533577
airflow,java,2024-10,96,568,0.16901408450704225,0.03333333333333333,0.9030808225979252
airflow,java,2024-11,70,531,0.1318267419962335,0.024305555555555556,0.708322792815583
airflow,java,2024-12,80,538,0.14869888475836432,0.027777777777777776,0.8110848259547145
airflow,java,2025-01,78,572,0.13636363636363635,0.027083333333333334,0.7313357034027425
airflow,java,2025-02,75,511,0.14677103718199608,0.026041666666666668,0.8353766543164994
airflow,java,2025-03,80,545,0.14678899082568808,0.027777777777777776,0.8177026955086686
airflow,java,2025-04,86,530,0.16226415094339622,0.029861111111111113,0.825655043669578
airflow,java,2025-05,69,556,0.12410071942446044,0.023958333333333335,0.6781974799666909
airflow,java,2025-06,77,540,0.1425925925925926,0.02673611111111111,0.8313090418353577
airflow,kafka,2024-01,85,536,0.15858208955223882,0.029513888888888888,0.8851093370357516
airflow,kafka,2024-02,69,515,0.13398058252427184,0.023958333333333335,0.7420463032113517
airflow,kafka,2024-03,71,530,0.1339622641509434,0.024652777777777777,0.7131447703414362
airflow,kafka,2024-04,68,520,0.13076923076923078,0.02361111111111111,0.7119383452086666
airflow,kafka,2024-05,62,512,0.12109375,0.021527777777777778,0.6580188679245282
airflow,kafka,2024-06,84,545,0.15412844036697249,0.029166666666666667,0.8391113577634797
airflow,kafka,2024-07,76,543,0.13996316758747698,0.02638888888888889,0.7619922923477007
airflow,kafka,2024-08,83,499,0.16633266533066132,0.028819444444444446,0.8615792736552241
airflow,kafka,2024-09,65,525,0.12380952380952381,0.022569444444444444,0.647135079077003
airflow,kafka,2024-10,91,568,0.1602112676056338,0.03159722222222222,0.851307104620342
airflow,kafka,2024-11,89,531,0.16760828625235405,0.03090277777777778,0.8922585294025502
airflow,kafka,2024-12,82,538,0.1524163568773234,0.02847222222222222,0.7880773928306848
airflow,kafka,2025-01,97,572,0.16958041958041958,0.033680555555555554,0.8912255627584096
airflow,kafka,2025-02,85,511,0.16634050880626222,0.029513888888888888,0.8346004623031972
airflow,kafka,2025-03,90,545,0.1651376146788991,0.03125,0.8402762018996985
airflow,kafka,2025-04,89,530,0.16792452830188678,0.03090277777777778,0.9318355327734757
airflow,kafka,2025-05,68,556,0.1223021582733813,0.02361111111111111,0.6486744306212489
airflow,kafka,2025-06,62,540,0.11481481481481481,0.021527777777777778,0.6298412698412699
airflow,kubernetes,2024-01,73,536,0.13619402985074627,0.025347222222222222,0.6869331102804717
airflow,kubernetes,2024-02,64,515,0.12427184466019417,0.022222222222222223,0.6519178736272482
airflow,kubernetes,2024-03,81,530,0.15283018867924528,0.028125,0.7973748974569318
airflow,kubernetes,2024-04,73,520,0.14038461538461539,0.025347222222222222,0.7432126696832579
airflow,kubernetes,2024-05,83,512,0.162109375,0.028819444444444446,0.856651376146789
airflow,kubernetes,2024-06,71,545,0.13027522935779817,0.024652777777777777,0.7039261924023615
airflow,kubernetes,2024-07,72,543,0.13259668508287292,0.025,0.7458563535911602
airflow,kubernetes,2024-08,75,499,0.15030060120240482,0.026041666666666668,0.7841770497516772
airflow,kubernetes,2024-09,72,525,0.13714285714285715,0.025,0.7624931053502483
airflow,kubernetes,2024-10,87,568,0.15316901408450703,0.030208333333333334,0.8532432506061514
airflow,kubernetes,2024-11,70,531,0.1318267419962335,0.024305555555555556,0.7217890056067539
airflow,kubernetes,2024-12,93,538,0.17286245353159851,0.03229166666666667,0.8539345903447748
airflow,kubernetes,2025-01,80,572,0.13986013986013987,0.027777777777777776,0.7672327672327673
airflow,kubernetes,2025-02,82,511,0.16046966731898238,0.02847222222222222,0.8267489121264209
airflow,kubernetes,2025-03,79,545,0.14495412844036698,0.027430555555555555,0.7674042093901782
airflow,kubernetes,2025-04,69,530,0.13018867924528302,0.023958333333333335,0.6780169913678392
airflow,kubernetes,2025-05,88,556,0.15827338129496402,0.030555555555555555,0.8456907943033327
airflow,kubernetes,2025-06,71,540,0.13148148148148148,0.024652777777777777,0.7468770545693622
airflow,powerbi,2024-01,71,536,0.13246268656716417,0.024652777777777777,0.721157915526338
airflow,powerbi,2024-02,73,515,0.141747572815534,0.025347222222222222,0.774635692046941
airflow,powerbi,2024-03,90,530,0.16981132075471697,0.03125,0.8827736530209113
airflow,powerbi,2024-04,75,520,0.14423076923076922,0.026041666666666668,0.7593868654197722
airflow,powerbi,2024-05,85,512,0.166015625,0.029513888888888888,0.8522727272727273
airflow,powerbi,2024-06,95,545,0.1743119266055046,0.03298611111111111,0.864059119834515
airflow,powerbi,2024-07,73,543,0.13443830570902393,0.025347222222222222,0.6976258025981782
airflow,powerbi,2024-08,74,499,0.14829659318637275,0.025694444444444443,0.7751255687418395
airflow,powerbi,2024-09,86,525,0.16380952380952382,0.029861111111111113,0.8688239936858723
airflow,powerbi,2024-10,69,568,0.12147887323943662,0.023958333333333335,0.6793381649118009
airflow,powerbi,2024-11,65,531,0.1224105461393597,0.022569444444444444,0.6352114826691098
airflow,powerbi,2024-12,72,538,0.13382899628252787,0.025,0.7085064509075005
airflow,powerbi,2025-01,77,572,0.1346153846153846,0.02673611111111111,0.7601809954751131
airflow,powerbi,2025-02,76,511,0.1487279843444227,0.02638888888888889,0.791749713330753
airflow,powerbi,2025-03,73,545,0.13394495412844037,0.025347222222222222,0.7333868210834759
airflow,powerbi,2025-04,85,530,0.16037735849056603,0.029513888888888888,0.8617290903970711
airflow,powerbi,2025-05,99,556,0.17805755395683454,0.034375,0.8765910348644161
airflow,powerbi,2025-06,72,540,0.13333333333333333,0.025,0.7664670658682635
airflow,python,2024-01,78,536,0.1455223880597015,0.027083333333333334,0.789273969137364
airflow,python,2024-02,73,515,0.141747572815534,0.025347222222222222,0.7199876714439822
airflow,python,2024-03,94,530,0.17735849056603772,0.03263888888888889,0.9304051964120013
airflow,python,2024-04,66,520,0.12692307692307692,0.022916666666666665,0.6634091860952115
airflow,python,2024-05,88,512,0.171875,0.030555555555555555,0.9065934065934066
airflow,python,2024-06,82,545,0.15045871559633028,0.02847222222222222,0.8160472710309439
airflow,python,2024-07,78,543,0.143646408839779,0.027083333333333334,0.7563101598876847
airflow,python,2024-08,82,499,0.16432865731462926,0.02847222222222222,0.898038962174824
airflow,python,2024-09,85,525,0.1619047619047619,0.029513888888888888,0.8864747419880501
airflow,python,2024-10,99,568,0.1742957746478873,0.034375,0.8900209769253821
airflow,python,2024-11,81,531,0.15254237288135594,0.028125,0.8497524833622923
airflow,python,2024-12,87,538,0.16171003717472118,0.030208333333333334,0.8514166491100494
airflow,python,2025-01,85,572,0.1486013986013986,0.029513888888888888,0.8576593746934428
airflow,python,2025-02,90,511,0.1761252446183953,0.03125,0.907407342577779
airflow,python,2025-03,81,545,0.14862385321100918,0.028125,0.7985759277009449
airflow,python,2025-04,85,530,0.16037735849056603,0.029513888888888888,0.8490566037735849
airflow,python,2025-05,97,556,0.17446043165467626,0.033680555555555554,0.9253149966214873
airflow,python,2025-06,82,540,0.15185185185185185,0.02847222222222222,0.7767910005920663
airflow,scala,2024-01,74,536,0.13805970149253732,0.025694444444444443,0.7151293890260926
airflow,scala,2024-02,83,515,0.16116504854368932,0.028819444444444446,0.8408611228366398
airflow,scala,2024-03,71,530,0.1339622641509434,0.024652777777777777,0.6989335520918786
airflow,scala,2024-04,77,520,0.14807692307692308,0.02673611111111111,0.7956371986222732
airflow,scala,2024-05,73,512,0.142578125,0.025347222222222222,0.7385341726618705
airflow,scala,2024-06,75,545,0.13761467889908258,0.026041666666666668,0.7298900096304932
airflow,scala,2024-07,86,543,0.15837937384898712,0.029861111111111113,0.849408932374456
airflow,scala,2024-08,68,499,0.13627254509018036,0.02361111111111111,0.7489788737780906
airflow,scala,2024-09,77,525,0.14666666666666667,0.02673611111111111,0.744973544973545
airflow,scala,2024-10,97,568,0.17077464788732394,0.033680555555555554,0.8523933898015476
airflow,scala,2024-11,82,531,0.1544256120527307,0.02847222222222222,0.7843840612202194
airflow,scala,2024-12,72,538,0.13382899628252787,0.025,0.7098112510012528
airflow,scala,2025-01,85,572,0.1486013986013986,0.029513888888888888,0.7521476765764991
airflow,scala,2025-02,64,511,0.12524461839530332,0.022222222222222223,0.6692105769544964
airflow,scala,2025-03,86,545,0.1577981651376147,0.029861111111111113,0.8558544549836729
airflow,scala,2025-04,74,530,0.13962264150943396,0.025694444444444443,0.7232251934301615
airflow,scala,2025-05,81,556,0.14568345323741008,0.028125,0.8210730828253249
airflow,scala,2025-06,72,540,0.13333333333333333,0.025,0.7272727272727273
airflow,snowflake,2024-01,100,536,0.1865671641791045,0.034722222222222224,1.0332950631458095
airflow,snowflake,2024-02,109,515,0.21165048543689322,0.03784722222222222,1.1246372657901338
airflow,snowflake,2024-03,111,530,0.20943396226415095,0.03854166666666667,1.06945002007226
airflow,snowflake,2024-04,105,520,0.20192307692307693,0.036458333333333336,0.9923864531373064
airflow,snowflake,2024-05,105,512,0.205078125,0.036458333333333336,0.971422697368421
airflow,snowflake,2024-06,131,545,0.24036697247706423,0.04548611111111111,1.0988204456094366
airflow,snowflake,2024-07,131,543,0.24125230202578268,0.04548611111111111,1.0656543402365861
airflow,snowflake,2024-08,118,499,0.23647294589178355,0.04097222222222222,1.010448196095455
airflow,snowflake,2024-09,127,525,0.2419047619047619,0.044097222222222225,1.000985221674877
airflow,snowflake,2024-10,132,568,0.2323943661971831,0.04583333333333333,0.9321668170583388
airflow,snowflake,2024-11,126,531,0.23728813559322035,0.04375,0.9234997709573982
airflow,snowflake,2024-12,134,538,0.24907063197026022,0.04652777777777778,0.9413693176828732
airflow,snowflake,2025-01,159,572,0.27797202797202797,0.05520833333333333,1.0211217354074498
airflow,snowflake,2025-02,143,511,0.27984344422700586,0.049652777777777775,0.9999368726721797
airflow,snowflake,2025-03,158,545,0.28990825688073396,0.05486111111111111,1.008376545672118
airflow,snowflake,2025-04,145,530,0.27358490566037735,0.050347222222222224,0.9269700332963373
airflow,snowflake,2025-05,177,556,0.3183453237410072,0.06145833333333333,1.0514157481354367
airflow,snowflake,2025-06,173,540,0.32037037037037036,0.060069444444444446,1.0320656226696494
airflow,spark,2024-01,82,536,0.15298507462686567,0.02847222222222222,0.8266360505166475
airflow,spark,2024-02,75,515,0.14563106796116504,0.026041666666666668,0.7584402816060675
airflow,spark,2024-03,76,530,0.14339622641509434,0.02638888888888889,0.7309400567707464
airflow,spark,2024-04,86,520,0.16538461538461538,0.029861111111111113,0.8723584108199492
airflow,spark,2024-05,79,512,0.154296875,0.027430555555555555,0.8529270633397313
airflow,spark,2024-06,73,545,0.13394495412844037,0.025347222222222222,0.7746214214656792
airflow,spark,2024-07,85,543,0.15653775322283608,0.029513888888888888,0.830255486706755
airflow,spark,2024-08,66,499,0.13226452905811623,0.022916666666666665,0.6682839362936399
airflow,spark,2024-09,75,525,0.14285714285714285,0.026041666666666668,0.7563025210084033
airflow,spark,2024-10,73,568,0.12852112676056338,0.025347222222222222,0.6448446778230357
airflow,spark,2024-11,77,531,0.14500941619585686,0.02673611111111111,0.747096813316758
airflow,spark,2024-12,72,538,0.13382899628252787,0.025,0.7662574737448912
airflow,spark,2025-01,91,572,0.1590909090909091,0.03159722222222222,0.8469164846244328
airflow,spark,2025-02,64,511,0.12524461839530332,0.022222222222222223,0.6844487684601017
airflow,spark,2025-03,89,545,0.163302752293578,0.03090277777777778,0.8458847600818428
airflow,spark,2025-04,88,530,0.1660377358490566,0.030555555555555555,0.8971645013982795
airflow,spark,2025-05,80,556,0.14388489208633093,0.027777777777777776,0.7716731642618865
airflow,spark,2025-06,84,540,0.15555555555555556,0.029166666666666667,0.8130671506352087
airflow,sql,2024-01,82,536,0.15298507462686567,0.02847222222222222,0.8129096216335298
airflow,sql,2024-02,77,515,0.14951456310679612,0.02673611111111111,0.8018658133101915
airflow,sql,2024-03,74,530,0.13962264150943396,0.025694444444444443,0.7688589054439193
airflow,sql,2024-04,74,520,0.1423076923076923,0.025694444444444443,0.7912087912087912
airflow,sql,2024-05,83,512,0.162109375,0.028819444444444446,0.844258589511754
airflow,sql,2024-06,86,545,0.1577981651376147,0.029861111111111113,0.8129851799576571
airflow,sql,2024-07,85,543,0.15653775322283608,0.029513888888888888,0.8021863510351742
airflow,sql,2024-08,69,499,0.13827655310621242,0.023958333333333335,0.7778056112224448
airflow,sql,2024-09,72,525,0.13714285714285715,0.025,0.6965986394557824
airflow,sql,2024-10,84,568,0.14788732394366197,0.029166666666666667,0.8051332570089724
airflow,sql,2024-11,68,531,0.128060263653484,0.02361111111111111,0.7245845959175519
airflow,sql,2024-12,74,538,0.137546468401487,0.025694444444444443,0.7363082323350976
airflow,sql,2025-01,77,572,0.1346153846153846,0.02673611111111111,0.7287449392712549
airflow,sql,2025-02,62,511,0.12133072407045009,0.021527777777777778,0.6296080816628761
airflow,sql,2025-03,82,545,0.15045871559633028,0.02847222222222222,0.8222411782114445
airflow,sql,2025-04,77,530,0.14528301886792452,0.02673611111111111,0.7566276570336756
airflow,sql,2025-05,83,556,0.14928057553956833,0.028819444444444446,0.8021045849887254
airflow,sql,2025-06,69,540,0.12777777777777777,0.023958333333333335,0.6727605118829981
airflow,tableau,2024-01,94,536,0.17537313432835822,0.03263888888888889,0.9335945043727757
airflow,tableau,2024-02,87,515,0.16893203883495145,0.030208333333333334,0.8626316876678372
airflow,tableau,2024-03,87,530,0.1641509433962264,0.030208333333333334,0.8706348379026373
airflow,tableau,2024-04,80,520,0.15384615384615385,0.027777777777777776,0.8297320656871219
airflow,tableau,2024-05,79,512,0.154296875,0.027430555555555555,0.8168658088235294
airflow,tableau,2024-06,84,545,0.15412844036697249,0.029166666666666667,0.8842428451332286
airflow,tableau,2024-07,75,543,0.13812154696132597,0.026041666666666668,0.7128854036713599
airflow,tableau,2024-08,83,499,0.16633266533066132,0.028819444444444446,0.8493582910501855
airflow,tableau,2024-09,79,525,0.15047619047619049,0.027430555555555555,0.8547759932375317
airflow,tableau,2024-10,85,568,0.14964788732394366,0.029513888888888888,0.7981220657276995
airflow,tableau,2024-11,77,531,0.14500941619585686,0.02673611111111111,0.7777041315531988
airflow,tableau,2024-12,68,538,0.12639405204460966,0.02361111111111111,0.6523563976495982
airflow,tableau,2025-01,79,572,0.1381118881118881,0.027430555555555555,0.7738564937008516
airflow,tableau,2025-02,73,511,0.14285714285714285,0.025347222222222222,0.7748184019370459
airflow,tableau,2025-03,84,545,0.15412844036697249,0.029166666666666667,0.7969298173373084
airflow,tableau,2025-04,79,530,0.1490566037735849,0.027430555555555555,0.7652103723135909
airflow,tableau,2025-05,71,556,0.12769784172661872,0.024652777777777777,0.7031927039630247
airflow,tableau,2025-06,87,540,0.16111111111111112,0.030208333333333334,0.8390596745027125
airflow,terraform,2024-01,78,536,0.1455223880597015,0.027083333333333334,0.8415752562488762
airflow,terraform,2024-02,86,515,0.1669902912621359,0.029861111111111113,0.8437404190086868
airflow,terraform,2024-03,90,530,0.16981132075471697,0.03125,0.8908134859263842
airflow,terraform,2024-04,87,520,0.1673076923076923,0.030208333333333334,0.8573774979468929
airflow,terraform,2024-05,81,512,0.158203125,0.028125,0.888157894736842
airflow,terraform,2024-06,85,545,0.1559633027522936,0.029513888888888888,0.774438468838975
airflow,terraform,2024-07,95,543,0.17495395948434622,0.03298611111111111,0.8918007138317118
airflow,terraform,2024-08,63,499,0.12625250501002003,0.021875,0.6733466933867734
airflow,terraform,2024-09,80,525,0.1523809523809524,0.027777777777777776,0.8202937249666222
airflow,terraform,2024-10,92,568,0.1619718309859155,0.03194444444444444,0.8315131430292988
airflow,terraform,2024-11,72,531,0.13559322033898305,0.025,0.7126067054311518
airflow,terraform,2024-12,78,538,0.1449814126394052,0.027083333333333334,0.7833892465318705
airflow,terraform,2025-01,74,572,0.12937062937062938,0.025694444444444443,0.696425070256846
airflow,terraform,2025-02,81,511,0.15851272015655576,0.028125,0.8407304494491356
airflow,terraform,2025-03,83,545,0.15229357798165138,0.028819444444444446,0.8062601187263897
airflow,terraform,2025-04,90,530,0.16981132075471697,0.03125,0.9423055949394699
airflow,terraform,2025-05,81,556,0.14568345323741008,0.028125,0.757343583616861
airflow,terraform,2025-06,82,540,0.15185185185185185,0.02847222222222222,0.841025641025641
aws,airflow,2024-01,70,519,0.1348747591522158,0.024305555555555556,0.7247001984298163
aws,airflow,2024-02,82,567,0.14462081128747795,0.02847222222222222,0.8087532747726922
aws,airflow,2024-03,72,522,0.13793103448275862,0.025,0.7495120364346128
aws,airflow,2024-04,80,528,0.15151515151515152,0.027777777777777776,0.8391608391608392
aws,airflow,2024-05,73,525,0.13904761904761906,0.025347222222222222,0.7821428571428571
aws,airflow,2024-06,82,527,0.1555977229601518,0.02847222222222222,0.8222411782114445
aws,airflow,2024-07,92,522,0.17624521072796934,0.03194444444444444,0.9347812281704451
aws,airflow,2024-08,70,516,0.13565891472868216,0.024305555555555556,0.7829612713799692
aws,airflow,2024-09,71,527,0.1347248576850095,0.024652777777777777,0.7390620764434807
aws,airflow,2024-10,80,545,0.14678899082568808,0.027777777777777776,0.7442822070034889
aws,airflow,2024-11,76,485,0.15670103092783505,0.02638888888888889,0.8499038965577493
aws,airflow,2024-12,87,571,0.15236427320490367,0.030208333333333334,0.8156303100931647
aws,airflow,2025-01,83,534,0.15543071161048688,0.028819444444444446,0.7825881983185354
aws,airflow,2025-02,70,527,0.13282732447817835,0.024305555555555556,0.748615840503236
aws,airflow,2025-03,65,525,0.12380952380952381,0.022569444444444444,0.654259501965924
aws,airflow,2025-04,74,541,0.1367837338262477,0.025694444444444443,0.7432776479614969
aws,airflow,2025-05,76,552,0.13768115942028986,0.02638888888888889,0.7131685955583359
aws,airflow,2025-06,78,531,0.14689265536723164,0.027083333333333334,0.7834274952919021
aws,azure,2024-01,86,519,0.16570327552986513,0.029861111111111113,0.8661078648384966
aws,azure,2024-02,71,567,0.12522045855379188,0.024652777777777777,0.7016243592119078
aws,azure,2024-03,77,522,0.1475095785440613,0.02673611111111111,0.7940702545923299
aws,azure,2024-04,93,528,0.17613636363636365,0.03229166666666667,0.9189723320158103
aws,azure,2024-05,60,525,0.11428571428571428,0.020833333333333332,0.5984415584415584
aws,azure,2024-06,66,527,0.1252371916508539,0.022916666666666665,0.6989982789815101
aws,azure,2024-07,65,522,0.12452107279693486,0.022569444444444444,0.6766428106701365
aws,azure,2024-08,77,516,0.14922480620155038,0.02673611111111111,0.7539779681762545
aws,azure,2024-09,71,527,0.1347248576850095,0.024652777777777777,0.6855257776198364
aws,azure,2024-10,79,545,0.14495412844036698,0.027430555555555555,0.7847140787749189
aws,azure,2024-11,72,485,0.14845360824742268,0.025,0.7787730268717256
aws,azure,2024-12,66,571,0.11558669001751314,0.022916666666666665,0.6316691978186677
aws,azure,2025-01,69,534,0.12921348314606743,0.023958333333333335,0.6741573033707865
aws,azure,2025-02,93,527,0.17647058823529413,0.03229166666666667,0.8372904351196822
aws,azure,2025-03,89,525,0.16952380952380952,0.03090277777777778,0.8876883116883117
aws,azure,2025-04,69,541,0.12754158964879853,0.023958333333333335,0.7244966039221691
aws,azure,2025-05,74,552,0.13405797101449277,0.025694444444444443,0.7831378428432842
aws,azure,2025-06,81,531,0.15254237288135594,0.028125,0.7873154729360307
aws,databricks,2024-01,83,519,0.1599229287090559,0.028819444444444446,1.1514450867052024
aws,databricks,2024-02,89,567,0.15696649029982362,0.03090277777777778,1.081491607807397
aws,databricks,2024-03,80,522,0.1532567049808429,0.027777777777777776,1.012337867763366
aws,databricks,2024-04,85,528,0.16098484848484848,0.029513888888888888,1.0212254705646777
aws,databricks,2024-05,87,525,0.1657142857142857,0.030208333333333334,1.011138014527845
aws,databricks,2024-06,92,527,0.174573055028463,0.03194444444444444,1.026062037718313
aws,databricks,2024-07,92,522,0.17624521072796934,0.03194444444444444,0.9991854466467552
aws,databricks,2024-08,96,516,0.18604651162790697,0.03333333333333333,1.018657706251658
aws,databricks,2024-09,109,527,0.20683111954459202,0.03784722222222222,1.0949882799419577
aws,databricks,2024-10,111,545,0.2036697247706422,0.03854166666666667,1.0437167390381665
aws,databricks,2024-11,90,485,0.18556701030927836,0.03125,0.9214361891219339
aws,databricks,2024-12,109,571,0.19089316987740806,0.03784722222222222,0.9193517211487211
aws,databricks,2025-01,112,534,0.20973782771535582,0.03888888888888889,0.9805924412665987
aws,databricks,2025-02,122,527,0.2314990512333966,0.04236111111111111,1.0516045229529687
aws,databricks,2025-03,103,525,0.1961904761904762,0.03576388888888889,0.8666082383873795
aws,databricks,2025-04,126,541,0.23290203327171904,0.04375,1.0011311280933595
aws,databricks,2025-05,125,552,0.22644927536231885,0.043402777777777776,0.9479271991911021
aws,databricks,2025-06,129,531,0.24293785310734464,0.04479166666666667,0.9910212704662218
aws,dbt,2024-01,38,519,0.07321772639691715,0.013194444444444444,0.8110271231658515
aws,dbt,2024-02,53,567,0.09347442680776014,0.01840277777777778,0.9933813623850524
aws,dbt,2024-03,62,522,0.11877394636015326,0.021527777777777778,1.2130105160185864
aws,dbt,2024-04,50,528,0.0946969696969697,0.017361111111111112,0.930809804529941
aws,dbt,2024-05,54,525,0.10285714285714286,0.01875,0.9744360902255639
aws,dbt,2024-06,53,527,0.10056925996204934,0.01840277777777778,0.9194903767958796
aws,dbt,2024-07,63,522,0.1206896551724138,0.021875,1.0662153585783796
aws,dbt,2024-08,46,516,0.08914728682170543,0.01597222222222222,0.7618521841142779
aws,dbt,2024-09,64,527,0.12144212523719165,0.022222222222222223,1.0050382778250344
aws,dbt,2024-10,59,545,0.10825688073394496,0.02048611111111111,0.8684674554700877
aws,dbt,2024-11,63,485,0.12989690721649486,0.021875,1.0110894399554196
aws,dbt,2024-12,75,571,0.13134851138353765,0.026041666666666668,0.9928706372298909
aws,dbt,2025-01,69,534,0.12921348314606743,0.023958333333333335,0.9493235496445771
aws,dbt,2025-02,74,527,0.14041745730550284,0.025694444444444443,1.0034795956323777
aws,dbt,2025-03,87,525,0.1657142857142857,0.030208333333333334,1.1527950310559005
aws,dbt,2025-04,77,541,0.1423290203327172,0.02673611111111111,0.9644884201370012
aws,dbt,2025-05,84,552,0.15217391304347827,0.029166666666666667,1.0051854806541685
aws,dbt,2025-06,96,531,0.1807909604519774,0.03333333333333333,1.1648276646570355
aws,docker,2024-01,80,519,0.15414258188824662,0.027777777777777776,0.8100924011645078
aws,docker,2024-02,84,567,0.14814814814814814,0.029166666666666667,0.8533333333333333
aws,docker,2024-03,79,522,0.15134099616858238,0.027430555555555555,0.7527842296468346
aws,docker,2024-04,98,528,0.1856060606060606,0.034027777777777775,0.9683794466403162
aws,docker,2024-05,78,525,0.14857142857142858,0.027083333333333334,0.8244426094137077
aws,docker,2024-06,79,527,0.14990512333965844,0.027430555555555555,0.8350614220855248
aws,docker,2024-07,75,522,0.14367816091954022,0.026041666666666668,0.7720020586721564
aws,docker,2024-08,84,516,0.16279069767441862,0.029166666666666667,0.9033472240892594
aws,docker,2024-09,79,527,0.14990512333965844,0.027430555555555555,0.798016183397812
aws,docker,2024-10,87,545,0.1596330275229358,0.030208333333333334,0.8239124001183782
aws,docker,2024-11,81,485,0.1670103092783505,0.028125,0.8573791278460775
aws,docker,2024-12,76,571,0.1330998248686515,0.02638888888888889,0.7666549912434326
aws,docker,2025-01,91,534,0.1704119850187266,0.03159722222222222,0.8346709470304976
aws,docker,2025-02,72,527,0.1366223908918406,0.025,0.7300046118154007
aws,docker,2025-03,80,525,0.1523809523809524,0.027777777777777776,0.8439560439560441
aws,docker,2025-04,79,541,0.14602587800369685,0.027430555555555555,0.8262367949914478
aws,docker,2025-05,91,552,0.16485507246376813,0.03159722222222222,0.8271474019088016
aws,docker,2025-06,85,531,0.160075329566855,0.029513888888888888,0.8291671747347884
aws,gcp,2024-01,69,519,0.1329479768786127,0.023958333333333335,0.7051384409031393
aws,gcp,2024-02,89,567,0.15696649029982362,0.03090277777777778,0.8279551136693993
aws,gcp,2024-03,88,522,0.1685823754789272,0.030555555555555555,0.8827586206896553
aws,gcp,2024-04,73,528,0.13825757575757575,0.025347222222222222,0.7213438735177865
aws,gcp,2024-05,76,525,0.14476190476190476,0.02638888888888889,0.7706363876419329
aws,gcp,2024-06,70,527,0.13282732447817835,0.024305555555555556,0.707102947314517
aws,gcp,2024-07,68,522,0.13026819923371646,0.02361111111111111,0.7503448275862069
aws,gcp,2024-08,73,516,0.14147286821705427,0.025347222222222222,0.7198619442846578
aws,gcp,2024-09,77,527,0.1461100569259962,0.02673611111111111,0.7792536369386465
aws,gcp,2024-10,64,545,0.11743119266055047,0.022222222222222223,0.6764036697247707
aws,gcp,2024-11,69,485,0.1422680412371134,0.023958333333333335,0.7490529410656063
aws,gcp,2024-12,81,571,0.14185639229422067,0.028125,0.7665035831282467
aws,gcp,2025-01,74,534,0.13857677902621723,0.025694444444444443,0.7418236498057725
aws,gcp,2025-02,63,527,0.11954459203036052,0.021875,0.6646494692035488
aws,gcp,2025-03,78,525,0.14857142857142858,0.027083333333333334,0.8012841091492777
aws,gcp,2025-04,78,541,0.14417744916820702,0.027083333333333334,0.7954617885142456
aws,gcp,2025-05,69,552,0.125,0.023958333333333335,0.7086614173228346
aws,gcp,2025-06,89,531,0.16760828625235405,0.03090277777777778,0.8824714157345149
aws,hadoop,2024-01,154,519,0.29672447013487474,0.05347222222222222,0.9936819464981852
aws,hadoop,2024-02,154,567,0.2716049382716049,0.05347222222222222,0.9516085428494188
aws,hadoop,2024-03,138,522,0.26436781609195403,0.04791666666666667,0.9711470795214638
aws,hadoop,2024-04,143,528,0.2708333333333333,0.049652777777777775,1.0455764075067022
aws,hadoop,2024-05,131,525,0.24952380952380954,0.04548611111111111,1.0150121065375304
aws,hadoop,2024-06,119,527,0.22580645161290322,0.04131944444444444,0.9706307173808377
aws,hadoop,2024-07,103,522,0.19731800766283525,0.03576388888888889,0.8991706678306417
aws,hadoop,2024-08,100,516,0.1937984496124031,0.034722222222222224,0.9396288466055909
aws,hadoop,2024-09,101,527,0.19165085388994307,0.035069444444444445,0.9927238474874749
aws,hadoop,2024-10,103,545,0.1889908256880734,0.03576388888888889,1.0507598030533811
aws,hadoop,2024-11,85,485,0.17525773195876287,0.029513888888888888,1.0515463917525774
aws,hadoop,2024-12,94,571,0.1646234676007005,0.03263888888888889,1.0726596983937047
aws,hadoop,2025-01,78,534,0.14606741573033707,0.027083333333333334,1.0412726665925018
aws,hadoop,2025-02,64,527,0.12144212523719165,0.022222222222222223,0.9556101658008525
aws,hadoop,2025-03,68,525,0.1295238095238095,0.02361111111111111,1.1372822299651568
aws,hadoop,2025-04,53,541,0.09796672828096119,0.01840277777777778,0.9729109567212697
aws,hadoop,2025-05,40,552,0.07246376811594203,0.013888888888888888,0.8281573498964804
aws,hadoop,2025-06,32,531,0.060263653483992465,0.011111111111111112,0.8110248693172818
aws,hive,2024-01,78,519,0.15028901734104047,0.027083333333333334,0.775685250792467
aws,hive,2024-02,83,567,0.14638447971781304,0.028819444444444446,0.836482741244646
aws,hive,2024-03,80,522,0.1532567049808429,0.027777777777777776,0.8989395322705245
aws,hive,2024-04,71,528,0.13446969696969696,0.024652777777777777,0.6977886977886977
aws,hive,2024-05,75,525,0.14285714285714285,0.026041666666666668,0.7777477720766944
aws,hive,2024-06,75,527,0.14231499051233396,0.026041666666666668,0.705451243847714
aws,hive,2024-07,84,522,0.16091954022988506,0.029166666666666667,0.8534959039817108
aws,hive,2024-08,70,516,0.13565891472868216,0.024305555555555556,0.7181942544459644
aws,hive,2024-09,78,527,0.14800759013282733,0.027083333333333334,0.8150322362954928
aws,hive,2024-10,66,545,0.12110091743119267,0.022916666666666665,0.6668654726612522
aws,hive,2024-11,78,485,0.16082474226804125,0.027083333333333334,0.8545668961844258
aws,hive,2024-12,84,571,0.14711033274956217,0.029166666666666667,0.7845884413309983
aws,hive,2025-01,74,534,0.13857677902621723,0.025694444444444443,0.732295639624781
aws,hive,2025-02,66,527,0.1252371916508539,0.022916666666666665,0.6498794809990256
aws,hive,2025-03,74,525,0.14095238095238094,0.025694444444444443,0.7559457302474062
aws,hive,2025-04,74,541,0.1367837338262477,0.025694444444444443,0.7123637494025197
aws,hive,2025-05,84,552,0.15217391304347827,0.029166666666666667,0.8237986270022883
aws,hive,2025-06,78,531,0.14689265536723164,0.027083333333333334,0.8027530312288941
aws,java,2024-01,77,519,0.14836223506743737,0.02673611111111111,0.8264666092731521
aws,java,2024-02,81,567,0.14285714285714285,0.028125,0.7633183143387224
aws,java,2024-03,66,522,0.12643678160919541,0.022916666666666665,0.6949197157146618
aws,java,2024-04,68,528,0.12878787878787878,0.02361111111111111,0.758505298382599
aws,java,2024-05,83,525,0.1580952380952381,0.028819444444444446,0.8002008536279187
aws,java,2024-06,77,527,0.1461100569259962,0.02673611111111111,0.8092249306670559
aws,java,2024-07,74,522,0.1417624521072797,0.025694444444444443,0.732990775707299
aws,java,2024-08,85,516,0.16472868217054262,0.029513888888888888,0.816555257575151
aws,java,2024-09,91,527,0.17267552182163187,0.03159722222222222,0.9025508218626132
aws,java,2024-10,84,545,0.15412844036697249,0.029166666666666667,0.8235434290480163
aws,java,2024-11,73,485,0.15051546391752577,0.025347222222222222,0.808739806124019
aws,java,2024-12,87,571,0.15236427320490367,0.030208333333333334,0.8310778538449292
aws,java,2025-01,66,534,0.12359550561797752,0.022916666666666665,0.6628585776159688
aws,java,2025-02,85,527,0.16129032258064516,0.029513888888888888,0.9180160652811424
aws,java,2025-03,71,525,0.13523809523809524,0.024652777777777777,0.7533572810168555
aws,java,2025-04,82,541,0.15157116451016636,0.02847222222222222,0.7712455013944861
aws,java,2025-05,91,552,0.16485507246376813,0.03159722222222222,0.9009157660259056
aws,java,2025-06,69,531,0.12994350282485875,0.023958333333333335,0.7575653605983668
aws,kafka,2024-01,85,519,0.16377649325626203,0.029513888888888888,0.9141013577093695
aws,kafka,2024-02,73,567,0.12874779541446207,0.025347222222222222,0.7130647130647131
aws,kafka,2024-03,81,522,0.15517241379310345,0.028125,0.8260564726878705
aws,kafka,2024-04,80,528,0.15151515151515152,0.027777777777777776,0.8248840006874033
aws,kafka,2024-05,62,525,0.1180952380952381,0.021527777777777778,0.6417250673854448
aws,kafka,2024-06,94,527,0.17836812144212524,0.03263888888888889,0.9710778634278273
aws,kafka,2024-07,90,522,0.1724137931034483,0.03125,0.9386611042304934
aws,kafka,2024-08,73,516,0.14147286821705427,0.025347222222222222,0.7328091015559645
aws,kafka,2024-09,78,527,0.14800759013282733,0.027083333333333334,0.7736149901679541
aws,kafka,2024-10,85,545,0.1559633027522936,0.029513888888888888,0.8287348928535158
aws,kafka,2024-11,71,485,0.1463917525773196,0.024652777777777777,0.7793128418164148
aws,kafka,2024-12,76,571,0.1330998248686515,0.02638888888888889,0.6882001716727402
aws,kafka,2025-01,84,534,0.15730337078651685,0.029166666666666667,0.8267038464692856
aws,kafka,2025-02,86,527,0.16318785578747627,0.029861111111111113,0.8187822729406474
aws,kafka,2025-03,67,525,0.12761904761904763,0.02326388888888889,0.6493690055527512
aws,kafka,2025-04,86,541,0.1589648798521257,0.029861111111111113,0.8821172523586166
aws,kafka,2025-05,86,552,0.15579710144927536,0.029861111111111113,0.8263271679077588
aws,kafka,2025-06,78,531,0.14689265536723164,0.027083333333333334,0.805811138014528
aws,kubernetes,2024-01,65,519,0.1252408477842004,0.022569444444444444,0.631687638561291
aws,kubernetes,2024-02,91,567,0.16049382716049382,0.03159722222222222,0.8419348310058693
aws,kubernetes,2024-03,81,522,0.15517241379310345,0.028125,0.8095952023988006
aws,kubernetes,2024-04,78,528,0.14772727272727273,0.027083333333333334,0.7820855614973262
aws,kubernetes,2024-05,78,525,0.14857142857142858,0.027083333333333334,0.7851114023591088
aws,kubernetes,2024-06,75,527,0.14231499051233396,0.026041666666666668,0.7689815622430052
aws,kubernetes,2024-07,77,522,0.1475095785440613,0.02673611111111111,0.8297413793103448
aws,kubernetes,2024-08,98,516,0.18992248062015504,0.034027777777777775,0.9908998988877654
aws,kubernetes,2024-09,63,527,0.11954459203036052,0.021875,0.6646494692035488
aws,kubernetes,2024-10,62,545,0.11376146788990826,0.021527777777777778,0.6337195890192182
aws,kubernetes,2024-11,77,485,0.15876288659793814,0.02673611111111111,0.8692720787111442
aws,kubernetes,2024-12,97,571,0.16987740805604204,0.033680555555555554,0.8391885680984581
aws,kubernetes,2025-01,75,534,0.1404494382022472,0.026041666666666668,0.7704654895666132
aws,kubernetes,2025-02,79,527,0.14990512333965844,0.027430555555555555,0.7723197767767733
aws,kubernetes,2025-03,72,525,0.13714285714285715,0.025,0.7260504201680673
aws,kubernetes,2025-04,80,541,0.1478743068391867,0.027777777777777776,0.7701229723270483
aws,kubernetes,2025-05,67,552,0.1213768115942029,0.02326388888888889,0.6485440025812697
aws,kubernetes,2025-06,74,531,0.1393596986817326,0.025694444444444443,0.7916290576003744
aws,powerbi,2024-01,73,519,0.14065510597302505,0.025347222222222222,0.7657593671121212
aws,powerbi,2024-02,81,567,0.14285714285714285,0.028125,0.7806993765248035
aws,powerbi,2024-03,77,522,0.1475095785440613,0.02673611111111111,0.7668367982073945
aws,powerbi,2024-04,86,528,0.16287878787878787,0.029861111111111113,0.85757021771647
aws,powerbi,2024-05,78,525,0.14857142857142858,0.027083333333333334,0.7627196333078686
aws,powerbi,2024-06,88,527,0.16698292220113853,0.030555555555555555,0.8277294594479844
aws,powerbi,2024-07,81,522,0.15517241379310345,0.028125,0.8052190121155638
aws,powerbi,2024-08,84,516,0.16279069767441862,0.029166666666666667,0.8508842274089394
aws,powerbi,2024-09,73,527,0.13851992409867173,0.025347222222222222,0.7346913101366014
aws,powerbi,2024-10,82,545,0.15045871559633028,0.02847222222222222,0.8414001959561771
aws,powerbi,2024-11,70,485,0.14432989690721648,0.024305555555555556,0.748955140707718
aws,powerbi,2024-12,97,571,0.16987740805604204,0.033680555555555554,0.8993509838261049
aws,powerbi,2025-01,85,534,0.15917602996254682,0.029513888888888888,0.898876404494382
aws,powerbi,2025-02,82,527,0.1555977229601518,0.02847222222222222,0.8283205954255771
aws,powerbi,2025-03,65,525,0.12380952380952381,0.022569444444444444,0.6778924497555677
aws,powerbi,2025-04,75,541,0.13863216266173753,0.026041666666666668,0.7448892322123211
aws,powerbi,2025-05,88,552,0.15942028985507245,0.030555555555555555,0.7848383500557413
aws,powerbi,2025-06,76,531,0.1431261770244821,0.02638888888888889,0.8227612571467235
aws,python,2024-01,72,519,0.13872832369942195,0.025,0.7524248065053394
aws,python,2024-02,87,567,0.15343915343915343,0.030208333333333334,0.7793734777861762
aws,python,2024-03,77,522,0.1475095785440613,0.02673611111111111,0.7738207399032724
aws,python,2024-04,69,528,0.13068181818181818,0.023958333333333335,0.6830556013859099
aws,python,2024-05,85,525,0.1619047619047619,0.029513888888888888,0.8540031397174255
aws,python,2024-06,89,527,0.16888045540796964,0.03090277777777778,0.9159617920432251
aws,python,2024-07,69,522,0.13218390804597702,0.023958333333333335,0.6959591502237913
aws,python,2024-08,74,516,0.1434108527131783,0.025694444444444443,0.783725343100481
aws,python,2024-09,73,527,0.13851992409867173,0.025347222222222222,0.7584360863197236
aws,python,2024-10,79,545,0.14495412844036698,0.027430555555555555,0.7401912941635761
aws,python,2024-11,59,485,0.12164948453608247,0.02048611111111111,0.6776605714969391
aws,python,2024-12,79,571,0.138353765323993,0.027430555555555555,0.7284439563676414
aws,python,2025-01,51,534,0.09550561797752809,0.017708333333333333,0.5512147891288194
aws,python,2025-02,79,527,0.14990512333965844,0.027430555555555555,0.7723197767767733
aws,python,2025-03,66,525,0.12571428571428572,0.022916666666666665,0.6754797441364606
aws,python,2025-04,85,541,0.15711645101663585,0.029513888888888888,0.8317929759704251
aws,python,2025-05,83,552,0.1503623188405797,0.028819444444444446,0.7975018015853952
aws,python,2025-06,87,531,0.1638418079096045,0.030208333333333334,0.838125056447
aws,scala,2024-01,75,519,0.14450867052023122,0.026041666666666668,0.7485341206803344
aws,scala,2024-02,90,567,0.15873015873015872,0.03125,0.8281573498964803
aws,scala,2024-03,83,522,0.15900383141762453,0.028819444444444446,0.8295852073963018
aws,scala,2024-04,66,528,0.125,0.022916666666666665,0.6716417910447761
aws,scala,2024-05,78,525,0.14857142857142858,0.027083333333333334,0.7695786228160328
aws,scala,2024-06,74,527,0.14041745730550284,0.025694444444444443,0.7447555746590206
aws,scala,2024-07,70,522,0.13409961685823754,0.024305555555555556,0.7191934758877544
aws,scala,2024-08,80,516,0.15503875968992248,0.027777777777777776,0.8521214273033908
aws,scala,2024-09,88,527,0.16698292220113853,0.030555555555555555,0.848167223878799
aws,scala,2024-10,79,545,0.14495412844036698,0.027430555555555555,0.7235145405689027
aws,scala,2024-11,75,485,0.15463917525773196,0.026041666666666668,0.7854688267059402
aws,scala,2024-12,76,571,0.1330998248686515,0.02638888888888889,0.7059438225077648
aws,scala,2025-01,92,534,0.17228464419475656,0.03194444444444444,0.8720206946940227
aws,scala,2025-02,77,527,0.1461100569259962,0.02673611111111111,0.7806993765248035
aws,scala,2025-03,77,525,0.14666666666666667,0.02673611111111111,0.7954802259887005
aws,scala,2025-04,70,541,0.12939001848428835,0.024305555555555556,0.670221678479767
aws,scala,2025-05,74,552,0.13405797101449277,0.025694444444444443,0.7555517740151451
aws,scala,2025-06,70,531,0.1318267419962335,0.024305555555555556,0.7190549563430919
aws,snowflake,2024-01,90,519,0.17341040462427745,0.03125,0.9604268563806136
aws,snowflake,2024-02,106,567,0.18694885361552027,0.03680555555555556,0.9933813623850524
aws,snowflake,2024-03,109,522,0.20881226053639848,0.03784722222222222,1.066275372951822
aws,snowflake,2024-04,110,528,0.20833333333333334,0.03819444444444445,1.0238907849829353
aws,snowflake,2024-05,106,525,0.2019047619047619,0.03680555555555556,0.956390977443609
aws,snowflake,2024-06,109,527,0.20683111954459202,0.03784722222222222,0.9455136893467063
aws,snowflake,2024-07,134,522,0.2567049808429119,0.04652777777777778,1.1339115718214512
aws,snowflake,2024-08,117,516,0.22674418604651161,0.040625,0.9688772341453316
aws,snowflake,2024-09,131,527,0.24857685009487665,0.04548611111111111,1.0285938624615585
aws,snowflake,2024-10,130,545,0.23853211009174313,0.04513888888888889,0.9567861797551813
aws,snowflake,2024-11,120,485,0.24742268041237114,0.041666666666666664,0.9629423237670661
aws,snowflake,2024-12,160,571,0.28021015761821366,0.05555555555555555,1.059062013045217
aws,snowflake,2025-01,156,534,0.29213483146067415,0.05416666666666667,1.0731483604677827
aws,snowflake,2025-02,147,527,0.27893738140417457,0.051041666666666666,0.996699328094321
aws,snowflake,2025-03,157,525,0.29904761904761906,0.05451388888888889,1.0401656314699794
aws,snowflake,2025-04,171,541,0.31608133086876156,0.059375,1.0709579210612157
aws,snowflake,2025-05,154,552,0.27898550724637683,0.05347222222222222,0.9214200239329877
aws,snowflake,2025-06,179,531,0.3370998116760829,0.06215277777777778,1.0859591248625489
aws,spark,2024-01,76,519,0.1464354527938343,0.02638888888888889,0.7912459738203429
aws,spark,2024-02,97,567,0.1710758377425044,0.033680555555555554,0.8909555383334767
aws,spark,2024-03,80,522,0.1532567049808429,0.027777777777777776,0.7812023191943851
aws,spark,2024-04,87,528,0.16477272727272727,0.030208333333333334,0.8691308691308691
aws,spark,2024-05,78,525,0.14857142857142858,0.027083333333333334,0.8212777625445572
aws,spark,2024-06,75,527,0.14231499051233396,0.026041666666666668,0.8230264511556663
aws,spark,2024-07,86,522,0.16475095785440613,0.029861111111111113,0.8738172350288944
aws,spark,2024-08,80,516,0.15503875968992248,0.027777777777777776,0.7833537331701347
aws,spark,2024-09,83,527,0.15749525616698293,0.028819444444444446,0.8337984150016744
aws,spark,2024-10,80,545,0.14678899082568808,0.027777777777777776,0.7365022536201771
aws,spark,2024-11,83,485,0.1711340206185567,0.028819444444444446,0.8816922708075908
aws,spark,2024-12,88,571,0.15411558669001751,0.030555555555555555,0.8824113114657067
aws,spark,2025-01,86,534,0.16104868913857678,0.029861111111111113,0.8573386778541611
aws,spark,2025-02,74,527,0.14041745730550284,0.025694444444444443,0.76736674960123
aws,spark,2025-03,91,525,0.17333333333333334,0.03159722222222222,0.897841726618705
aws,spark,2025-04,70,541,0.12939001848428835,0.024305555555555556,0.699143064230301
aws,spark,2025-05,81,552,0.14673913043478262,0.028125,0.7869808112703426
aws,spark,2025-06,76,531,0.1431261770244821,0.02638888888888889,0.7481005260081823
aws,sql,2024-01,68,519,0.13102119460500963,0.02361111111111111,0.6962011816649959
aws,sql,2024-02,78,567,0.13756613756613756,0.027083333333333334,0.7377848718630841
aws,sql,2024-03,64,522,0.12260536398467432,0.022222222222222223,0.6751499967033692
aws,sql,2024-04,64,528,0.12121212121212122,0.022222222222222223,0.6739206739206739
aws,sql,2024-05,87,525,0.1657142857142857,0.030208333333333334,0.8630328080599328
aws,sql,2024-06,87,527,0.1650853889943074,0.030208333333333334,0.8505293744250543
aws,sql,2024-07,79,522,0.15134099616858238,0.027430555555555555,0.7755552828567922
aws,sql,2024-08,68,516,0.13178294573643412,0.02361111111111111,0.7412790697674418
aws,sql,2024-09,77,527,0.1461100569259962,0.02673611111111111,0.742146320893949
aws,sql,2024-10,76,545,0.13944954128440368,0.02638888888888889,0.7591959903574339
aws,sql,2024-11,68,485,0.1402061855670103,0.02361111111111111,0.7933080833654022
aws,sql,2024-12,87,571,0.15236427320490367,0.030208333333333334,0.8156303100931647
aws,sql,2025-01,75,534,0.1404494382022472,0.026041666666666668,0.7603277857565262
aws,sql,2025-02,78,527,0.14800759013282733,0.027083333333333334,0.768039386635212
aws,sql,2025-03,84,525,0.16,0.029166666666666667,0.87438330170778
aws,sql,2025-04,79,541,0.14602587800369685,0.027430555555555555,0.7604964351729601
aws,sql,2025-05,68,552,0.12318840579710146,0.02361111111111111,0.6619078520441272
aws,sql,2025-06,66,531,0.12429378531073447,0.022916666666666665,0.654417004926719
aws,tableau,2024-01,76,519,0.1464354527938343,0.02638888888888889,0.7795454788285449
aws,tableau,2024-02,86,567,0.15167548500881833,0.029861111111111113,0.7745131149386468
aws,tableau,2024-03,65,522,0.12452107279693486,0.022569444444444444,0.6604432590334667
aws,tableau,2024-04,79,528,0.14962121212121213,0.027430555555555555,0.8069458631256384
aws,tableau,2024-05,89,525,0.16952380952380952,0.03090277777777778,0.8974789915966387
aws,tableau,2024-06,67,527,0.127134724857685,0.02326388888888889,0.7293785011755635
aws,tableau,2024-07,74,522,0.1417624521072797,0.025694444444444443,0.7316771721666049
aws,tableau,2024-08,86,516,0.16666666666666666,0.029861111111111113,0.851063829787234
aws,tableau,2024-09,67,527,0.127134724857685,0.02326388888888889,0.7221854193099266
aws,tableau,2024-10,89,545,0.163302752293578,0.03090277777777778,0.8709480122324159
aws,tableau,2024-11,69,485,0.1422680412371134,0.023958333333333335,0.7630017854057478
aws,tableau,2024-12,87,571,0.15236427320490367,0.030208333333333334,0.7863962487995028
aws,tableau,2025-01,71,534,0.13295880149812733,0.024652777777777777,0.7449831679272504
aws,tableau,2025-02,95,527,0.18026565464895636,0.03298611111111111,0.9777120252146785
aws,tableau,2025-03,78,525,0.14857142857142858,0.027083333333333334,0.76819697358297
aws,tableau,2025-04,70,541,0.12939001848428835,0.024305555555555556,0.6642482232348493
aws,tableau,2025-05,87,552,0.15760869565217392,0.030208333333333334,0.8679025687920858
aws,tableau,2025-06,82,531,0.1544256120527307,0.02847222222222222,0.8042418855549085
aws,terraform,2024-01,81,519,0.15606936416184972,0.028125,0.9025698168396128
aws,terraform,2024-02,93,567,0.164021164021164,0.03229166666666667,0.8287385129490392
aws,terraform,2024-03,75,522,0.14367816091954022,0.026041666666666668,0.7537214999057849
aws,terraform,2024-04,77,528,0.14583333333333334,0.02673611111111111,0.7473309608540926
aws,terraform,2024-05,76,525,0.14476190476190476,0.02638888888888889,0.8126984126984127
aws,terraform,2024-06,70,527,0.13282732447817835,0.024305555555555556,0.6595563698226787
aws,terraform,2024-07,80,522,0.1532567049808429,0.027777777777777776,0.7812023191943851
aws,terraform,2024-08,78,516,0.1511627906976744,0.027083333333333334,0.8062015503875969
aws,terraform,2024-09,78,527,0.14800759013282733,0.027083333333333334,0.7967511394066219
aws,terraform,2024-10,85,545,0.1559633027522936,0.029513888888888888,0.8006672226855713
aws,terraform,2024-11,71,485,0.1463917525773196,0.024652777777777777,0.7693581157348184
aws,terraform,2024-12,88,571,0.15411558669001751,0.030555555555555555,0.8327446335220459
aws,terraform,2025-01,76,534,0.14232209737827714,0.02638888888888889,0.7661451223353984
aws,terraform,2025-02,89,527,0.16888045540796964,0.03090277777777778,0.8957195424953086
aws,terraform,2025-03,67,525,0.12761904761904763,0.02326388888888889,0.6756302521008404
aws,terraform,2025-04,80,541,0.1478743068391867,0.027777777777777776,0.8205741882405736
aws,terraform,2025-05,83,552,0.1503623188405797,0.028819444444444446,0.7816669282687176
aws,terraform,2025-06,77,531,0.14500941619585686,0.02673611111111111,0.803129074315515
azure,airflow,2024-01,86,551,0.1560798548094374,0.029861111111111113,0.8386380258417532
azure,airflow,2024-02,84,514,0.16342412451361868,0.029166666666666667,0.9139057836878093
azure,airflow,2024-03,83,535,0.15514018691588785,0.028819444444444446,0.8430259213542585
azure,airflow,2024-04,91,552,0.16485507246376813,0.03159722222222222,0.9130434782608696
azure,airflow,2024-05,74,550,0.13454545454545455,0.025694444444444443,0.7568181818181818
azure,airflow,2024-06,59,516,0.11434108527131782,0.02048611111111111,0.6042244506080648
azure,airflow,2024-07,71,530,0.1339622641509434,0.024652777777777777,0.7105180861044512
azure,airflow,2024-08,76,570,0.13333333333333333,0.02638888888888889,0.7695390781563126
azure,airflow,2024-09,81,566,0.1431095406360424,0.028125,0.7850580514891469
azure,airflow,2024-10,79,532,0.14849624060150377,0.027430555555555555,0.7529386847400191
azure,airflow,2024-11,69,549,0.12568306010928962,0.023958333333333335,0.6816708344910622
azure,airflow,2024-12,78,527,0.14800759013282733,0.027083333333333334,0.7923082891868823
azure,airflow,2025-01,82,552,0.14855072463768115,0.02847222222222222,0.7479477044694436
azure,airflow,2025-02,80,607,0.13179571663920922,0.027777777777777776,0.7428016906475979
azure,airflow,2025-03,85,550,0.15454545454545454,0.029513888888888888,0.8166805671392827
azure,airflow,2025-04,64,507,0.126232741617357,0.022222222222222223,0.6859439544490342
azure,airflow,2025-05,80,493,0.16227180527383367,0.027777777777777776,0.8405446028572678
azure,airflow,2025-06,93,558,0.16666666666666666,0.03229166666666667,0.8888888888888888
azure,aws,2024-01,86,551,0.1560798548094374,0.029861111111111113,0.8661078648384966
azure,aws,2024-02,71,514,0.13813229571984437,0.024652777777777777,0.7016243592119079
azure,aws,2024-03,77,535,0.14392523364485982,0.02673611111111111,0.79407025459233
azure,aws,2024-04,93,552,0.16847826086956522,0.03229166666666667,0.9189723320158103
azure,aws,2024-05,60,550,0.10909090909090909,0.020833333333333332,0.5984415584415584
azure,aws,2024-06,66,516,0.12790697674418605,0.022916666666666665,0.6989982789815101
azure,aws,2024-07,65,530,0.12264150943396226,0.022569444444444444,0.6766428106701367
azure,aws,2024-08,77,570,0.13508771929824562,0.02673611111111111,0.7539779681762546
azure,aws,2024-09,71,566,0.1254416961130742,0.024652777777777777,0.6855257776198364
azure,aws,2024-10,79,532,0.14849624060150377,0.027430555555555555,0.784714078774919
azure,aws,2024-11,72,549,0.13114754098360656,0.025,0.7787730268717256
azure,aws,2024-12,66,527,0.1252371916508539,0.022916666666666665,0.6316691978186677
azure,aws,2025-01,69,552,0.125,0.023958333333333335,0.6741573033707865
azure,aws,2025-02,93,607,0.15321252059308071,0.03229166666666667,0.8372904351196822
azure,aws,2025-03,89,550,0.1618181818181818,0.03090277777777778,0.8876883116883116
azure,aws,2025-04,69,507,0.13609467455621302,0.023958333333333335,0.7244966039221691
azure,aws,2025-05,74,493,0.15010141987829614,0.025694444444444443,0.7831378428432841
azure,aws,2025-06,81,558,0.14516129032258066,0.028125,0.7873154729360307
azure,databricks,2024-01,75,551,0.13611615245009073,0.026041666666666668,0.9800362976406533
azure,databricks,2024-02,67,514,0.1303501945525292,0.02326388888888889,0.8981066036155121
azure,databricks,2024-03,72,535,0.13457943925233645,0.025,0.8889651033181858
azure,databricks,2024-04,92,552,0.16666666666666666,0.03194444444444444,1.0572687224669604
azure,databricks,2024-05,86,550,0.15636363636363637,0.029861111111111113,0.9540832049306626
azure,databricks,2024-06,86,516,0.16666666666666666,0.029861111111111113,0.9795918367346937
azure,databricks,2024-07,89,530,0.16792452830188678,0.03090277777777778,0.9520130738374684
azure,databricks,2024-08,95,570,0.16666666666666666,0.03298611111111111,0.9125475285171103
azure,databricks,2024-09,115,566,0.20318021201413428,0.03993055555555555,1.0756599459571814
azure,databricks,2024-10,96,532,0.18045112781954886,0.03333333333333333,0.9247317582211757
azure,databricks,2024-11,111,549,0.20218579234972678,0.03854166666666667,1.0039570378745053
azure,databricks,2024-12,110,527,0.20872865275142316,0.03819444444444445,1.0052483610770881
azure,databricks,2025-01,122,552,0.2210144927536232,0.04236111111111111,1.0333145115753812
azure,databricks,2025-02,134,607,0.22075782537067545,0.04652777777777778,1.0028115726617435
azure,databricks,2025-03,121,550,0.22,0.04201388888888889,0.9717791411042945
azure,databricks,2025-04,108,507,0.21301775147928995,0.0375,0.9156583944184403
azure,databricks,2025-05,123,493,0.24949290060851928,0.042708333333333334,1.0443888862682202
azure,databricks,2025-06,153,558,0.27419354838709675,0.053125,1.118523256876542
azure,dbt,2024-01,40,551,0.07259528130671507,0.013888888888888888,0.8041323467820746
azure,dbt,2024-02,45,514,0.08754863813229571,0.015625,0.9304061912214452
azure,dbt,2024-03,48,535,0.08971962616822429,0.016666666666666666,0.9162855438456949
azure,dbt,2024-04,54,552,0.09782608695652174,0.01875,0.9615669980709305
azure,dbt,2024-05,66,550,0.12,0.022916666666666665,1.1368421052631579
azure,dbt,2024-06,40,516,0.07751937984496124,0.013888888888888888,0.7087486157253599
azure,dbt,2024-07,59,530,0.11132075471698114,0.02048611111111111,0.983447158235907
azure,dbt,2024-08,59,570,0.10350877192982456,0.02048611111111111,0.8845853506168984
azure,dbt,2024-09,65,566,0.11484098939929328,0.022569444444444444,0.9504081881320824
azure,dbt,2024-10,72,532,0.13533834586466165,0.025,1.085722663203971
azure,dbt,2024-11,82,549,0.1493624772313297,0.02847222222222222,1.162605228178999
azure,dbt,2024-12,74,527,0.14041745730550284,0.025694444444444443,1.0614232993171868
azure,dbt,2025-01,75,552,0.1358695652173913,0.026041666666666668,0.9982253771073647
azure,dbt,2025-02,89,607,0.14662273476112025,0.03090277777777778,1.0478250027593705
azure,dbt,2025-03,71,550,0.1290909090909091,0.024652777777777777,0.8980237154150198
azure,dbt,2025-04,74,507,0.14595660749506903,0.025694444444444443,0.9890706578489383
azure,dbt,2025-05,73,493,0.14807302231237324,0.025347222222222222,0.9780970281184288
azure,dbt,2025-06,77,558,0.13799283154121864,0.02673611111111111,0.8890813307353683
azure,docker,2024-01,72,551,0.1306715063520871,0.025,0.6867407633102388
azure,docker,2024-02,67,514,0.1303501945525292,0.02326388888888889,0.7508171206225682
azure,docker,2024-03,92,535,0.17196261682242991,0.03194444444444444,0.8553580940390296
azure,docker,2024-04,81,552,0.14673913043478262,0.028125,0.7655954631379962
azure,docker,2024-05,74,550,0.13454545454545455,0.025694444444444443,0.7466106148187074
azure,docker,2024-06,82,516,0.15891472868217055,0.02847222222222222,0.8852503261211822
azure,docker,2024-07,88,530,0.1660377358490566,0.030555555555555555,0.8921430582934384
azure,docker,2024-08,80,570,0.14035087719298245,0.027777777777777776,0.7788256769090356
azure,docker,2024-09,93,566,0.16431095406360424,0.03229166666666667,0.8747052637766732
azure,docker,2024-10,84,532,0.15789473684210525,0.029166666666666667,0.8149405772495755
azure,docker,2024-11,94,549,0.17122040072859745,0.03263888888888889,0.87899243154788
azure,docker,2024-12,66,527,0.1252371916508539,0.022916666666666665,0.7213662239089185
azure,docker,2025-01,98,552,0.17753623188405798,0.034027777777777775,0.8695652173913044
azure,docker,2025-02,95,607,0.15650741350906094,0.03298611111111111,0.8362548254287486
azure,docker,2025-03,80,550,0.14545454545454545,0.027777777777777776,0.8055944055944055
azure,docker,2025-04,71,507,0.14003944773175542,0.024652777777777777,0.7923646551423489
azure,docker,2025-05,83,493,0.16835699797160245,0.028819444444444446,0.8447180386031621
azure,docker,2025-06,100,558,0.17921146953405018,0.034722222222222224,0.9282896263634254
azure,gcp,2024-01,86,551,0.1560798548094374,0.029861111111111113,0.8278268542379
azure,gcp,2024-02,76,514,0.14785992217898833,0.02638888888888889,0.779920468636422
azure,gcp,2024-03,75,535,0.14018691588785046,0.026041666666666668,0.7340696686491078
azure,gcp,2024-04,84,552,0.15217391304347827,0.029166666666666667,0.7939508506616257
azure,gcp,2024-05,81,550,0.14727272727272728,0.028125,0.7840026886237608
azure,gcp,2024-06,69,516,0.13372093023255813,0.023958333333333335,0.711860035249108
azure,gcp,2024-07,84,530,0.15849056603773584,0.029166666666666667,0.9129056603773584
azure,gcp,2024-08,92,570,0.16140350877192983,0.03194444444444444,0.8212758043518691
azure,gcp,2024-09,77,566,0.13604240282685512,0.02673611111111111,0.7255594817432273
azure,gcp,2024-10,77,532,0.14473684210526316,0.02673611111111111,0.8336842105263158
azure,gcp,2024-11,73,549,0.13296903460837886,0.025347222222222222,0.7000929061647736
azure,gcp,2024-12,75,527,0.14231499051233396,0.026041666666666668,0.7689815622430052
azure,gcp,2025-01,84,552,0.15217391304347827,0.029166666666666667,0.814611281719735
azure,gcp,2025-02,84,607,0.13838550247116968,0.029166666666666667,0.7694020214613295
azure,gcp,2025-03,68,550,0.12363636363636364,0.02361111111111111,0.6668028600612871
azure,gcp,2025-04,73,507,0.14398422090729784,0.025347222222222222,0.7943957015575054
azure,gcp,2025-05,72,493,0.1460446247464503,0.025,0.827969526121608
azure,gcp,2025-06,81,558,0.14516129032258066,0.028125,0.7642861355192546
azure,hadoop,2024-01,162,551,0.294010889292196,0.05625,0.9845946060017726
azure,hadoop,2024-02,173,514,0.33657587548638135,0.060069444444444446,1.1792439433099493
azure,hadoop,2024-03,162,535,0.30280373831775703,0.05625,1.1123402632080872
azure,hadoop,2024-04,149,552,0.26992753623188404,0.05173611111111111,1.0420794964448068
azure,hadoop,2024-05,119,550,0.21636363636363637,0.04131944444444444,0.8801232665639446
azure,hadoop,2024-06,129,516,0.25,0.04479166666666667,1.0746268656716418
azure,hadoop,2024-07,116,530,0.2188679245283019,0.04027777777777778,0.9973728206352998
azure,hadoop,2024-08,132,570,0.23157894736842105,0.04583333333333333,1.1228070175438598
azure,hadoop,2024-09,104,566,0.18374558303886926,0.03611111111111111,0.9517756819279558
azure,hadoop,2024-10,78,532,0.14661654135338345,0.027083333333333334,0.8151653264435219
azure,hadoop,2024-11,80,549,0.14571948998178508,0.027777777777777776,0.8743169398907105
azure,hadoop,2024-12,65,527,0.12333965844402277,0.022569444444444444,0.8036611228931799
azure,hadoop,2025-01,72,552,0.13043478260869565,0.025,0.9298321136461472
azure,hadoop,2025-02,79,607,0.1301482701812191,0.027430555555555555,1.0241175358522159
azure,hadoop,2025-03,59,550,0.10727272727272727,0.02048611111111111,0.9419068736141907
azure,hadoop,2025-04,55,507,0.10848126232741617,0.019097222222222224,1.0773311569067536
azure,hadoop,2025-05,42,493,0.08519269776876268,0.014583333333333334,0.9736308316430021
azure,hadoop,2025-06,43,558,0.07706093189964158,0.014930555555555556,1.037081700331625
azure,hive,2024-01,74,551,0.13430127041742287,0.025694444444444443,0.6931678473157309
azure,hive,2024-02,63,514,0.122568093385214,0.021875,0.7003891050583658
azure,hive,2024-03,69,535,0.12897196261682242,0.023958333333333335,0.756495422273826
azure,hive,2024-04,70,552,0.12681159420289856,0.024305555555555556,0.6580493537015276
azure,hive,2024-05,77,550,0.14,0.02673611111111111,0.7621928166351607
azure,hive,2024-06,86,516,0.16666666666666666,0.029861111111111113,0.8261617900172117
azure,hive,2024-07,96,530,0.1811320754716981,0.03333333333333333,0.960700510789117
azure,hive,2024-08,90,570,0.15789473684210525,0.03125,0.8359133126934984
azure,hive,2024-09,85,566,0.1501766784452297,0.029513888888888888,0.8269767379010737
azure,hive,2024-10,78,532,0.14661654135338345,0.027083333333333334,0.8073721588867004
azure,hive,2024-11,76,549,0.1384335154826958,0.02638888888888889,0.73558768374569
azure,hive,2024-12,78,527,0.14800759013282733,0.027083333333333334,0.7893738140417458
azure,hive,2025-01,75,552,0.1358695652173913,0.026041666666666668,0.7179896290386917
azure,hive,2025-02,93,607,0.15321252059308071,0.03229166666666667,0.7950487555100404
azure,hive,2025-03,75,550,0.13636363636363635,0.026041666666666668,0.7313357034027425
azure,hive,2025-04,76,507,0.14990138067061143,0.02638888888888889,0.780679884866837
azure,hive,2025-05,70,493,0.14198782961460446,0.024305555555555556,0.7686559197181595
azure,hive,2025-06,76,558,0.13620071684587814,0.02638888888888889,0.7443227030666586
azure,java,2024-01,99,551,0.17967332123411978,0.034375,1.0008881337606672
azure,java,2024-02,80,514,0.1556420233463035,0.027777777777777776,0.8316308483067794
azure,java,2024-03,85,535,0.1588785046728972,0.029513888888888888,0.8732253691945494
azure,java,2024-04,68,552,0.12318840579710146,0.02361111111111111,0.725526807148573
azure,java,2024-05,74,550,0.13454545454545455,0.025694444444444443,0.6810033551685574
azure,java,2024-06,79,516,0.15310077519379844,0.027430555555555555,0.8479427549194991
azure,java,2024-07,76,530,0.14339622641509434,0.02638888888888889,0.7414382981606313
azure,java,2024-08,80,570,0.14035087719298245,0.027777777777777776,0.6957151915934414
azure,java,2024-09,87,566,0.15371024734982333,0.030208333333333334,0.8034219825181329
azure,java,2024-10,87,532,0.16353383458646617,0.030208333333333334,0.8737985966772218
azure,java,2024-11,67,549,0.122040072859745,0.02326388888888889,0.6557377049180328
azure,java,2024-12,78,527,0.14800759013282733,0.027083333333333334,0.80731412799724
azure,java,2025-01,79,552,0.1431159420289855,0.027430555555555555,0.7675491863007043
azure,java,2025-02,81,607,0.13344316309719934,0.028125,0.7595183986559962
azure,java,2025-03,79,550,0.14363636363636365,0.027430555555555555,0.8001406717074029
azure,java,2025-04,75,507,0.14792899408284024,0.026041666666666668,0.7527129027536748
azure,java,2025-05,85,493,0.1724137931034483,0.029513888888888888,0.9422233854609698
azure,java,2025-06,79,558,0.14157706093189965,0.027430555555555555,0.8253885333681599
azure,kafka,2024-01,76,551,0.13793103448275862,0.02638888888888889,0.7698476343223737
azure,kafka,2024-02,68,514,0.13229571984435798,0.02361111111111111,0.7327147560610596
azure,kafka,2024-03,79,535,0.14766355140186915,0.027430555555555555,0.7860832311227045
azure,kafka,2024-04,91,552,0.16485507246376813,0.03159722222222222,0.8975096572696638
azure,kafka,2024-05,72,550,0.13090909090909092,0.025,0.7113550600343054
azure,kafka,2024-06,81,516,0.1569767441860465,0.028125,0.8546181914098562
azure,kafka,2024-07,70,530,0.1320754716981132,0.024305555555555556,0.7190498270143024
azure,kafka,2024-08,83,570,0.1456140350877193,0.028819444444444446,0.7542597500946612
azure,kafka,2024-09,99,566,0.17491166077738515,0.034375,0.9142388076930477
azure,kafka,2024-10,64,532,0.12030075187969924,0.022222222222222223,0.6392364675526454
azure,kafka,2024-11,81,549,0.14754098360655737,0.028125,0.7854307445228932
azure,kafka,2024-12,85,527,0.16129032258064516,0.029513888888888888,0.8339607343487577
azure,kafka,2025-01,90,552,0.16304347826086957,0.03125,0.8568708346556649
azure,kafka,2025-02,108,607,0.17792421746293247,0.0375,0.8927208123575705
azure,kafka,2025-03,78,550,0.14181818181818182,0.027083333333333334,0.7216190170253775
azure,kafka,2025-04,77,507,0.15187376725838264,0.02673611111111111,0.8427677258268632
azure,kafka,2025-05,81,493,0.1643002028397566,0.028125,0.871426490199814
azure,kafka,2025-06,86,558,0.15412186379928317,0.029861111111111113,0.8454685099846391
azure,kubernetes,2024-01,85,551,0.1542649727767695,0.029513888888888888,0.7780790220614645
azure,kubernetes,2024-02,78,514,0.1517509727626459,0.027083333333333334,0.7960706767876506
azure,kubernetes,2024-03,73,535,0.13644859813084112,0.025347222222222222,0.7119057293783014
azure,kubernetes,2024-04,90,552,0.16304347826086957,0.03125,0.8631713554987213
azure,kubernetes,2024-05,103,550,0.18727272727272729,0.03576388888888889,0.9896246872393663
azure,kubernetes,2024-06,70,516,0.13565891472868216,0.024305555555555556,0.7330162747065753
azure,kubernetes,2024-07,80,530,0.1509433962264151,0.027777777777777776,0.8490566037735848
azure,kubernetes,2024-08,78,570,0.1368421052631579,0.027083333333333334,0.7139588100686499
azure,kubernetes,2024-09,84,566,0.14840989399293286,0.029166666666666667,0.825136090153758
azure,kubernetes,2024-10,85,532,0.15977443609022557,0.029513888888888888,0.8900394118759181
azure,kubernetes,2024-11,94,549,0.17122040072859745,0.03263888888888889,0.937480521099545
azure,kubernetes,2024-12,90,527,0.17077798861480076,0.03125,0.8436374051640243
azure,kubernetes,2025-01,80,552,0.14492753623188406,0.027777777777777776,0.7950310559006212
azure,kubernetes,2025-02,102,607,0.16803953871499178,0.035416666666666666,0.8657493228965587
azure,kubernetes,2025-03,79,550,0.14363636363636365,0.027430555555555555,0.7604278074866311
azure,kubernetes,2025-04,79,507,0.15581854043392504,0.027430555555555555,0.8114961961115806
azure,kubernetes,2025-05,59,493,0.11967545638945233,0.02048611111111111,0.6394532734723983
azure,kubernetes,2025-06,79,558,0.14157706093189965,0.027430555555555555,0.8042247248202583
azure,powerbi,2024-01,67,551,0.12159709618874773,0.02326388888888889,0.6620030945625585
azure,powerbi,2024-02,77,514,0.14980544747081712,0.02673611111111111,0.8186711360834029
azure,powerbi,2024-03,93,535,0.17383177570093458,0.03229166666666667,0.9036742130301292
azure,powerbi,2024-04,75,552,0.1358695652173913,0.026041666666666668,0.7153644384389158
azure,powerbi,2024-05,84,550,0.15272727272727274,0.029166666666666667,0.7840544482255712
azure,powerbi,2024-06,86,516,0.16666666666666666,0.029861111111111113,0.8261617900172117
azure,powerbi,2024-07,76,530,0.14339622641509434,0.02638888888888889,0.7441101478837328
azure,powerbi,2024-08,89,570,0.156140350877193,0.03090277777777778,0.8161237940586494
azure,powerbi,2024-09,83,566,0.14664310954063603,0.028819444444444446,0.7777756086133182
azure,powerbi,2024-10,66,532,0.12406015037593984,0.022916666666666665,0.6937732681217607
azure,powerbi,2024-11,92,549,0.16757741347905283,0.03194444444444444,0.8695909023777877
azure,powerbi,2024-12,72,527,0.1366223908918406,0.025,0.723295010603862
azure,powerbi,2025-01,80,552,0.14492753623188406,0.027777777777777776,0.8184143222506394
azure,powerbi,2025-02,74,607,0.12191103789126853,0.025694444444444443,0.6489903680718176
azure,powerbi,2025-03,81,550,0.14727272727272728,0.028125,0.8063601797442103
azure,powerbi,2025-04,70,507,0.13806706114398423,0.024305555555555556,0.7418528658482735
azure,powerbi,2025-05,85,493,0.1724137931034483,0.029513888888888888,0.8488063660477454
azure,powerbi,2025-06,85,558,0.15232974910394265,0.029513888888888888,0.8756680188011075
azure,python,2024-01,89,551,0.16152450090744103,0.03090277777777778,0.8760650896674766
azure,python,2024-02,82,514,0.15953307392996108,0.02847222222222222,0.8103267247236119
azure,python,2024-03,71,535,0.13271028037383178,0.024652777777777777,0.6961850773709208
azure,python,2024-04,105,552,0.19021739130434784,0.036458333333333336,0.9942397222441413
azure,python,2024-05,98,550,0.1781818181818182,0.034027777777777775,0.9398601398601399
azure,python,2024-06,82,516,0.15891472868217055,0.02847222222222222,0.8619103928524504
azure,python,2024-07,78,530,0.1471698113207547,0.027083333333333334,0.7748611638094581
azure,python,2024-08,82,570,0.14385964912280702,0.02847222222222222,0.786177968640767
azure,python,2024-09,90,566,0.15901060070671377,0.03125,0.8706283840975964
azure,python,2024-10,96,532,0.18045112781954886,0.03333333333333333,0.9214525675891857
azure,python,2024-11,77,549,0.14025500910746813,0.02673611111111111,0.781304499476805
azure,python,2024-12,74,527,0.14041745730550284,0.025694444444444443,0.7393094644238541
azure,python,2025-01,76,552,0.13768115942028986,0.02638888888888889,0.7946327437483663
azure,python,2025-02,92,607,0.1515650741350906,0.03194444444444444,0.7808719382988567
azure,python,2025-03,72,550,0.13090909090909092,0.025,0.7033921302578019
azure,python,2025-04,73,507,0.14398422090729784,0.025347222222222222,0.7622694048033416
azure,python,2025-05,62,493,0.1257606490872211,0.021527777777777778,0.6670178073134378
azure,python,2025-06,69,558,0.12365591397849462,0.023958333333333335,0.6325560075631697
azure,scala,2024-01,87,551,0.15789473684210525,0.030208333333333334,0.8178720181749337
azure,scala,2024-02,61,514,0.11867704280155641,0.021180555555555557,0.6191845711385552
azure,scala,2024-03,86,535,0.16074766355140188,0.029861111111111113,0.8386834620073141
azure,scala,2024-04,67,552,0.1213768115942029,0.02326388888888889,0.6521739130434783
azure,scala,2024-05,85,550,0.15454545454545454,0.029513888888888888,0.8005232177894048
azure,scala,2024-06,75,516,0.14534883720930233,0.026041666666666668,0.770910959784145
azure,scala,2024-07,66,530,0.12452830188679245,0.022916666666666665,0.6678612838621271
azure,scala,2024-08,95,570,0.16666666666666666,0.03298611111111111,0.916030534351145
azure,scala,2024-09,94,566,0.16607773851590105,0.03263888888888889,0.8435694654775926
azure,scala,2024-10,80,532,0.15037593984962405,0.027777777777777776,0.7505766148473436
azure,scala,2024-11,90,549,0.16393442622950818,0.03125,0.8326827998959146
azure,scala,2024-12,74,527,0.14041745730550284,0.025694444444444443,0.7447555746590206
azure,scala,2025-01,77,552,0.13949275362318841,0.02673611111111111,0.7060441659662261
azure,scala,2025-02,87,607,0.14332784184514002,0.030208333333333334,0.7658333664452751
azure,scala,2025-03,80,550,0.14545454545454545,0.027777777777777776,0.7889060092449922
azure,scala,2025-04,86,507,0.16962524654832348,0.029861111111111113,0.8786343706100208
azure,scala,2025-05,68,493,0.13793103448275862,0.02361111111111111,0.7773803900398137
azure,scala,2025-06,68,558,0.12186379928315412,0.02361111111111111,0.664711632453568
azure,snowflake,2024-01,93,551,0.16878402903811252,0.03229166666666667,0.9348038531341616
azure,snowflake,2024-02,89,514,0.17315175097276264,0.03090277777777778,0.9200683446523181
azure,snowflake,2024-03,105,535,0.19626168224299065,0.036458333333333336,1.002187313581229
azure,snowflake,2024-04,101,552,0.18297101449275363,0.035069444444444445,0.8992432111589257
azure,snowflake,2024-05,135,550,0.24545454545454545,0.046875,1.1626794258373205
azure,snowflake,2024-06,96,516,0.18604651162790697,0.03333333333333333,0.8504983388704319
azure,snowflake,2024-07,117,530,0.22075471698113208,0.040625,0.9751128602847552
azure,snowflake,2024-08,132,570,0.23157894736842105,0.04583333333333333,0.9895361549273778
azure,snowflake,2024-09,126,566,0.2226148409893993,0.04375,0.9211648592664798
azure,snowflake,2024-10,144,532,0.2706766917293233,0.05,1.085722663203971
azure,snowflake,2024-11,154,549,0.28051001821493626,0.05347222222222222,1.0917146654851575
azure,snowflake,2024-12,145,527,0.27514231499051234,0.050347222222222224,1.0399079621688656
azure,snowflake,2025-01,154,552,0.27898550724637683,0.05347222222222222,1.0248447204968945
azure,snowflake,2025-02,175,607,0.2883031301482702,0.06076388888888889,1.0301650308027521
azure,snowflake,2025-03,159,550,0.28909090909090907,0.05520833333333333,1.0055335968379446
azure,snowflake,2025-04,158,507,0.3116370808678501,0.05486111111111111,1.055899756352245
azure,snowflake,2025-05,139,493,0.281947261663286,0.04826388888888889,0.9312019651264491
azure,snowflake,2025-06,159,558,0.2849462365591398,0.05520833333333333,0.917947607707296
azure,spark,2024-01,80,551,0.14519056261343014,0.027777777777777776,0.7845193627142191
azure,spark,2024-02,74,514,0.14396887159533073,0.025694444444444443,0.7497836350715235
azure,spark,2024-03,89,535,0.16635514018691588,0.03090277777777778,0.8479695641386155
azure,spark,2024-04,86,552,0.15579710144927536,0.029861111111111113,0.8217869087434305
azure,spark,2024-05,83,550,0.1509090909090909,0.028819444444444446,0.8341999651020765
azure,spark,2024-06,71,516,0.1375968992248062,0.024652777777777777,0.7957411039506864
azure,spark,2024-07,90,530,0.16981132075471697,0.03125,0.9006567288647972
azure,spark,2024-08,103,570,0.18070175438596492,0.03576388888888889,0.9130193905817175
azure,spark,2024-09,92,566,0.1625441696113074,0.03194444444444444,0.8605279567657451
azure,spark,2024-10,87,532,0.16353383458646617,0.030208333333333334,0.8205181944408059
azure,spark,2024-11,81,549,0.14754098360655737,0.028125,0.7601395935364673
azure,spark,2024-12,78,527,0.14800759013282733,0.027083333333333334,0.8474390846571426
azure,spark,2025-01,87,552,0.15760869565217392,0.030208333333333334,0.839025958370168
azure,spark,2025-02,86,607,0.1416803953871499,0.029861111111111113,0.7742685744117491
azure,spark,2025-03,87,550,0.15818181818181817,0.030208333333333334,0.8193590582079789
azure,spark,2025-04,72,507,0.14201183431952663,0.025,0.7673434950098249
azure,spark,2025-05,74,493,0.15010141987829614,0.025694444444444443,0.8050132015819235
azure,spark,2025-06,89,558,0.15949820788530467,0.03090277777777778,0.833674843393244
azure,sql,2024-01,83,551,0.15063520871143377,0.028819444444444446,0.8004232492415669
azure,sql,2024-02,86,514,0.16731517509727625,0.029861111111111113,0.89733278264461
azure,sql,2024-03,84,535,0.15700934579439252,0.029166666666666667,0.8646021336287771
azure,sql,2024-04,83,552,0.1503623188405797,0.028819444444444446,0.8359912707738795
azure,sql,2024-05,85,550,0.15454545454545454,0.029513888888888888,0.8048660200558934
azure,sql,2024-06,77,516,0.14922480620155038,0.02673611111111111,0.7688147439364312
azure,sql,2024-07,78,530,0.1471698113207547,0.027083333333333334,0.7541798160209494
azure,sql,2024-08,75,570,0.13157894736842105,0.026041666666666668,0.7401315789473684
azure,sql,2024-09,86,566,0.1519434628975265,0.029861111111111113,0.7717763194794997
azure,sql,2024-10,79,532,0.14849624060150377,0.027430555555555555,0.8084483420270904
azure,sql,2024-11,77,549,0.14025500910746813,0.02673611111111111,0.7935843344391124
azure,sql,2024-12,77,527,0.1461100569259962,0.02673611111111111,0.7821504906075634
azure,sql,2025-01,92,552,0.16666666666666666,0.03194444444444444,0.9022556390977443
azure,sql,2025-02,85,607,0.1400329489291598,0.029513888888888888,0.7266574647134778
azure,sql,2025-03,89,550,0.1618181818181818,0.03090277777777778,0.8843194755908228
azure,sql,2025-04,85,507,0.16765285996055226,0.029513888888888888,0.8731288186010678
azure,sql,2025-05,78,493,0.15821501014198783,0.027083333333333334,0.8501105022554569
azure,sql,2025-06,78,558,0.13978494623655913,0.027083333333333334,0.735979241611134
azure,tableau,2024-01,86,551,0.1560798548094374,0.029861111111111113,0.8308872122942323
azure,tableau,2024-02,73,514,0.14202334630350194,0.025347222222222222,0.7252255981455419
azure,tableau,2024-03,74,535,0.1383177570093458,0.025694444444444443,0.7336190427015026
azure,tableau,2024-04,72,552,0.13043478260869565,0.025,0.7034684904738642
azure,tableau,2024-05,83,550,0.1509090909090909,0.028819444444444446,0.7989304812834225
azure,tableau,2024-06,80,516,0.15503875968992248,0.027777777777777776,0.8894653942370055
azure,tableau,2024-07,82,530,0.15471698113207547,0.02847222222222222,0.7985392574558734
azure,tableau,2024-08,82,570,0.14385964912280702,0.02847222222222222,0.734602463605823
azure,tableau,2024-09,79,566,0.13957597173144876,0.027430555555555555,0.7928575909005372
azure,tableau,2024-10,66,532,0.12406015037593984,0.022916666666666665,0.6616541353383458
azure,tableau,2024-11,77,549,0.14025500910746813,0.02673611111111111,0.7522056354367006
azure,tableau,2024-12,76,527,0.1442125237191651,0.02638888888888889,0.7443227030666586
azure,tableau,2025-01,66,552,0.11956521739130435,0.022916666666666665,0.6699374048384368
azure,tableau,2025-02,84,607,0.13838550247116968,0.029166666666666667,0.7505654371317677
azure,tableau,2025-03,96,550,0.17454545454545456,0.03333333333333333,0.902497143789783
azure,tableau,2025-04,80,507,0.15779092702169625,0.027777777777777776,0.8100496788279594
azure,tableau,2025-05,56,493,0.11359026369168357,0.019444444444444445,0.6255066145928273
azure,tableau,2025-06,69,558,0.12365591397849462,0.023958333333333335,0.6439946333780552
azure,terraform,2024-01,72,551,0.1306715063520871,0.025,0.7556906391446001
azure,terraform,2024-02,75,514,0.14591439688715954,0.026041666666666668,0.7372516895351219
azure,terraform,2024-03,82,535,0.15327102803738318,0.02847222222222222,0.8040447372452889
azure,terraform,2024-04,84,552,0.15217391304347827,0.029166666666666667,0.7798236113260096
azure,terraform,2024-05,79,550,0.14363636363636365,0.027430555555555555,0.8063795853269538
azure,terraform,2024-06,86,516,0.16666666666666666,0.029861111111111113,0.8275862068965516
azure,terraform,2024-07,74,530,0.13962264150943396,0.025694444444444443,0.7117047921188846
azure,terraform,2024-08,79,570,0.13859649122807016,0.027430555555555555,0.7391812865497075
azure,terraform,2024-09,81,566,0.1431095406360424,0.028125,0.7703840692183216
azure,terraform,2024-10,86,532,0.16165413533834586,0.029861111111111113,0.8298821921112942
azure,terraform,2024-11,72,549,0.13114754098360656,0.025,0.6892425511547207
azure,terraform,2024-12,72,527,0.1366223908918406,0.025,0.738222299753285
azure,terraform,2025-01,86,552,0.15579710144927536,0.029861111111111113,0.838683462007314
azure,terraform,2025-02,93,607,0.15321252059308071,0.03229166666666667,0.8126188937533563
azure,terraform,2025-03,89,550,0.1618181818181818,0.03090277777777778,0.8566844919786096
azure,terraform,2025-04,79,507,0.15581854043392504,0.027430555555555555,0.8646577966275609
azure,terraform,2025-05,80,493,0.16227180527383367,0.027777777777777776,0.8435790599072941
azure,terraform,2025-06,75,558,0.13440860215053763,0.026041666666666668,0.7444168734491314
databricks,airflow,2024-01,74,400,0.185,0.025694444444444443,0.9940298507462686
databricks,airflow,2024-02,79,418,0.18899521531100477,0.027430555555555555,1.056905281739211
databricks,airflow,2024-03,72,436,0.1651376146788991,0.025,0.8973515665570365
databricks,airflow,2024-04,83,454,0.1828193832599119,0.028819444444444446,1.0125381226702812
databricks,airflow,2024-05,76,472,0.16101694915254236,0.02638888888888889,0.9057203389830507
databricks,airflow,2024-06,92,490,0.18775510204081633,0.03194444444444444,0.9921737502340386
databricks,airflow,2024-07,88,508,0.1732283464566929,0.030555555555555555,0.9187801801017966
databricks,airflow,2024-08,84,526,0.1596958174904943,0.029166666666666667,0.9216912913279031
databricks,airflow,2024-09,95,544,0.17463235294117646,0.03298611111111111,0.957983193277311
databricks,airflow,2024-10,121,562,0.21530249110320285,0.04201388888888889,1.0916746027768032
databricks,airflow,2024-11,114,580,0.19655172413793104,0.03958333333333333,1.0660432495616599
databricks,airflow,2024-12,117,598,0.1956521739130435,0.040625,1.0473573622110879
databricks,airflow,2025-01,113,616,0.18344155844155843,0.03923611111111111,0.9236218327127418
databricks,airflow,2025-02,105,634,0.16561514195583596,0.036458333333333336,0.9334082364634199
databricks,airflow,2025-03,110,652,0.1687116564417178,0.03819444444444445,0.8915404964259582
databricks,airflow,2025-04,124,670,0.18507462686567164,0.043055555555555555,1.005688538439876
databricks,airflow,2025-05,130,688,0.18895348837209303,0.04513888888888889,0.9787518822151581
databricks,airflow,2025-06,127,706,0.17988668555240794,0.044097222222222225,0.9593956562795091
databricks,aws,2024-01,83,400,0.2075,0.028819444444444446,1.1514450867052022
databricks,aws,2024-02,89,418,0.21291866028708134,0.03090277777777778,1.0814916078073973
databricks,aws,2024-03,80,436,0.1834862385321101,0.027777777777777776,1.012337867763366
databricks,aws,2024-04,85,454,0.18722466960352424,0.029513888888888888,1.0212254705646777
databricks,aws,2024-05,87,472,0.1843220338983051,0.030208333333333334,1.0111380145278452
databricks,aws,2024-06,92,490,0.18775510204081633,0.03194444444444444,1.0260620377183132
databricks,aws,2024-07,92,508,0.18110236220472442,0.03194444444444444,0.9991854466467555
databricks,aws,2024-08,96,526,0.18250950570342206,0.03333333333333333,1.018657706251658
databricks,aws,2024-09,109,544,0.20036764705882354,0.03784722222222222,1.094988279941958
databricks,aws,2024-10,111,562,0.19750889679715303,0.03854166666666667,1.0437167390381665
databricks,aws,2024-11,90,580,0.15517241379310345,0.03125,0.9214361891219338
databricks,aws,2024-12,109,598,0.18227424749163879,0.03784722222222222,0.9193517211487211
databricks,aws,2025-01,112,616,0.18181818181818182,0.03888888888888889,0.9805924412665986
databricks,aws,2025-02,122,634,0.19242902208201892,0.04236111111111111,1.0516045229529687
databricks,aws,2025-03,103,652,0.1579754601226994,0.03576388888888889,0.8666082383873795
databricks,aws,2025-04,126,670,0.1880597014925373,0.04375,1.0011311280933595
databricks,aws,2025-05,125,688,0.1816860465116279,0.043402777777777776,0.947927199191102
databricks,aws,2025-06,129,706,0.18271954674220964,0.04479166666666667,0.9910212704662217
databricks,azure,2024-01,75,400,0.1875,0.026041666666666668,0.9800362976406535
databricks,azure,2024-02,67,418,0.16028708133971292,0.02326388888888889,0.8981066036155121
databricks,azure,2024-03,72,436,0.1651376146788991,0.025,0.8889651033181858
databricks,azure,2024-04,92,454,0.2026431718061674,0.03194444444444444,1.0572687224669604
databricks,azure,2024-05,86,472,0.18220338983050846,0.029861111111111113,0.9540832049306626
databricks,azure,2024-06,86,490,0.17551020408163265,0.029861111111111113,0.9795918367346939
databricks,azure,2024-07,89,508,0.17519685039370078,0.03090277777777778,0.9520130738374684
databricks,azure,2024-08,95,526,0.1806083650190114,0.03298611111111111,0.9125475285171103
databricks,azure,2024-09,115,544,0.2113970588235294,0.03993055555555555,1.0756599459571814
databricks,azure,2024-10,96,562,0.1708185053380783,0.03333333333333333,0.9247317582211757
databricks,azure,2024-11,111,580,0.19137931034482758,0.03854166666666667,1.0039570378745053
databricks,azure,2024-12,110,598,0.18394648829431437,0.03819444444444445,1.0052483610770881
databricks,azure,2025-01,122,616,0.19805194805194806,0.04236111111111111,1.0333145115753812
databricks,azure,2025-02,134,634,0.2113564668769716,0.04652777777777778,1.0028115726617433
databricks,azure,2025-03,121,652,0.18558282208588958,0.04201388888888889,0.9717791411042946
databricks,azure,2025-04,108,670,0.16119402985074627,0.0375,0.9156583944184403
databricks,azure,2025-05,123,688,0.17877906976744187,0.042708333333333334,1.0443888862682202
databricks,azure,2025-06,153,706,0.21671388101983002,0.053125,1.118523256876542
databricks,docker,2024-01,71,400,0.1775,0.024652777777777777,0.9328467153284672
databricks,docker,2024-02,78,418,0.18660287081339713,0.027083333333333334,1.0748325358851676
databricks,docker,2024-03,92,436,0.21100917431192662,0.03194444444444444,1.0495793126396349
databricks,docker,2024-04,91,454,0.20044052863436124,0.03159722222222222,1.0457766711357976
databricks,docker,2024-05,105,472,0.22245762711864406,0.036458333333333336,1.2344469481728226
databricks,docker,2024-06,100,490,0.20408163265306123,0.034722222222222224,1.1368570639087356
databricks,docker,2024-07,90,508,0.17716535433070865,0.03125,0.9519332471500763
databricks,docker,2024-08,98,526,0.18631178707224336,0.034027777777777775,1.0338688762390382
databricks,docker,2024-09,92,544,0.16911764705882354,0.03194444444444444,0.900293573991519
databricks,docker,2024-10,118,562,0.2099644128113879,0.04097222222222222,1.083687291929744
databricks,docker,2024-11,114,580,0.19655172413793104,0.03958333333333333,1.009035589157293
databricks,docker,2024-12,119,598,0.19899665551839466,0.04131944444444444,1.1462207357859533
databricks,docker,2025-01,129,616,0.20941558441558442,0.04479166666666667,1.0257089848926584
databricks,docker,2025-02,113,634,0.17823343848580442,0.03923611111111111,0.9523419347664503
databricks,docker,2025-03,126,652,0.19325153374233128,0.04375,1.0703161868806041
databricks,docker,2025-04,114,670,0.1701492537313433,0.03958333333333333,0.9627305515643785
databricks,docker,2025-05,129,688,0.1875,0.04479166666666667,0.940766550522648
databricks,docker,2025-06,131,706,0.18555240793201133,0.04548611111111111,0.961134774899627
databricks,gcp,2024-01,71,400,0.1775,0.024652777777777777,0.9414364640883978
databricks,gcp,2024-02,80,418,0.19138755980861244,0.027777777777777776,1.0095167989904832
databricks,gcp,2024-03,80,436,0.1834862385321101,0.027777777777777776,0.9608006672226856
databricks,gcp,2024-04,95,454,0.2092511013215859,0.03298611111111111,1.091744876460448
databricks,gcp,2024-05,86,472,0.18220338983050846,0.029861111111111113,0.969955199097716
databricks,gcp,2024-06,102,490,0.20816326530612245,0.035416666666666666,1.1081519483948847
databricks,gcp,2024-07,84,508,0.16535433070866143,0.029166666666666667,0.9524409448818899
databricks,gcp,2024-08,107,526,0.20342205323193915,0.03715277777777778,1.0350804122049202
databricks,gcp,2024-09,90,544,0.16544117647058823,0.03125,0.8823529411764706
databricks,gcp,2024-10,106,562,0.18861209964412812,0.03680555555555556,1.086405693950178
databricks,gcp,2024-11,99,580,0.1706896551724138,0.034375,0.8986950765933305
databricks,gcp,2024-12,111,598,0.18561872909698995,0.03854166666666667,1.00296799211882
databricks,gcp,2025-01,119,616,0.19318181818181818,0.04131944444444444,1.0341331530922608
databricks,gcp,2025-02,106,634,0.167192429022082,0.03680555555555556,0.9295640841382166
databricks,gcp,2025-03,114,652,0.17484662576687116,0.03958333333333333,0.9429930378437994
databricks,gcp,2025-04,125,670,0.1865671641791045,0.043402777777777776,1.029336078229542
databricks,gcp,2025-05,129,688,0.1875,0.04479166666666667,1.0629921259842519
databricks,gcp,2025-06,114,706,0.16147308781869688,0.03958333333333333,0.85016909125749
databricks,hive,2024-01,81,400,0.2025,0.028125,1.0451612903225806
databricks,hive,2024-02,77,418,0.18421052631578946,0.02673611111111111,1.0526315789473684
databricks,hive,2024-03,74,436,0.16972477064220184,0.025694444444444443,0.995534296231245
databricks,hive,2024-04,77,454,0.1696035242290749,0.02673611111111111,0.8801047743779021
databricks,hive,2024-05,84,472,0.17796610169491525,0.029166666666666667,0.9688891736887635
databricks,hive,2024-06,102,490,0.20816326530612245,0.035416666666666666,1.0318592152868031
databricks,hive,2024-07,94,508,0.18503937007874016,0.03263888888888889,0.9814242832905555
databricks,hive,2024-08,107,526,0.20342205323193915,0.03715277777777778,1.0769402818161484
databricks,hive,2024-09,96,544,0.17647058823529413,0.03333333333333333,0.9717692048138568
databricks,hive,2024-10,98,562,0.17437722419928825,0.034027777777777775,0.9602416934874765
databricks,hive,2024-11,112,580,0.19310344827586207,0.03888888888888889,1.0260847436060567
databricks,hive,2024-12,110,598,0.18394648829431437,0.03819444444444445,0.9810479375696767
databricks,hive,2025-01,134,616,0.21753246753246752,0.04652777777777778,1.149529369712856
databricks,hive,2025-02,109,634,0.1719242902208202,0.03784722222222222,0.8921476681729048
databricks,hive,2025-03,123,652,0.18865030674846625,0.042708333333333334,1.011755835075573
databricks,hive,2025-04,143,670,0.21343283582089553,0.049652777777777775,1.1115489460473402
databricks,hive,2025-05,122,688,0.17732558139534885,0.04236111111111111,0.9599580346214374
databricks,hive,2025-06,123,706,0.17422096317280453,0.042708333333333334,0.9520993812859148
databricks,java,2024-01,72,400,0.18,0.025,1.0027079303675048
databricks,java,2024-02,81,418,0.1937799043062201,0.028125,1.0354102493542001
databricks,java,2024-03,79,436,0.1811926605504587,0.027430555555555555,0.9958680579872541
databricks,java,2024-04,98,454,0.21585903083700442,0.034027777777777775,1.271316991432664
databricks,java,2024-05,118,472,0.25,0.04097222222222222,1.265377855887522
databricks,java,2024-06,83,490,0.16938775510204082,0.028819444444444446,0.9381475667189954
databricks,java,2024-07,83,508,0.16338582677165353,0.028819444444444446,0.844795657275336
databricks,java,2024-08,113,526,0.21482889733840305,0.03923611111111111,1.0649005582351132
databricks,java,2024-09,110,544,0.20220588235294118,0.03819444444444445,1.0569018896124693
databricks,java,2024-10,95,562,0.16903914590747332,0.03298611111111111,0.9032147313794493
databricks,java,2024-11,114,580,0.19655172413793104,0.03958333333333333,1.05609881626351
databricks,java,2024-12,110,598,0.18394648829431437,0.03819444444444445,1.0033444816053512
databricks,java,2025-01,115,616,0.18668831168831168,0.03993055555555555,1.0012334034680404
databricks,java,2025-02,104,634,0.1640378548895899,0.03611111111111111,0.9336541938379822
databricks,java,2025-03,118,652,0.18098159509202455,0.04097222222222222,1.0081760036074094
databricks,java,2025-04,125,670,0.1865671641791045,0.043402777777777776,0.94931701914456
databricks,java,2025-05,125,688,0.1816860465116279,0.043402777777777776,0.9928952826441905
databricks,java,2025-06,131,706,0.18555240793201133,0.04548611111111111,1.0817630260003899
databricks,kafka,2024-01,67,400,0.1675,0.02326388888888889,0.9348837209302326
databricks,kafka,2024-02,59,418,0.14114832535885166,0.02048611111111111,0.7817445712182554
databricks,kafka,2024-03,78,436,0.17889908256880735,0.027083333333333334,0.9523648018450372
databricks,kafka,2024-04,89,454,0.1960352422907489,0.03090277777777778,1.0672618105810148
databricks,kafka,2024-05,83,472,0.17584745762711865,0.028819444444444446,0.9555484489926447
databricks,kafka,2024-06,84,490,0.17142857142857143,0.029166666666666667,0.9332973264920335
databricks,kafka,2024-07,100,508,0.1968503937007874,0.034722222222222224,1.0716996859324532
databricks,kafka,2024-08,97,526,0.1844106463878327,0.033680555555555554,0.9552206143830182
databricks,kafka,2024-09,100,544,0.18382352941176472,0.034722222222222224,0.9608198996476995
databricks,kafka,2024-10,104,562,0.18505338078291814,0.03611111111111111,0.9833094772228861
databricks,kafka,2024-11,113,580,0.19482758620689655,0.03923611111111111,1.0371597934858818
databricks,kafka,2024-12,130,598,0.21739130434782608,0.04513888888888889,1.1240340332526735
databricks,kafka,2025-01,110,616,0.17857142857142858,0.03819444444444445,0.9384775808133473
databricks,kafka,2025-02,125,634,0.1971608832807571,0.043402777777777776,0.9892392749975268
databricks,kafka,2025-03,122,652,0.18711656441717792,0.04236111111111111,0.9521125539248629
databricks,kafka,2025-04,122,670,0.18208955223880596,0.04236111111111111,1.0104391338107153
databricks,kafka,2025-05,133,688,0.1933139534883721,0.04618055555555556,1.0253115765129128
databricks,kafka,2025-06,142,706,0.20113314447592068,0.049305555555555554,1.1033589639821935
databricks,kubernetes,2024-01,78,400,0.195,0.027083333333333334,0.98353765323993
databricks,kubernetes,2024-02,78,418,0.18660287081339713,0.027083333333333334,0.9789003059063457
databricks,kubernetes,2024-03,77,436,0.17660550458715596,0.02673611111111111,0.9214200239329875
databricks,kubernetes,2024-04,82,454,0.18061674008810572,0.02847222222222222,0.9562062710546774
databricks,kubernetes,2024-05,95,472,0.20127118644067796,0.03298611111111111,1.0635981962369772
databricks,kubernetes,2024-06,87,490,0.17755102040816326,0.030208333333333334,0.9593751196538652
databricks,kubernetes,2024-07,80,508,0.15748031496062992,0.027777777777777776,0.8858267716535433
databricks,kubernetes,2024-08,111,526,0.21102661596958175,0.03854166666666667,1.1010084311456438
databricks,kubernetes,2024-09,97,544,0.17830882352941177,0.033680555555555554,0.9913695207812855
databricks,kubernetes,2024-10,100,562,0.17793594306049823,0.034722222222222224,0.9912098955787909
databricks,kubernetes,2024-11,110,580,0.1896551724137931,0.03819444444444445,1.03841615314016
databricks,kubernetes,2024-12,129,598,0.2157190635451505,0.04479166666666667,1.0656447736021157
databricks,kubernetes,2025-01,114,616,0.18506493506493507,0.03958333333333333,1.015213358070501
databricks,kubernetes,2025-02,110,634,0.17350157728706625,0.03819444444444445,0.8938900582947241
databricks,kubernetes,2025-03,113,652,0.17331288343558282,0.03923611111111111,0.9175387946589679
databricks,kubernetes,2025-04,121,670,0.18059701492537314,0.04201388888888889,0.9405414158862109
databricks,kubernetes,2025-05,142,688,0.2063953488372093,0.049305555555555554,1.1028174483323985
databricks,kubernetes,2025-06,125,706,0.17705382436260622,0.043402777777777776,1.00574953484084
databricks,powerbi,2024-01,75,400,0.1875,0.026041666666666668,1.0207939508506616
databricks,powerbi,2024-02,90,418,0.215311004784689,0.03125,1.1766521703603499
databricks,powerbi,2024-03,85,436,0.19495412844036697,0.029513888888888888,1.013479945682774
databricks,powerbi,2024-04,85,454,0.18722466960352424,0.029513888888888888,0.9857532878576779
databricks,powerbi,2024-05,98,472,0.2076271186440678,0.034027777777777775,1.065893229402701
databricks,powerbi,2024-06,104,490,0.21224489795918366,0.03611111111111111,1.0520917489198778
databricks,powerbi,2024-07,95,508,0.18700787401574803,0.03298611111111111,0.9704192381357736
databricks,powerbi,2024-08,93,526,0.17680608365019013,0.03229166666666667,0.9241406913113387
databricks,powerbi,2024-09,131,544,0.24080882352941177,0.04548611111111111,1.2772180695482613
databricks,powerbi,2024-10,91,562,0.1619217081850534,0.03159722222222222,0.9055039215008811
databricks,powerbi,2024-11,112,580,0.19310344827586207,0.03888888888888889,1.0020503261882572
databricks,powerbi,2024-12,115,598,0.19230769230769232,0.03993055555555555,1.0180995475113124
databricks,powerbi,2025-01,113,616,0.18344155844155843,0.03923611111111111,1.0359052711993888
databricks,powerbi,2025-02,123,634,0.19400630914826497,0.042708333333333334,1.0327877455582313
databricks,powerbi,2025-03,123,652,0.18865030674846625,0.042708333333333334,1.0329142270638456
databricks,powerbi,2025-04,124,670,0.18507462686567164,0.043055555555555555,0.9944308309200267
databricks,powerbi,2025-05,124,688,0.18023255813953487,0.043055555555555555,0.887298747763864
databricks,powerbi,2025-06,138,706,0.1954674220963173,0.04791666666666667,1.1236450611524826
databricks,python,2024-01,78,400,0.195,0.027083333333333334,1.0576271186440678
databricks,python,2024-02,69,418,0.16507177033492823,0.023958333333333335,0.8384597858282069
databricks,python,2024-03,79,436,0.1811926605504587,0.027430555555555555,0.9505188750187998
databricks,python,2024-04,93,454,0.20484581497797358,0.03229166666666667,1.0707004485237095
databricks,python,2024-05,85,472,0.18008474576271186,0.029513888888888888,0.9498975600670516
databricks,python,2024-06,82,490,0.1673469387755102,0.02847222222222222,0.9076444136976825
databricks,python,2024-07,103,508,0.20275590551181102,0.03576388888888889,1.067526522621601
databricks,python,2024-08,101,526,0.1920152091254753,0.035069444444444445,1.0493430783327682
databricks,python,2024-09,95,544,0.17463235294117646,0.03298611111111111,0.9561619324535898
databricks,python,2024-10,94,562,0.16725978647686832,0.03263888888888889,0.8540925266903914
databricks,python,2024-11,110,580,0.1896551724137931,0.03819444444444445,1.0564930300807043
databricks,python,2024-12,117,598,0.1956521739130435,0.040625,1.0301247913520388
databricks,python,2025-01,100,616,0.16233766233766234,0.034722222222222224,0.9369388126903158
databricks,python,2025-02,131,634,0.20662460567823343,0.04548611111111111,1.064541796696444
databricks,python,2025-03,114,652,0.17484662576687116,0.03958333333333333,0.9394744071055763
databricks,python,2025-04,131,670,0.19552238805970149,0.04548611111111111,1.035118525021949
databricks,python,2025-05,141,688,0.20494186046511628,0.04895833333333333,1.0869844532956443
databricks,python,2025-06,148,706,0.2096317280453258,0.05138888888888889,1.0723612376030875
databricks,scala,2024-01,73,400,0.1825,0.025347222222222222,0.9453237410071942
databricks,scala,2024-02,86,418,0.20574162679425836,0.029861111111111113,1.0734345745787393
databricks,scala,2024-03,100,436,0.22935779816513763,0.034722222222222224,1.1966493817311528
databricks,scala,2024-04,73,454,0.16079295154185022,0.025347222222222222,0.8639621276875534
databricks,scala,2024-05,98,472,0.2076271186440678,0.034027777777777775,1.0754786001707108
databricks,scala,2024-06,89,490,0.1816326530612245,0.03090277777777778,0.963355507949036
databricks,scala,2024-07,97,508,0.19094488188976377,0.033680555555555554,1.0240619363920291
databricks,scala,2024-08,93,526,0.17680608365019013,0.03229166666666667,0.9717586276957015
databricks,scala,2024-09,97,544,0.17830882352941177,0.033680555555555554,0.9056956115779645
databricks,scala,2024-10,116,562,0.20640569395017794,0.04027777777777778,1.0302398588847703
databricks,scala,2024-11,109,580,0.1879310344827586,0.03784722222222222,0.9545703338806787
databricks,scala,2024-12,110,598,0.18394648829431437,0.03819444444444445,0.975627783218463
databricks,scala,2025-01,119,616,0.19318181818181818,0.04131944444444444,0.9777919795494489
databricks,scala,2025-02,118,634,0.1861198738170347,0.04097222222222222,0.9944809584286827
databricks,scala,2025-03,135,652,0.20705521472392638,0.046875,1.1230113340958718
databricks,scala,2025-04,133,670,0.19850746268656716,0.04618055555555556,1.0282400944915708
databricks,scala,2025-05,115,688,0.16715116279069767,0.03993055555555555,0.9420652619123469
databricks,scala,2025-06,121,706,0.17138810198300283,0.04201388888888889,0.934844192634561
databricks,spark,2024-01,73,400,0.1825,0.025347222222222222,0.9861163227016885
databricks,spark,2024-02,82,418,0.19617224880382775,0.02847222222222222,1.021656557965685
databricks,spark,2024-03,94,436,0.21559633027522937,0.03263888888888889,1.098968904765771
databricks,spark,2024-04,87,454,0.19162995594713655,0.030208333333333334,1.0107953720288523
databricks,spark,2024-05,88,472,0.1864406779661017,0.030555555555555555,1.0306125768567618
databricks,spark,2024-06,95,490,0.19387755102040816,0.03298611111111111,1.121219572166216
databricks,spark,2024-07,119,508,0.234251968503937,0.04131944444444444,1.2424413799103842
databricks,spark,2024-08,110,526,0.20912547528517111,0.03819444444444445,1.056633980388233
databricks,spark,2024-09,105,544,0.19301470588235295,0.036458333333333336,1.0218425605536332
databricks,spark,2024-10,114,562,0.20284697508896798,0.03958333333333333,1.0177687948714769
databricks,spark,2024-11,114,580,0.19655172413793104,0.03958333333333333,1.0126457343778916
databricks,spark,2024-12,99,598,0.16555183946488294,0.034375,0.9478912478307414
databricks,spark,2025-01,111,616,0.18019480519480519,0.03854166666666667,0.9592625489113474
databricks,spark,2025-02,126,634,0.19873817034700317,0.04375,1.086083359771099
databricks,spark,2025-03,151,652,0.23159509202453987,0.05243055555555556,1.1996292536522928
databricks,spark,2025-04,127,670,0.18955223880597014,0.044097222222222225,1.0242222284450169
databricks,spark,2025-05,129,688,0.1875,0.04479166666666667,1.005586592178771
databricks,spark,2025-06,133,706,0.18838526912181303,0.04618055555555556,0.9846634756276254
databricks,sql,2024-01,72,400,0.18,0.025,0.9564575645756457
databricks,sql,2024-02,70,418,0.1674641148325359,0.024305555555555556,0.8981315655823154
databricks,sql,2024-03,72,436,0.1651376146788991,0.025,0.9093620081744348
databricks,sql,2024-04,65,454,0.14317180616740088,0.022569444444444444,0.796013130814893
databricks,sql,2024-05,79,472,0.1673728813559322,0.027430555555555555,0.8716707021791766
databricks,sql,2024-06,86,490,0.17551020408163265,0.029861111111111113,0.9042386185243327
databricks,sql,2024-07,89,508,0.17519685039370078,0.03090277777777778,0.8978059237257264
databricks,sql,2024-08,98,526,0.18631178707224336,0.034027777777777775,1.048003802281369
databricks,sql,2024-09,127,544,0.23345588235294118,0.044097222222222225,1.1858076563958917
databricks,sql,2024-10,98,562,0.17437722419928825,0.034027777777777775,0.9493504833534029
databricks,sql,2024-11,110,580,0.1896551724137931,0.03819444444444445,1.073098028588849
databricks,sql,2024-12,116,598,0.1939799331103679,0.04027777777777778,1.0384055898844973
databricks,sql,2025-01,116,616,0.18831168831168832,0.04027777777777778,1.0194316961234253
databricks,sql,2025-02,133,634,0.20977917981072555,0.04618055555555556,1.088583851990792
databricks,sql,2025-03,133,652,0.20398773006134968,0.04618055555555556,1.1147716557432392
databricks,sql,2025-04,109,670,0.1626865671641791,0.03784722222222222,0.8472645812528675
databricks,sql,2025-05,129,688,0.1875,0.04479166666666667,1.007462686567164
databricks,sql,2025-06,136,706,0.19263456090651557,0.04722222222222222,1.0142368106229704
databricks,tableau,2024-01,74,400,0.185,0.025694444444444443,0.9848428835489833
databricks,tableau,2024-02,80,418,0.19138755980861244,0.027777777777777776,0.9772981777461061
databricks,tableau,2024-03,78,436,0.17889908256880735,0.027083333333333334,0.9488570125196412
databricks,tableau,2024-04,89,454,0.1960352422907489,0.03090277777777778,1.0572687224669604
databricks,tableau,2024-05,101,472,0.21398305084745764,0.035069444444444445,1.132851445663011
databricks,tableau,2024-06,86,490,0.17551020408163265,0.029861111111111113,1.006911130986259
databricks,tableau,2024-07,92,508,0.18110236220472442,0.03194444444444444,0.9347218694437389
databricks,tableau,2024-08,118,526,0.22433460076045628,0.04097222222222222,1.1455383868619045
databricks,tableau,2024-09,98,544,0.1801470588235294,0.034027777777777775,1.0233205708318829
databricks,tableau,2024-10,99,562,0.17615658362989323,0.034375,0.9395017793594306
databricks,tableau,2024-11,99,580,0.1706896551724138,0.034375,0.9154305528799846
databricks,tableau,2024-12,114,598,0.19063545150501673,0.03958333333333333,0.9839249109936348
databricks,tableau,2025-01,105,616,0.17045454545454544,0.036458333333333336,0.9550760523523169
databricks,tableau,2025-02,141,634,0.222397476340694,0.04895833333333333,1.2062236004918996
databricks,tableau,2025-03,129,652,0.19785276073619631,0.04479166666666667,1.0230088885462214
databricks,tableau,2025-04,138,670,0.20597014925373133,0.04791666666666667,1.0573868624790486
databricks,tableau,2025-05,131,688,0.19040697674418605,0.04548611111111111,1.048512606163013
databricks,tableau,2025-06,142,706,0.20113314447592068,0.049305555555555554,1.0474926873248671
databricks,terraform,2024-01,65,400,0.1625,0.022569444444444444,0.9397590361445783
databricks,terraform,2024-02,71,418,0.16985645933014354,0.024652777777777777,0.8582221102996727
databricks,terraform,2024-03,77,436,0.17660550458715596,0.02673611111111111,0.9264551060309821
databricks,terraform,2024-04,79,454,0.17400881057268722,0.027430555555555555,0.8917177481304968
databricks,terraform,2024-05,86,472,0.18220338983050846,0.029861111111111113,1.022896223609872
databricks,terraform,2024-06,90,490,0.1836734693877551,0.03125,0.912033779028853
databricks,terraform,2024-07,108,508,0.2125984251968504,0.0375,1.0836875479060692
databricks,terraform,2024-08,108,526,0.20532319391634982,0.0375,1.0950570342205324
databricks,terraform,2024-09,94,544,0.17279411764705882,0.03263888888888889,0.9301814183617372
databricks,terraform,2024-10,113,562,0.20106761565836298,0.03923611111111111,1.0322187755723446
databricks,terraform,2024-11,105,580,0.1810344827586207,0.036458333333333336,0.9514220991693935
databricks,terraform,2024-12,108,598,0.1806020066889632,0.0375,0.9758607490885816
databricks,terraform,2025-01,115,616,0.18668831168831168,0.03993055555555555,1.0049763320791358
databricks,terraform,2025-02,117,634,0.18454258675078863,0.040625,0.9787894103909232
databricks,terraform,2025-03,125,652,0.19171779141104295,0.043402777777777776,1.0149765427643451
databricks,terraform,2025-04,124,670,0.18507462686567164,0.043055555555555555,1.0270037097748252
databricks,terraform,2025-05,127,688,0.18459302325581395,0.044097222222222225,0.9596171606078414
databricks,terraform,2025-06,120,706,0.16997167138810199,0.041666666666666664,0.9413815646110264
dbt,airflow,2024-01,42,260,0.16153846153846155,0.014583333333333334,0.8679678530424799
dbt,airflow,2024-02,49,271,0.18081180811808117,0.017013888888888887,1.0111417619030558
dbt,airflow,2024-03,61,282,0.21631205673758866,0.021180555555555557,1.1754315535929345
dbt,airflow,2024-04,54,293,0.18430034129692832,0.01875,1.0207403517983722
dbt,airflow,2024-05,48,304,0.15789473684210525,0.016666666666666666,0.888157894736842
dbt,airflow,2024-06,66,315,0.20952380952380953,0.022916666666666665,1.107208387942333
dbt,airflow,2024-07,68,326,0.2085889570552147,0.02361111111111111,1.1063281700166085
dbt,airflow,2024-08,61,337,0.18100890207715134,0.021180555555555557,1.0447006773190297
dbt,airflow,2024-09,61,348,0.1752873563218391,0.021180555555555557,0.9615763546798031
dbt,airflow,2024-10,67,359,0.18662952646239556,0.02326388888888889,0.946290556710738
dbt,airflow,2024-11,63,370,0.17027027027027028,0.021875,0.9234997709573981
dbt,airflow,2024-12,68,381,0.1784776902887139,0.02361111111111111,0.9554196060064982
dbt,airflow,2025-01,83,392,0.21173469387755103,0.028819444444444446,1.0660767803624949
dbt,airflow,2025-02,68,403,0.1687344913151365,0.02361111111111111,0.9509889138700451
dbt,airflow,2025-03,68,414,0.1642512077294686,0.02361111111111111,0.8679696848823295
dbt,airflow,2025-04,71,425,0.16705882352941176,0.024652777777777777,0.9077913429522751
dbt,airflow,2025-05,92,436,0.21100917431192662,0.03194444444444444,1.0929971619035048
dbt,airflow,2025-06,83,447,0.18568232662192394,0.028819444444444446,0.9903057419835943
dbt,aws,2024-01,38,260,0.14615384615384616,0.013194444444444444,0.8110271231658516
dbt,aws,2024-02,53,271,0.19557195571955718,0.01840277777777778,0.9933813623850524
dbt,aws,2024-03,62,282,0.2198581560283688,0.021527777777777778,1.2130105160185864
dbt,aws,2024-04,50,293,0.17064846416382254,0.017361111111111112,0.9308098045299412
dbt,aws,2024-05,54,304,0.17763157894736842,0.01875,0.974436090225564
dbt,aws,2024-06,53,315,0.16825396825396827,0.01840277777777778,0.9194903767958797
dbt,aws,2024-07,63,326,0.19325153374233128,0.021875,1.0662153585783796
dbt,aws,2024-08,46,337,0.13649851632047477,0.01597222222222222,0.7618521841142778
dbt,aws,2024-09,64,348,0.1839080459770115,0.022222222222222223,1.0050382778250344
dbt,aws,2024-10,59,359,0.16434540389972144,0.02048611111111111,0.8684674554700876
dbt,aws,2024-11,63,370,0.17027027027027028,0.021875,1.0110894399554193
dbt,aws,2024-12,75,381,0.1968503937007874,0.026041666666666668,0.992870637229891
dbt,aws,2025-01,69,392,0.1760204081632653,0.023958333333333335,0.9493235496445769
dbt,aws,2025-02,74,403,0.18362282878411912,0.025694444444444443,1.0034795956323779
dbt,aws,2025-03,87,414,0.21014492753623187,0.030208333333333334,1.1527950310559005
dbt,aws,2025-04,77,425,0.1811764705882353,0.02673611111111111,0.9644884201370012
dbt,aws,2025-05,84,436,0.1926605504587156,0.029166666666666667,1.0051854806541682
dbt,aws,2025-06,96,447,0.21476510067114093,0.03333333333333333,1.1648276646570355
dbt,azure,2024-01,40,260,0.15384615384615385,0.013888888888888888,0.8041323467820747
dbt,azure,2024-02,45,271,0.16605166051660517,0.015625,0.9304061912214453
dbt,azure,2024-03,48,282,0.1702127659574468,0.016666666666666666,0.9162855438456949
dbt,azure,2024-04,54,293,0.18430034129692832,0.01875,0.9615669980709303
dbt,azure,2024-05,66,304,0.21710526315789475,0.022916666666666665,1.136842105263158
dbt,azure,2024-06,40,315,0.12698412698412698,0.013888888888888888,0.7087486157253599
dbt,azure,2024-07,59,326,0.18098159509202455,0.02048611111111111,0.9834471582359069
dbt,azure,2024-08,59,337,0.17507418397626112,0.02048611111111111,0.8845853506168984
dbt,azure,2024-09,65,348,0.1867816091954023,0.022569444444444444,0.9504081881320824
dbt,azure,2024-10,72,359,0.20055710306406685,0.025,1.085722663203971
dbt,azure,2024-11,82,370,0.22162162162162163,0.02847222222222222,1.1626052281789987
dbt,azure,2024-12,74,381,0.1942257217847769,0.025694444444444443,1.0614232993171868
dbt,azure,2025-01,75,392,0.1913265306122449,0.026041666666666668,0.9982253771073646
dbt,azure,2025-02,89,403,0.22084367245657568,0.03090277777777778,1.0478250027593705
dbt,azure,2025-03,71,414,0.17149758454106281,0.024652777777777777,0.8980237154150199
dbt,azure,2025-04,74,425,0.17411764705882352,0.025694444444444443,0.9890706578489382
dbt,azure,2025-05,73,436,0.16743119266055045,0.025347222222222222,0.9780970281184286
dbt,azure,2025-06,77,447,0.17225950782997762,0.02673611111111111,0.8890813307353683
dbt,docker,2024-01,46,260,0.17692307692307693,0.01597222222222222,0.9298147108366087
dbt,docker,2024-02,44,271,0.16236162361623616,0.015277777777777777,0.9352029520295203
dbt,docker,2024-03,52,282,0.18439716312056736,0.018055555555555554,0.9172086870245838
dbt,docker,2024-04,67,293,0.22866894197952217,0.02326388888888889,1.1930553494583764
dbt,docker,2024-05,57,304,0.1875,0.019791666666666666,1.0404624277456647
dbt,docker,2024-06,55,315,0.1746031746031746,0.019097222222222224,0.972644376899696
dbt,docker,2024-07,66,326,0.20245398773006135,0.022916666666666665,1.0878124713854043
dbt,docker,2024-08,58,337,0.17210682492581603,0.02013888888888889,0.955043652767534
dbt,docker,2024-09,70,348,0.20114942528735633,0.024305555555555556,1.070813946076869
dbt,docker,2024-10,73,359,0.20334261838440112,0.025347222222222222,1.0495102884356187
dbt,docker,2024-11,74,370,0.2,0.025694444444444443,1.0267379679144386
dbt,docker,2024-12,63,381,0.16535433070866143,0.021875,0.9524409448818899
dbt,docker,2025-01,85,392,0.21683673469387754,0.029513888888888888,1.062057476051645
dbt,docker,2025-02,82,403,0.20347394540942929,0.02847222222222222,1.0872077231524235
dbt,docker,2025-03,76,414,0.18357487922705315,0.02638888888888889,1.0167224080267558
dbt,docker,2025-04,83,425,0.1952941176470588,0.028819444444444446,1.1050040448399399
dbt,docker,2025-05,80,436,0.1834862385321101,0.027777777777777776,0.9206278170252213
dbt,docker,2025-06,84,447,0.18791946308724833,0.029166666666666667,0.973395780020279
dbt,gcp,2024-01,54,260,0.2076923076923077,0.01875,1.101572460688483
dbt,gcp,2024-02,47,271,0.17343173431734318,0.016319444444444445,0.9148047524431289
dbt,gcp,2024-03,47,282,0.16666666666666666,0.016319444444444445,0.8727272727272727
dbt,gcp,2024-04,54,293,0.18430034129692832,0.01875,0.9615669980709303
dbt,gcp,2024-05,49,304,0.1611842105263158,0.017013888888888887,0.8580601225800175
dbt,gcp,2024-06,59,315,0.1873015873015873,0.02048611111111111,0.9970953261156589
dbt,gcp,2024-07,65,326,0.19938650306748465,0.022569444444444444,1.1484662576687117
dbt,gcp,2024-08,75,337,0.22255192878338279,0.026041666666666668,1.1324197082970715
dbt,gcp,2024-09,76,348,0.21839080459770116,0.02638888888888889,1.1647509578544062
dbt,gcp,2024-10,54,359,0.15041782729805014,0.01875,0.8664066852367689
dbt,gcp,2024-11,83,370,0.22432432432432434,0.028819444444444446,1.181086022036662
dbt,gcp,2024-12,65,381,0.17060367454068243,0.022569444444444444,0.9218359900134434
dbt,gcp,2025-01,75,392,0.1913265306122449,0.026041666666666668,1.024201502162203
dbt,gcp,2025-02,62,403,0.15384615384615385,0.021527777777777778,0.8553608553608554
dbt,gcp,2025-03,76,414,0.18357487922705315,0.02638888888888889,0.9900667643706237
dbt,gcp,2025-04,82,425,0.19294117647058823,0.02847222222222222,1.0645030425963489
dbt,gcp,2025-05,74,436,0.16972477064220184,0.025694444444444443,0.9622191721447663
dbt,gcp,2025-06,108,447,0.24161073825503357,0.0375,1.2721004134817124
dbt,hive,2024-01,60,260,0.23076923076923078,0.020833333333333332,1.1910669975186106
dbt,hive,2024-02,53,271,0.19557195571955718,0.01840277777777778,1.1175540326831839
dbt,hive,2024-03,49,282,0.17375886524822695,0.017013888888888887,1.019196602677991
dbt,hive,2024-04,54,293,0.18430034129692832,0.01875,0.9563693386218983
dbt,hive,2024-05,63,304,0.20723684210526316,0.021875,1.128245945677047
dbt,hive,2024-06,54,315,0.17142857142857143,0.01875,0.849766412589132
dbt,hive,2024-07,53,326,0.16257668711656442,0.01840277777777778,0.8622851913364743
dbt,hive,2024-08,62,337,0.18397626112759644,0.021527777777777778,0.9739919706755106
dbt,hive,2024-09,69,348,0.19827586206896552,0.023958333333333335,1.0918441352937298
dbt,hive,2024-10,65,359,0.181058495821727,0.022569444444444444,0.9970333995536784
dbt,hive,2024-11,54,370,0.14594594594594595,0.01875,0.7755061334397129
dbt,hive,2024-12,75,381,0.1968503937007874,0.026041666666666668,1.0498687664041995
dbt,hive,2025-01,76,392,0.19387755102040816,0.02638888888888889,1.0245272420894964
dbt,hive,2025-02,74,403,0.18362282878411912,0.025694444444444443,0.9528535980148883
dbt,hive,2025-03,87,414,0.21014492753623187,0.030208333333333334,1.127034248239009
dbt,hive,2025-04,76,425,0.17882352941176471,0.02638888888888889,0.9313051802999681
dbt,hive,2025-05,80,436,0.1834862385321101,0.027777777777777776,0.993308960474581
dbt,hive,2025-06,75,447,0.16778523489932887,0.026041666666666668,0.9169287979318163
dbt,java,2024-01,43,260,0.16538461538461538,0.014930555555555556,0.9212914744829638
dbt,java,2024-02,51,271,0.1881918819188192,0.017708333333333333,1.0055521705495347
dbt,java,2024-03,47,282,0.16666666666666666,0.016319444444444445,0.916030534351145
dbt,java,2024-04,57,293,0.1945392491467577,0.019791666666666666,1.145752633011579
dbt,java,2024-05,66,304,0.21710526315789475,0.022916666666666665,1.0988807695865324
dbt,java,2024-06,60,315,0.19047619047619047,0.020833333333333332,1.054945054945055
dbt,java,2024-07,68,326,0.2085889570552147,0.02361111111111111,1.0785209987774118
dbt,java,2024-08,59,337,0.17507418397626112,0.02048611111111111,0.8678376073177831
dbt,java,2024-09,75,348,0.21551724137931033,0.026041666666666668,1.1264785030352338
dbt,java,2024-10,70,359,0.19498607242339833,0.024305555555555556,1.0418550808522953
dbt,java,2024-11,66,370,0.1783783783783784,0.022916666666666665,0.9584509883017346
dbt,java,2024-12,63,381,0.16535433070866143,0.021875,0.9019327129563351
dbt,java,2025-01,81,392,0.2066326530612245,0.028125,1.1081974689317067
dbt,java,2025-02,79,403,0.19602977667493796,0.027430555555555555,1.1157426024186192
dbt,java,2025-03,72,414,0.17391304347826086,0.025,0.9687999327222269
dbt,java,2025-04,75,425,0.17647058823529413,0.026041666666666668,0.8979422157555602
dbt,java,2025-05,67,436,0.1536697247706422,0.02326388888888889,0.8397890082342496
dbt,java,2025-06,73,447,0.16331096196868009,0.025347222222222222,0.9520962964975681
dbt,kafka,2024-01,40,260,0.15384615384615385,0.013888888888888888,0.8586762075134169
dbt,kafka,2024-02,57,271,0.21033210332103322,0.019791666666666666,1.1649162645472608
dbt,kafka,2024-03,67,282,0.2375886524822695,0.02326388888888889,1.2647972627521926
dbt,kafka,2024-04,52,293,0.17747440273037543,0.018055555555555554,0.9662122492693407
dbt,kafka,2024-05,52,304,0.17105263157894737,0.018055555555555554,0.929493545183714
dbt,kafka,2024-06,72,315,0.22857142857142856,0.025,1.2443964353227113
dbt,kafka,2024-07,61,326,0.18711656441717792,0.021180555555555557,1.018706437658738
dbt,kafka,2024-08,59,337,0.17507418397626112,0.02048611111111111,0.906859082466964
dbt,kafka,2024-09,65,348,0.1867816091954023,0.022569444444444444,0.9762813692972027
dbt,kafka,2024-10,70,359,0.19498607242339833,0.024305555555555556,1.0360883553125224
dbt,kafka,2024-11,77,370,0.20810810810810812,0.02673611111111111,1.1078583204276367
dbt,kafka,2024-12,75,381,0.1968503937007874,0.026041666666666668,1.0178260931028147
dbt,kafka,2025-01,66,392,0.1683673469387755,0.022916666666666665,0.8848502904811559
dbt,kafka,2025-02,87,403,0.21588089330024815,0.030208333333333334,1.0831654576737189
dbt,kafka,2025-03,76,414,0.18357487922705315,0.02638888888888889,0.9340912582577969
dbt,kafka,2025-04,71,425,0.16705882352941176,0.024652777777777777,0.9270316218973138
dbt,kafka,2025-05,63,436,0.1444954128440367,0.021875,0.7663845101120178
dbt,kafka,2025-06,71,447,0.15883668903803133,0.024652777777777777,0.8713326941514862
dbt,kubernetes,2024-01,54,260,0.2076923076923077,0.01875,1.0475548969419373
dbt,kubernetes,2024-02,59,271,0.2177121771217712,0.02048611111111111,1.1420966668683081
dbt,kubernetes,2024-03,67,282,0.2375886524822695,0.02326388888888889,1.2395929694727104
dbt,kubernetes,2024-04,45,293,0.15358361774744028,0.015625,0.8130897410158603
dbt,kubernetes,2024-05,58,304,0.19078947368421054,0.02013888888888889,1.0082085948816997
dbt,kubernetes,2024-06,66,315,0.20952380952380953,0.022916666666666665,1.1321361565264003
dbt,kubernetes,2024-07,70,326,0.2147239263803681,0.024305555555555556,1.2078220858895705
dbt,kubernetes,2024-08,68,337,0.20178041543026706,0.02361111111111111,1.0527673848535672
dbt,kubernetes,2024-09,57,348,0.16379310344827586,0.019791666666666666,0.910664358940221
dbt,kubernetes,2024-10,60,359,0.1671309192200557,0.020833333333333332,0.931019433953115
dbt,kubernetes,2024-11,67,370,0.1810810810810811,0.02326388888888889,0.9914705580104821
dbt,kubernetes,2024-12,80,381,0.2099737532808399,0.027777777777777776,1.037263137991113
dbt,kubernetes,2025-01,76,392,0.19387755102040816,0.02638888888888889,1.0635568513119533
dbt,kubernetes,2025-02,79,403,0.19602977667493796,0.027430555555555555,1.0099566311696266
dbt,kubernetes,2025-03,79,414,0.19082125603864733,0.027430555555555555,1.010230179028133
dbt,kubernetes,2025-04,92,425,0.2164705882352941,0.03194444444444444,1.1273694287841718
dbt,kubernetes,2025-05,73,436,0.16743119266055045,0.025347222222222222,0.8946230702456128
dbt,kubernetes,2025-06,64,447,0.14317673378076062,0.022222222222222223,0.8133116238433739
dbt,powerbi,2024-01,41,260,0.1576923076923077,0.01423611111111111,0.8585138868692743
dbt,powerbi,2024-02,60,271,0.22140221402214022,0.020833333333333332,1.2099399931380719
dbt,powerbi,2024-03,54,282,0.19148936170212766,0.01875,0.9954681619171979
dbt,powerbi,2024-04,53,293,0.18088737201365188,0.01840277777777778,0.9523868946971068
dbt,powerbi,2024-05,52,304,0.17105263157894737,0.018055555555555554,0.8781311567689277
dbt,powerbi,2024-06,68,315,0.21587301587301588,0.02361111111111111,1.0700762232603884
dbt,powerbi,2024-07,58,326,0.17791411042944785,0.02013888888888889,0.9232299784447023
dbt,powerbi,2024-08,59,337,0.17507418397626112,0.02048611111111111,0.915088293741619
dbt,powerbi,2024-09,83,348,0.23850574712643677,0.028819444444444446,1.2650028576871786
dbt,powerbi,2024-10,73,359,0.20334261838440112,0.025347222222222222,1.1371393028098549
dbt,powerbi,2024-11,68,370,0.1837837837837838,0.02361111111111111,0.9536888239590943
dbt,powerbi,2024-12,80,381,0.2099737532808399,0.027777777777777776,1.11162575266327
dbt,powerbi,2025-01,66,392,0.1683673469387755,0.022916666666666665,0.9507803121248498
dbt,powerbi,2025-02,72,403,0.17866004962779156,0.025,0.9510923159483173
dbt,powerbi,2025-03,73,414,0.17632850241545894,0.025347222222222222,0.9654488345181023
dbt,powerbi,2025-04,68,425,0.16,0.02361111111111111,0.8597014925373134
dbt,powerbi,2025-05,91,436,0.20871559633027523,0.03159722222222222,1.0275229357798166
dbt,powerbi,2025-06,83,447,0.18568232662192394,0.028819444444444446,1.0673954105212395
dbt,python,2024-01,50,260,0.19230769230769232,0.017361111111111112,1.0430247718383312
dbt,python,2024-02,55,271,0.2029520295202952,0.019097222222222224,1.0308674515316583
dbt,python,2024-03,54,282,0.19148936170212766,0.01875,1.0045343564701779
dbt,python,2024-04,53,293,0.18088737201365188,0.01840277777777778,0.9454730152437703
dbt,python,2024-05,59,304,0.19407894736842105,0.02048611111111111,1.0237131289762869
dbt,python,2024-06,63,315,0.2,0.021875,1.0847457627118644
dbt,python,2024-07,55,326,0.1687116564417178,0.019097222222222224,0.8882807505523715
dbt,python,2024-08,68,337,0.20178041543026706,0.02361111111111111,1.1027089116492774
dbt,python,2024-09,65,348,0.1867816091954023,0.022569444444444444,1.0226825750622788
dbt,python,2024-10,76,359,0.2116991643454039,0.02638888888888889,1.0810170094233391
dbt,python,2024-11,59,370,0.15945945945945947,0.02048611111111111,0.8882848031784203
dbt,python,2024-12,78,381,0.2047244094488189,0.027083333333333334,1.0778908577926845
dbt,python,2025-01,67,392,0.17091836734693877,0.02326388888888889,0.9864627213610895
dbt,python,2025-02,81,403,0.20099255583126552,0.028125,1.0355251534777186
dbt,python,2025-03,78,414,0.18840579710144928,0.027083333333333334,1.0123296560674886
dbt,python,2025-04,89,425,0.20941176470588235,0.03090277777777778,1.108650519031142
dbt,python,2025-05,88,436,0.2018348623853211,0.030555555555555555,1.0705053474580568
dbt,python,2025-06,80,447,0.1789709172259508,0.027777777777777776,0.9155173030386116
dbt,scala,2024-01,51,260,0.19615384615384615,0.017708333333333333,1.0160486995019369
dbt,scala,2024-02,52,271,0.1918819188191882,0.018055555555555554,1.001123054708808
dbt,scala,2024-03,46,282,0.16312056737588654,0.01597222222222222,0.851063829787234
dbt,scala,2024-04,52,293,0.17747440273037543,0.018055555555555554,0.95359380571545
dbt,scala,2024-05,50,304,0.16447368421052633,0.017361111111111112,0.8519500189322227
dbt,scala,2024-06,56,315,0.17777777777777778,0.019444444444444445,0.9429097605893186
dbt,scala,2024-07,61,326,0.18711656441717792,0.021180555555555557,1.003530177879837
dbt,scala,2024-08,62,337,0.18397626112759644,0.021527777777777778,1.0111672367318278
dbt,scala,2024-09,73,348,0.20977011494252873,0.025347222222222222,1.0654989965334793
dbt,scala,2024-10,76,359,0.2116991643454039,0.02638888888888889,1.0566613402335583
dbt,scala,2024-11,70,370,0.1891891891891892,0.024305555555555556,0.9609609609609611
dbt,scala,2024-12,67,381,0.17585301837270342,0.02326388888888889,0.932701091921521
dbt,scala,2025-01,90,392,0.22959183673469388,0.03125,1.1620817043865
dbt,scala,2025-02,74,403,0.18362282878411912,0.025694444444444443,0.9811386769912116
dbt,scala,2025-03,83,414,0.20048309178743962,0.028819444444444446,1.0873659215589944
dbt,scala,2025-04,78,425,0.18352941176470589,0.027083333333333334,0.95065594583157
dbt,scala,2025-05,68,436,0.1559633027522936,0.02361111111111111,0.8790103951596977
dbt,scala,2025-06,96,447,0.21476510067114093,0.03333333333333333,1.1714460036607688
dbt,snowflake,2024-01,260,260,1.0,0.09027777777777778,5.538461538461538
dbt,snowflake,2024-02,271,271,1.0,0.09409722222222222,5.313653136531365
dbt,snowflake,2024-03,282,282,1.0,0.09791666666666667,5.1063829787234045
dbt,snowflake,2024-04,293,293,1.0,0.10173611111111111,4.914675767918089
dbt,snowflake,2024-05,304,304,1.0,0.10555555555555556,4.7368421052631575
dbt,snowflake,2024-06,315,315,1.0,0.109375,4.571428571428571
dbt,snowflake,2024-07,326,326,1.0,0.11319444444444444,4.41717791411043
dbt,snowflake,2024-08,337,337,1.0,0.11701388888888889,4.27299703264095
dbt,snowflake,2024-09,348,348,1.0,0.12083333333333333,4.137931034482759
dbt,snowflake,2024-10,359,359,1.0,0.12465277777777778,4.011142061281337
dbt,snowflake,2024-11,370,370,1.0,0.1284722222222222,3.891891891891892
dbt,snowflake,2024-12,381,381,1.0,0.13229166666666667,3.779527559055118
dbt,snowflake,2025-01,392,392,1.0,0.1361111111111111,3.6734693877551026
dbt,snowflake,2025-02,403,403,1.0,0.13993055555555556,3.5732009925558312
dbt,snowflake,2025-03,414,414,1.0,0.14375,3.4782608695652177
dbt,snowflake,2025-04,425,425,1.0,0.14756944444444445,3.388235294117647
dbt,snowflake,2025-05,436,436,1.0,0.15138888888888888,3.302752293577982
dbt,snowflake,2025-06,447,447,1.0,0.15520833333333334,3.221476510067114
dbt,spark,2024-01,57,260,0.21923076923076923,0.019791666666666666,1.1845865204214172
dbt,spark,2024-02,50,271,0.18450184501845018,0.017361111111111112,0.9608776015427423
dbt,spark,2024-03,58,282,0.20567375886524822,0.02013888888888889,1.0483901336848052
dbt,spark,2024-04,57,293,0.1945392491467577,0.019791666666666666,1.02614109440048
dbt,spark,2024-05,54,304,0.17763157894736842,0.01875,0.9819173653904435
dbt,spark,2024-06,62,315,0.19682539682539682,0.021527777777777778,1.138267355134825
dbt,spark,2024-07,58,326,0.17791411042944785,0.02013888888888889,0.943632850896519
dbt,spark,2024-08,69,337,0.20474777448071216,0.023958333333333335,1.0345150710604405
dbt,spark,2024-09,61,348,0.1752873563218391,0.021180555555555557,0.9279918864097364
dbt,spark,2024-10,84,359,0.233983286908078,0.029166666666666667,1.1739927984238059
dbt,spark,2024-11,74,370,0.2,0.025694444444444443,1.0304114490161003
dbt,spark,2024-12,58,381,0.15223097112860892,0.02013888888888889,0.8716206696826913
dbt,spark,2025-01,58,392,0.14795918367346939,0.02013888888888889,0.787657022143423
dbt,spark,2025-02,65,403,0.16129032258064516,0.022569444444444444,0.8814347799473587
dbt,spark,2025-03,80,414,0.1932367149758454,0.027777777777777776,1.0009383797309979
dbt,spark,2025-04,85,425,0.2,0.029513888888888888,1.0806754221388368
dbt,spark,2025-05,84,436,0.1926605504587156,0.029166666666666667,1.0332632873763519
dbt,spark,2025-06,83,447,0.18568232662192394,0.028819444444444446,0.970535572905882
dbt,sql,2024-01,46,260,0.17692307692307693,0.01597222222222222,0.9401078626170878
dbt,sql,2024-02,43,271,0.15867158671586715,0.014930555555555556,0.8509761075264383
dbt,sql,2024-03,61,282,0.21631205673758866,0.021180555555555557,1.1911639070827063
dbt,sql,2024-04,54,293,0.18430034129692832,0.01875,1.0246814342377482
dbt,sql,2024-05,68,304,0.2236842105263158,0.02361111111111111,1.1649376606072142
dbt,sql,2024-06,60,315,0.19047619047619047,0.020833333333333332,0.9813442371581905
dbt,sql,2024-07,69,326,0.2116564417177914,0.023958333333333335,1.0846451105822763
dbt,sql,2024-08,67,337,0.19881305637982197,0.02326388888888889,1.1183234421364985
dbt,sql,2024-09,59,348,0.16954022988505746,0.02048611111111111,0.8611567232256887
dbt,sql,2024-10,66,359,0.18384401114206128,0.022916666666666665,1.0008898905276682
dbt,sql,2024-11,65,370,0.17567567567567569,0.022569444444444444,0.9939998938034301
dbt,sql,2024-12,70,381,0.1837270341207349,0.024305555555555556,0.9835201826537482
dbt,sql,2025-01,70,392,0.17857142857142858,0.024305555555555556,0.966702470461869
dbt,sql,2025-02,88,403,0.21836228287841192,0.030555555555555555,1.1331231976393266
dbt,sql,2025-03,70,414,0.16908212560386474,0.024305555555555556,0.92401617028298
dbt,sql,2025-04,82,425,0.19294117647058823,0.02847222222222222,1.0048292734815445
dbt,sql,2025-05,87,436,0.19954128440366972,0.030208333333333334,1.0721621251540463
dbt,sql,2025-06,80,447,0.1789709172259508,0.027777777777777776,0.9422966025790462
dbt,tableau,2024-01,59,260,0.22692307692307692,0.02048611111111111,1.208019337409356
dbt,tableau,2024-02,62,271,0.22878228782287824,0.021527777777777778,1.1682499803721442
dbt,tableau,2024-03,61,282,0.21631205673758866,0.021180555555555557,1.1472904666745034
dbt,tableau,2024-04,52,293,0.17747440273037543,0.018055555555555554,0.9571653180964068
dbt,tableau,2024-05,55,304,0.18092105263157895,0.019097222222222224,0.9578173374613004
dbt,tableau,2024-06,52,315,0.16507936507936508,0.018055555555555554,0.9470688673875926
dbt,tableau,2024-07,68,326,0.2085889570552147,0.02361111111111111,1.0765881654462695
dbt,tableau,2024-08,72,337,0.21364985163204747,0.025,1.090977965780668
dbt,tableau,2024-09,56,348,0.16091954022988506,0.019444444444444445,0.9140991634360334
dbt,tableau,2024-10,68,359,0.1894150417827298,0.02361111111111111,1.0102135561745589
dbt,tableau,2024-11,60,370,0.16216216216216217,0.020833333333333332,0.8696965121546127
dbt,tableau,2024-12,78,381,0.2047244094488189,0.027083333333333334,1.0566421132842265
dbt,tableau,2025-01,76,392,0.19387755102040816,0.02638888888888889,1.0863177956007306
dbt,tableau,2025-02,71,403,0.1761786600496278,0.024652777777777777,0.9555452748454388
dbt,tableau,2025-03,75,414,0.18115942028985507,0.026041666666666668,0.9366950277105612
dbt,tableau,2025-04,91,425,0.21411764705882352,0.03159722222222222,1.0992135891789871
dbt,tableau,2025-05,83,436,0.19036697247706422,0.028819444444444446,1.0482923149788623
dbt,tableau,2025-06,78,447,0.174496644295302,0.027083333333333334,0.9087709503986795
dbt,terraform,2024-01,60,260,0.23076923076923078,0.020833333333333332,1.334569045412419
dbt,terraform,2024-02,50,271,0.18450184501845018,0.017361111111111112,0.9322198485142746
dbt,terraform,2024-03,48,282,0.1702127659574468,0.016666666666666666,0.8929194279734914
dbt,terraform,2024-04,67,293,0.22866894197952217,0.02326388888888889,1.1718266065854517
dbt,terraform,2024-05,63,304,0.20723684210526316,0.021875,1.1634349030470914
dbt,terraform,2024-06,64,315,0.20317460317460317,0.022222222222222223,1.0088669950738915
dbt,terraform,2024-07,72,326,0.22085889570552147,0.025,1.125794017047614
dbt,terraform,2024-08,65,337,0.19287833827893175,0.022569444444444444,1.0286844708209693
dbt,terraform,2024-09,60,348,0.1724137931034483,0.020833333333333332,0.9281340638092169
dbt,terraform,2024-10,58,359,0.1615598885793872,0.02013888888888889,0.8293983584824155
dbt,terraform,2024-11,63,370,0.17027027027027028,0.021875,0.8948510554349971
dbt,terraform,2024-12,72,381,0.1889763779527559,0.025,1.0211106350918142
dbt,terraform,2025-01,82,392,0.20918367346938777,0.02847222222222222,1.126072859050162
dbt,terraform,2025-02,83,403,0.20595533498759305,0.028819444444444446,1.092359787779499
dbt,terraform,2025-03,73,414,0.17632850241545894,0.025347222222222222,0.9335038363171356
dbt,terraform,2025-04,82,425,0.19294117647058823,0.02847222222222222,1.0706562393743624
dbt,terraform,2025-05,83,436,0.19036697247706422,0.028819444444444446,0.9896333587255324
dbt,terraform,2025-06,81,447,0.18120805369127516,0.028125,1.0036138358286009
docker,airflow,2024-01,81,548,0.1478102189781022,0.028125,0.7942041616733849
docker,airflow,2024-02,73,500,0.146,0.025347222222222222,0.8164660194174757
docker,airflow,2024-03,101,579,0.17443868739205526,0.035069444444444445,0.9478932446964512
docker,airflow,2024-04,80,552,0.14492753623188406,0.027777777777777776,0.802675585284281
docker,airflow,2024-05,72,519,0.13872832369942195,0.025,0.7803468208092484
docker,airflow,2024-06,77,517,0.14893617021276595,0.02673611111111111,0.7870388444270935
docker,airflow,2024-07,83,536,0.15485074626865672,0.028819444444444446,0.8213078255133174
docker,airflow,2024-08,62,519,0.11946050096339114,0.021527777777777778,0.6894714284059449
docker,airflow,2024-09,91,541,0.16820702402957485,0.03159722222222222,0.922735674676525
docker,airflow,2024-10,85,558,0.15232974910394265,0.029513888888888888,0.7723761926397092
docker,airflow,2024-11,89,561,0.1586452762923351,0.03090277777777778,0.8604489561618175
docker,airflow,2024-12,82,500,0.164,0.02847222222222222,0.8779182156133829
docker,airflow,2025-01,91,588,0.15476190476190477,0.03159722222222222,0.7792207792207793
docker,airflow,2025-02,87,539,0.1614100185528757,0.030208333333333334,0.9097081280475187
docker,airflow,2025-03,74,520,0.1423076923076923,0.025694444444444443,0.7520112914608328
docker,airflow,2025-04,68,509,0.13359528487229863,0.02361111111111111,0.7259517366645661
docker,airflow,2025-05,77,574,0.13414634146341464,0.02673611111111111,0.6948587471486226
docker,airflow,2025-06,79,556,0.1420863309352518,0.027430555555555555,0.7577937649880097
docker,aws,2024-01,80,548,0.145985401459854,0.027777777777777776,0.8100924011645078
docker,aws,2024-02,84,500,0.168,0.029166666666666667,0.8533333333333334
docker,aws,2024-03,79,579,0.13644214162348878,0.027430555555555555,0.7527842296468347
docker,aws,2024-04,98,552,0.17753623188405798,0.034027777777777775,0.9683794466403164
docker,aws,2024-05,78,519,0.15028901734104047,0.027083333333333334,0.8244426094137077
docker,aws,2024-06,79,517,0.1528046421663443,0.027430555555555555,0.8350614220855248
docker,aws,2024-07,75,536,0.13992537313432835,0.026041666666666668,0.7720020586721564
docker,aws,2024-08,84,519,0.16184971098265896,0.029166666666666667,0.9033472240892593
docker,aws,2024-09,79,541,0.14602587800369685,0.027430555555555555,0.798016183397812
docker,aws,2024-10,87,558,0.15591397849462366,0.030208333333333334,0.8239124001183783
docker,aws,2024-11,81,561,0.1443850267379679,0.028125,0.8573791278460774
docker,aws,2024-12,76,500,0.152,0.02638888888888889,0.7666549912434326
docker,aws,2025-01,91,588,0.15476190476190477,0.03159722222222222,0.8346709470304976
docker,aws,2025-02,72,539,0.13358070500927643,0.025,0.7300046118154007
docker,aws,2025-03,80,520,0.15384615384615385,0.027777777777777776,0.8439560439560441
docker,aws,2025-04,79,509,0.15520628683693516,0.027430555555555555,0.8262367949914478
docker,aws,2025-05,91,574,0.15853658536585366,0.03159722222222222,0.8271474019088016
docker,aws,2025-06,85,556,0.1528776978417266,0.029513888888888888,0.8291671747347884
docker,azure,2024-01,72,548,0.13138686131386862,0.025,0.6867407633102389
docker,azure,2024-02,67,500,0.134,0.02326388888888889,0.7508171206225681
docker,azure,2024-03,92,579,0.15889464594127806,0.03194444444444444,0.8553580940390295
docker,azure,2024-04,81,552,0.14673913043478262,0.028125,0.7655954631379962
docker,azure,2024-05,74,519,0.14258188824662812,0.025694444444444443,0.7466106148187073
docker,azure,2024-06,82,517,0.15860735009671179,0.02847222222222222,0.885250326121182
docker,azure,2024-07,88,536,0.16417910447761194,0.030555555555555555,0.8921430582934384
docker,azure,2024-08,80,519,0.15414258188824662,0.027777777777777776,0.7788256769090356
docker,azure,2024-09,93,541,0.17190388170055454,0.03229166666666667,0.8747052637766733
docker,azure,2024-10,84,558,0.15053763440860216,0.029166666666666667,0.8149405772495756
docker,azure,2024-11,94,561,0.16755793226381463,0.03263888888888889,0.8789924315478801
docker,azure,2024-12,66,500,0.132,0.022916666666666665,0.7213662239089185
docker,azure,2025-01,98,588,0.16666666666666666,0.034027777777777775,0.8695652173913042
docker,azure,2025-02,95,539,0.17625231910946196,0.03298611111111111,0.8362548254287486
docker,azure,2025-03,80,520,0.15384615384615385,0.027777777777777776,0.8055944055944056
docker,azure,2025-04,71,509,0.13948919449901767,0.024652777777777777,0.7923646551423489
docker,azure,2025-05,83,574,0.1445993031358885,0.028819444444444446,0.8447180386031621
docker,azure,2025-06,100,556,0.17985611510791366,0.034722222222222224,0.9282896263634253
docker,databricks,2024-01,71,548,0.12956204379562045,0.024652777777777777,0.9328467153284672
docker,databricks,2024-02,78,500,0.156,0.027083333333333334,1.0748325358851674
docker,databricks,2024-03,92,579,0.15889464594127806,0.03194444444444444,1.0495793126396349
docker,databricks,2024-04,91,552,0.16485507246376813,0.03159722222222222,1.0457766711357979
docker,databricks,2024-05,105,519,0.2023121387283237,0.036458333333333336,1.2344469481728226
docker,databricks,2024-06,100,517,0.19342359767891681,0.034722222222222224,1.1368570639087354
docker,databricks,2024-07,90,536,0.16791044776119404,0.03125,0.9519332471500764
docker,databricks,2024-08,98,519,0.18882466281310212,0.034027777777777775,1.0338688762390382
docker,databricks,2024-09,92,541,0.17005545286506468,0.03194444444444444,0.9002935739915189
docker,databricks,2024-10,118,558,0.2114695340501792,0.04097222222222222,1.083687291929744
docker,databricks,2024-11,114,561,0.20320855614973263,0.03958333333333333,1.009035589157293
docker,databricks,2024-12,119,500,0.238,0.04131944444444444,1.146220735785953
docker,databricks,2025-01,129,588,0.2193877551020408,0.04479166666666667,1.0257089848926584
docker,databricks,2025-02,113,539,0.20964749536178107,0.03923611111111111,0.9523419347664502
docker,databricks,2025-03,126,520,0.2423076923076923,0.04375,1.0703161868806041
docker,databricks,2025-04,114,509,0.22396856581532418,0.03958333333333333,0.9627305515643785
docker,databricks,2025-05,129,574,0.22473867595818817,0.04479166666666667,0.9407665505226481
docker,databricks,2025-06,131,556,0.2356115107913669,0.04548611111111111,0.9611347748996271
docker,dbt,2024-01,46,548,0.08394160583941605,0.01597222222222222,0.9298147108366086
docker,dbt,2024-02,44,500,0.088,0.015277777777777777,0.9352029520295203
docker,dbt,2024-03,52,579,0.08981001727115717,0.018055555555555554,0.9172086870245839
docker,dbt,2024-04,67,552,0.1213768115942029,0.02326388888888889,1.1930553494583767
docker,dbt,2024-05,57,519,0.10982658959537572,0.019791666666666666,1.0404624277456647
docker,dbt,2024-06,55,517,0.10638297872340426,0.019097222222222224,0.9726443768996961
docker,dbt,2024-07,66,536,0.12313432835820895,0.022916666666666665,1.0878124713854043
docker,dbt,2024-08,58,519,0.11175337186897881,0.02013888888888889,0.955043652767534
docker,dbt,2024-09,70,541,0.12939001848428835,0.024305555555555556,1.070813946076869
docker,dbt,2024-10,73,558,0.13082437275985664,0.025347222222222222,1.0495102884356187
docker,dbt,2024-11,74,561,0.1319073083778966,0.025694444444444443,1.0267379679144386
docker,dbt,2024-12,63,500,0.126,0.021875,0.9524409448818898
docker,dbt,2025-01,85,588,0.1445578231292517,0.029513888888888888,1.0620574760516452
docker,dbt,2025-02,82,539,0.15213358070500926,0.02847222222222222,1.0872077231524235
docker,dbt,2025-03,76,520,0.14615384615384616,0.02638888888888889,1.016722408026756
docker,dbt,2025-04,83,509,0.16306483300589392,0.028819444444444446,1.1050040448399399
docker,dbt,2025-05,80,574,0.13937282229965156,0.027777777777777776,0.9206278170252213
docker,dbt,2025-06,84,556,0.1510791366906475,0.029166666666666667,0.973395780020279
docker,gcp,2024-01,83,548,0.15145985401459855,0.028819444444444446,0.8033229826188653
docker,gcp,2024-02,82,500,0.164,0.02847222222222222,0.8650549450549452
docker,gcp,2024-03,78,579,0.13471502590673576,0.027083333333333334,0.7054168629298164
docker,gcp,2024-04,88,552,0.15942028985507245,0.030555555555555555,0.8317580340264649
docker,gcp,2024-05,76,519,0.1464354527938343,0.02638888888888889,0.7795454788285449
docker,gcp,2024-06,74,517,0.14313346228239845,0.025694444444444443,0.7619674147380916
docker,gcp,2024-07,71,536,0.13246268656716417,0.024652777777777777,0.7629850746268657
docker,gcp,2024-08,75,519,0.14450867052023122,0.026041666666666668,0.7353091362160176
docker,gcp,2024-09,92,541,0.17005545286506468,0.03194444444444444,0.9069624152803449
docker,gcp,2024-10,77,558,0.13799283154121864,0.02673611111111111,0.7948387096774193
docker,gcp,2024-11,66,561,0.11764705882352941,0.022916666666666665,0.6194214431659318
docker,gcp,2024-12,62,500,0.124,0.021527777777777778,0.6700187617260788
docker,gcp,2025-01,83,588,0.141156462585034,0.028819444444444446,0.755633108261892
docker,gcp,2025-02,68,539,0.1261595547309833,0.02361111111111111,0.7014276402031504
docker,gcp,2025-03,76,520,0.14615384615384616,0.02638888888888889,0.7882454624027658
docker,gcp,2025-04,68,509,0.13359528487229863,0.02361111111111111,0.7370774337781993
docker,gcp,2025-05,68,574,0.11846689895470383,0.02361111111111111,0.6716233641526516
docker,gcp,2025-06,69,556,0.12410071942446044,0.023958333333333335,0.6534004971525522
docker,hadoop,2024-01,174,548,0.3175182481751825,0.06041666666666667,1.0633169241215414
docker,hadoop,2024-02,142,500,0.284,0.049305555555555554,0.995036496350365
docker,hadoop,2024-03,154,579,0.2659758203799655,0.05347222222222222,0.9770540340488528
docker,hadoop,2024-04,137,552,0.24818840579710144,0.04756944444444444,0.9581536309593192
docker,hadoop,2024-05,107,519,0.20616570327552985,0.03715277777777778,0.8386401489174096
docker,hadoop,2024-06,121,517,0.23404255319148937,0.04201388888888889,1.0060336614798349
docker,hadoop,2024-07,121,536,0.22574626865671643,0.04201388888888889,1.0287171736255432
docker,hadoop,2024-08,111,519,0.2138728323699422,0.03854166666666667,1.0369591872482047
docker,hadoop,2024-09,97,541,0.17929759704251386,0.033680555555555554,0.9287357544648199
docker,hadoop,2024-10,98,558,0.17562724014336917,0.034027777777777775,0.976460331299041
docker,hadoop,2024-11,93,561,0.1657754010695187,0.03229166666666667,0.9946524064171123
docker,hadoop,2024-12,85,500,0.17,0.029513888888888888,1.1076923076923078
docker,hadoop,2025-01,73,588,0.12414965986394558,0.025347222222222222,0.8850272782380278
docker,hadoop,2025-02,73,539,0.13543599257884972,0.025347222222222222,1.0657258432434078
docker,hadoop,2025-03,69,520,0.1326923076923077,0.023958333333333335,1.1651031894934334
docker,hadoop,2025-04,63,509,0.1237721021611002,0.021875,1.2291850145654089
docker,hadoop,2025-05,52,574,0.09059233449477352,0.018055555555555554,1.0353409656545547
docker,hadoop,2025-06,51,556,0.09172661870503597,0.017708333333333333,1.2344516909836616
docker,hive,2024-01,81,548,0.1478102189781022,0.028125,0.7628914527902049
docker,hive,2024-02,68,500,0.136,0.02361111111111111,0.7771428571428572
docker,hive,2024-03,82,579,0.14162348877374784,0.02847222222222222,0.8307039667380728
docker,hive,2024-04,89,552,0.161231884057971,0.03090277777777778,0.8366627497062279
docker,hive,2024-05,63,519,0.12138728323699421,0.021875,0.6608608236721045
docker,hive,2024-06,92,517,0.17794970986460348,0.03194444444444444,0.8820915050087057
docker,hive,2024-07,67,536,0.125,0.02326388888888889,0.6629834254143646
docker,hive,2024-08,92,519,0.17726396917148363,0.03194444444444444,0.9384563073784428
docker,hive,2024-09,72,541,0.133086876155268,0.025,0.7328684576045351
docker,hive,2024-10,97,558,0.17383512544802868,0.033680555555555554,0.9572565225436379
docker,hive,2024-11,76,561,0.1354723707664884,0.02638888888888889,0.7198531878366912
docker,hive,2024-12,82,500,0.164,0.02847222222222222,0.8746666666666667
docker,hive,2025-01,103,588,0.17517006802721088,0.03576388888888889,0.9256693503089309
docker,hive,2025-02,85,539,0.15769944341372913,0.029513888888888888,0.8183322469036755
docker,hive,2025-03,79,520,0.1519230769230769,0.027430555555555555,0.8147829823807476
docker,hive,2025-04,90,509,0.17681728880157171,0.03125,0.9208567662721998
docker,hive,2025-05,86,574,0.14982578397212543,0.029861111111111113,0.8110869508265436
docker,hive,2025-06,75,556,0.13489208633093525,0.026041666666666668,0.7371711738768378
docker,java,2024-01,81,548,0.1478102189781022,0.028125,0.8233915486594475
docker,java,2024-02,68,500,0.136,0.02361111111111111,0.7266790352504638
docker,java,2024-03,72,579,0.12435233160621761,0.025,0.6834631966143259
docker,java,2024-04,66,552,0.11956521739130435,0.022916666666666665,0.7041877834089091
docker,java,2024-05,93,519,0.1791907514450867,0.03229166666666667,0.9069760354338308
docker,java,2024-06,81,517,0.15667311411992263,0.028125,0.8677280166641869
docker,java,2024-07,83,536,0.15485074626865672,0.028819444444444446,0.8006645408505051
docker,java,2024-08,70,519,0.1348747591522158,0.024305555555555556,0.6685702346960095
docker,java,2024-09,99,541,0.18299445471349354,0.034375,0.9564864420596396
docker,java,2024-10,85,558,0.15232974910394265,0.029513888888888888,0.8139326111676342
docker,java,2024-11,81,561,0.1443850267379679,0.028125,0.7758001436666933
docker,java,2024-12,69,500,0.138,0.023958333333333335,0.7527272727272728
docker,java,2025-01,92,588,0.1564625850340136,0.03194444444444444,0.8391289476684529
docker,java,2025-02,64,539,0.11873840445269017,0.022222222222222223,0.675823329691201
docker,java,2025-03,72,520,0.13846153846153847,0.025,0.7713137925903883
docker,java,2025-04,72,509,0.14145383104125736,0.025,0.7197650766763626
docker,java,2025-05,84,574,0.14634146341463414,0.029166666666666667,0.7997408247327256
docker,java,2025-06,76,556,0.1366906474820144,0.02638888888888889,0.796900940785833
docker,kafka,2024-01,76,548,0.1386861313868613,0.02638888888888889,0.7740621286708538
docker,kafka,2024-02,61,500,0.122,0.021180555555555557,0.6756923076923077
docker,kafka,2024-03,89,579,0.153713298791019,0.03090277777777778,0.8182889103847222
docker,kafka,2024-04,77,552,0.13949275362318841,0.02673611111111111,0.7594312484589463
docker,kafka,2024-05,72,519,0.13872832369942195,0.025,0.7538444759515759
docker,kafka,2024-06,54,517,0.10444874274661509,0.01875,0.5686434387717418
docker,kafka,2024-07,76,536,0.1417910447761194,0.02638888888888889,0.7719436842253758
docker,kafka,2024-08,79,519,0.15221579961464354,0.027430555555555555,0.7884559404499522
docker,kafka,2024-09,75,541,0.13863216266173753,0.026041666666666668,0.7246109409542725
docker,kafka,2024-10,83,558,0.14874551971326164,0.028819444444444446,0.7903820973693607
docker,kafka,2024-11,93,561,0.1657754010695187,0.03229166666666667,0.8825012108691569
docker,kafka,2024-12,77,500,0.154,0.02673611111111111,0.7962657091561939
docker,kafka,2025-01,80,588,0.1360544217687075,0.027777777777777776,0.7150305377625503
docker,kafka,2025-02,86,539,0.15955473098330242,0.029861111111111113,0.8005533540625626
docker,kafka,2025-03,87,520,0.1673076923076923,0.030208333333333334,0.8513182930144061
docker,kafka,2025-04,82,509,0.16110019646365423,0.02847222222222222,0.8939664081220119
docker,kafka,2025-05,94,574,0.16376306620209058,0.03263888888888889,0.8685775886961711
docker,kafka,2025-06,85,556,0.1528776978417266,0.029513888888888888,0.8386433710174718
docker,kubernetes,2024-01,80,548,0.145985401459854,0.027777777777777776,0.73631866235443
docker,kubernetes,2024-02,73,500,0.146,0.025347222222222222,0.7659016393442623
docker,kubernetes,2024-03,81,579,0.13989637305699482,0.028125,0.7298941202973642
docker,kubernetes,2024-04,75,552,0.1358695652173913,0.026041666666666668,0.719309462915601
docker,kubernetes,2024-05,87,519,0.1676300578034682,0.030208333333333334,0.8858248926128228
docker,kubernetes,2024-06,66,517,0.1276595744680851,0.022916666666666665,0.6897928226418106
docker,kubernetes,2024-07,78,536,0.1455223880597015,0.027083333333333334,0.8185634328358209
docker,kubernetes,2024-08,72,519,0.13872832369942195,0.025,0.7237999497361145
docker,kubernetes,2024-09,80,541,0.1478743068391867,0.027777777777777776,0.8221583082950921
docker,kubernetes,2024-10,87,558,0.15591397849462366,0.030208333333333334,0.8685343482872653
docker,kubernetes,2024-11,83,561,0.14795008912655971,0.028819444444444446,0.8100689290579696
docker,kubernetes,2024-12,92,500,0.184,0.03194444444444444,0.9089536878216123
docker,kubernetes,2025-01,83,588,0.141156462585034,0.028819444444444446,0.7743440233236152
docker,kubernetes,2025-02,75,539,0.1391465677179963,0.026041666666666668,0.7168910823395873
docker,kubernetes,2025-03,81,520,0.15576923076923077,0.028125,0.824660633484163
docker,kubernetes,2025-04,84,509,0.1650294695481336,0.029166666666666667,0.8594663151873866
docker,kubernetes,2025-05,84,574,0.14634146341463414,0.029166666666666667,0.7819358342006425
docker,kubernetes,2025-06,75,556,0.13489208633093525,0.026041666666666668,0.7662509046017623
docker,powerbi,2024-01,72,548,0.13138686131386862,0.025,0.7153008706690768
docker,powerbi,2024-02,74,500,0.148,0.025694444444444443,0.8088045540796964
docker,powerbi,2024-03,76,579,0.13126079447322972,0.02638888888888889,0.6823665849871869
docker,powerbi,2024-04,79,552,0.1431159420289855,0.027430555555555555,0.7535172084889914
docker,powerbi,2024-05,69,519,0.1329479768786127,0.023958333333333335,0.6825136780934128
docker,powerbi,2024-06,71,517,0.13733075435203096,0.024652777777777777,0.6807445310393273
docker,powerbi,2024-07,74,536,0.13805970149253732,0.025694444444444443,0.7164179104477613
docker,powerbi,2024-08,90,519,0.17341040462427745,0.03125,0.9063919515751708
docker,powerbi,2024-09,72,541,0.133086876155268,0.025,0.7058751442489354
docker,powerbi,2024-10,82,558,0.14695340501792115,0.02847222222222222,0.8217976824303163
docker,powerbi,2024-11,79,561,0.1408199643493761,0.027430555555555555,0.7307414366237894
docker,powerbi,2024-12,61,500,0.122,0.021180555555555557,0.6458823529411765
docker,powerbi,2025-01,71,588,0.12074829931972789,0.024652777777777777,0.6818727490996398
docker,powerbi,2025-02,75,539,0.1391465677179963,0.026041666666666668,0.7407432810126235
docker,powerbi,2025-03,82,520,0.1576923076923077,0.02847222222222222,0.8634103539046505
docker,powerbi,2025-04,78,509,0.15324165029469547,0.027083333333333334,0.8233879717326921
docker,powerbi,2025-05,86,574,0.14982578397212543,0.029861111111111113,0.737603859555079
docker,powerbi,2025-06,74,556,0.13309352517985612,0.025694444444444443,0.7650885279800113
docker,python,2024-01,79,548,0.14416058394160583,0.027430555555555555,0.7818879129036248
docker,python,2024-02,72,500,0.144,0.025,0.7314285714285714
docker,python,2024-03,80,579,0.1381692573402418,0.027777777777777776,0.7248223335881537
docker,python,2024-04,85,552,0.1539855072463768,0.029513888888888888,0.8048607275309714
docker,python,2024-05,81,519,0.15606936416184972,0.028125,0.8232230197548117
docker,python,2024-06,77,517,0.14893617021276595,0.02673611111111111,0.8077893977641543
docker,python,2024-07,86,536,0.16044776119402984,0.029861111111111113,0.8447706622281644
docker,python,2024-08,69,519,0.1329479768786127,0.023958333333333335,0.7265468186155686
docker,python,2024-09,70,541,0.12939001848428835,0.024305555555555556,0.7084472494957234
docker,python,2024-10,91,558,0.16308243727598568,0.03159722222222222,0.8327613818348205
docker,python,2024-11,68,561,0.12121212121212122,0.02361111111111111,0.6752241955336733
docker,python,2024-12,71,500,0.142,0.024652777777777777,0.7476416819012797
docker,python,2025-01,82,588,0.13945578231292516,0.02847222222222222,0.8048750562349187
docker,python,2025-02,83,539,0.15398886827458255,0.028819444444444446,0.79335946445581
docker,python,2025-03,71,520,0.13653846153846153,0.024652777777777777,0.7336394948335246
docker,python,2025-04,72,509,0.14145383104125736,0.025,0.7488732231595978
docker,python,2025-05,92,574,0.1602787456445993,0.03194444444444444,0.850097214468593
docker,python,2025-06,94,556,0.16906474820143885,0.03263888888888889,0.8648427616698826
docker,scala,2024-01,93,548,0.16970802919708028,0.03229166666666667,0.8790631728194086
docker,scala,2024-02,75,500,0.15,0.026041666666666668,0.7826086956521738
docker,scala,2024-03,85,579,0.14680483592400692,0.029513888888888888,0.765938274386123
docker,scala,2024-04,80,552,0.14492753623188406,0.027777777777777776,0.7787151200519143
docker,scala,2024-05,78,519,0.15028901734104047,0.027083333333333334,0.7784754855075477
docker,scala,2024-06,76,517,0.1470019342359768,0.02638888888888889,0.7796787672184404
docker,scala,2024-07,76,536,0.1417910447761194,0.02638888888888889,0.7604435920953889
docker,scala,2024-08,71,519,0.13680154142581888,0.024652777777777777,0.751886334554119
docker,scala,2024-09,88,541,0.16266173752310537,0.030555555555555555,0.8262183493237099
docker,scala,2024-10,83,558,0.14874551971326164,0.028819444444444446,0.7424386425895901
docker,scala,2024-11,102,561,0.18181818181818182,0.035416666666666666,0.9235209235209235
docker,scala,2024-12,76,500,0.152,0.02638888888888889,0.8061878453038674
docker,scala,2025-01,87,588,0.14795918367346939,0.030208333333333334,0.748897098382411
docker,scala,2025-02,71,539,0.13172541743970315,0.024652777777777777,0.7038389651694713
docker,scala,2025-03,71,520,0.13653846153846153,0.024652777777777777,0.740547588005215
docker,scala,2025-04,73,509,0.14341846758349705,0.025347222222222222,0.7428870263317833
docker,scala,2025-05,73,574,0.12717770034843207,0.025347222222222222,0.7167745146839224
docker,scala,2025-06,79,556,0.1420863309352518,0.027430555555555555,0.775016350555919
docker,snowflake,2024-01,93,548,0.16970802919708028,0.03229166666666667,0.9399213924761369
docker,snowflake,2024-02,90,500,0.18,0.03125,0.9564575645756457
docker,snowflake,2024-03,116,579,0.2003454231433506,0.04027777777777778,1.0230404586043436
docker,snowflake,2024-04,134,552,0.2427536231884058,0.04652777777777778,1.1930553494583767
docker,snowflake,2024-05,109,519,0.21001926782273603,0.03784722222222222,0.9948281107392759
docker,snowflake,2024-06,119,517,0.23017408123791103,0.04131944444444444,1.0522243713733075
docker,snowflake,2024-07,125,536,0.2332089552238806,0.043402777777777776,1.0301254463876934
docker,snowflake,2024-08,117,519,0.2254335260115607,0.040625,0.9632767877051851
docker,snowflake,2024-09,138,541,0.25508317929759705,0.04791666666666667,1.0555166039900568
docker,snowflake,2024-10,139,558,0.24910394265232974,0.04826388888888889,0.9991913020037739
docker,snowflake,2024-11,139,561,0.24777183600713013,0.04826388888888889,0.9643011995953173
docker,snowflake,2024-12,123,500,0.246,0.042708333333333334,0.9297637795275591
docker,snowflake,2025-01,169,588,0.28741496598639454,0.058680555555555555,1.0558100791336944
docker,snowflake,2025-02,155,539,0.287569573283859,0.05381944444444445,1.027543884686742
docker,snowflake,2025-03,154,520,0.29615384615384616,0.05347222222222222,1.0301003344481605
docker,snowflake,2025-04,149,509,0.29273084479371314,0.05173611111111111,0.9918409800069339
docker,snowflake,2025-05,180,574,0.313588850174216,0.0625,1.0357062941533741
docker,snowflake,2025-06,161,556,0.289568345323741,0.05590277777777778,0.932837622519434
docker,spark,2024-01,91,548,0.16605839416058393,0.03159722222222222,0.8972761260459319
docker,spark,2024-02,80,500,0.16,0.027777777777777776,0.8332730560578662
docker,spark,2024-03,90,579,0.15544041450777202,0.03125,0.7923334403228025
docker,spark,2024-04,83,552,0.1503623188405797,0.028819444444444446,0.7931199235547062
docker,spark,2024-05,62,519,0.11946050096339114,0.021527777777777778,0.6603574717362121
docker,spark,2024-06,70,517,0.13539651837524178,0.024305555555555556,0.7830160098809164
docker,spark,2024-07,76,536,0.1417910447761194,0.02638888888888889,0.7520409004700256
docker,spark,2024-08,85,519,0.16377649325626203,0.029513888888888888,0.8275022817158503
docker,spark,2024-09,87,541,0.16081330868761554,0.030208333333333334,0.8513645754050234
docker,spark,2024-10,84,558,0.15053763440860216,0.029166666666666667,0.7553107789142407
docker,spark,2024-11,86,561,0.1532976827094474,0.029861111111111113,0.7897984368572604
docker,spark,2024-12,65,500,0.13,0.022569444444444444,0.744333996023857
docker,spark,2025-01,93,588,0.15816326530612246,0.03229166666666667,0.8419781960843488
docker,spark,2025-02,82,539,0.15213358070500926,0.02847222222222222,0.8313941412342063
docker,spark,2025-03,64,520,0.12307692307692308,0.022222222222222223,0.6375207526286663
docker,spark,2025-04,72,509,0.14145383104125736,0.025,0.7643283928683324
docker,spark,2025-05,89,574,0.15505226480836237,0.03090277777777778,0.8315652190839546
docker,spark,2025-06,98,556,0.17625899280575538,0.034027777777777775,0.9212811239211898
docker,sql,2024-01,75,548,0.13686131386861314,0.026041666666666668,0.7272335497077599
docker,sql,2024-02,67,500,0.134,0.02326388888888889,0.718659217877095
docker,sql,2024-03,74,579,0.12780656303972365,0.025694444444444443,0.703791398765591
docker,sql,2024-04,67,552,0.1213768115942029,0.02326388888888889,0.67483632701024
docker,sql,2024-05,76,519,0.1464354527938343,0.02638888888888889,0.7626294829045981
docker,sql,2024-06,81,517,0.15667311411992263,0.028125,0.8071888527108715
docker,sql,2024-07,87,536,0.1623134328358209,0.030208333333333334,0.8317841397992245
docker,sql,2024-08,71,519,0.13680154142581888,0.024652777777777777,0.7695086705202312
docker,sql,2024-09,71,541,0.13123844731977818,0.024652777777777777,0.6666079863861749
docker,sql,2024-10,74,558,0.13261648745519714,0.025694444444444443,0.7219952436124154
docker,sql,2024-11,76,561,0.1354723707664884,0.02638888888888889,0.7665234338064569
docker,sql,2024-12,97,500,0.194,0.033680555555555554,1.0385130111524163
docker,sql,2025-01,94,588,0.1598639455782313,0.03263888888888889,0.8654288783182446
docker,sql,2025-02,85,539,0.15769944341372913,0.029513888888888888,0.8183322469036755
docker,sql,2025-03,82,520,0.1576923076923077,0.02847222222222222,0.8617720040869946
docker,sql,2025-04,81,509,0.15913555992141454,0.028125,0.8287710896449798
docker,sql,2025-05,80,574,0.13937282229965156,0.027777777777777776,0.7488688959384263
docker,sql,2025-06,80,556,0.14388489208633093,0.027777777777777776,0.7575657938000605
docker,tableau,2024-01,72,548,0.13138686131386862,0.025,0.6994346776043283
docker,tableau,2024-02,74,500,0.148,0.025694444444444443,0.7557446808510638
docker,tableau,2024-03,88,579,0.15198618307426598,0.030555555555555555,0.8061145621618527
docker,tableau,2024-04,85,552,0.1539855072463768,0.029513888888888888,0.8304836345872006
docker,tableau,2024-05,83,519,0.1599229287090559,0.028819444444444446,0.8466507990479429
docker,tableau,2024-06,73,517,0.14119922630560927,0.025347222222222222,0.8100672744226189
docker,tableau,2024-07,81,536,0.15111940298507462,0.028125,0.7799711121810303
docker,tableau,2024-08,81,519,0.15606936416184972,0.028125,0.7969499446562539
docker,tableau,2024-09,75,541,0.13863216266173753,0.026041666666666668,0.7874963086110534
docker,tableau,2024-10,84,558,0.15053763440860216,0.029166666666666667,0.8028673835125448
docker,tableau,2024-11,91,561,0.1622103386809269,0.03159722222222222,0.8699548890150269
docker,tableau,2024-12,85,500,0.17,0.029513888888888888,0.8774193548387097
docker,tableau,2025-01,87,588,0.14795918367346939,0.030208333333333334,0.8290320019058207
docker,tableau,2025-02,87,539,0.1614100185528757,0.030208333333333334,0.8754441684223767
docker,tableau,2025-03,83,520,0.1596153846153846,0.028819444444444446,0.8253003728766743
docker,tableau,2025-04,87,509,0.17092337917485265,0.030208333333333334,0.8774676150152863
docker,tableau,2025-05,81,574,0.14111498257839722,0.028125,0.7770767683093385
docker,tableau,2025-06,80,556,0.14388489208633093,0.027777777777777776,0.7493462734333328
docker,terraform,2024-01,91,548,0.16605839416058393,0.03159722222222222,0.960337701169642
docker,terraform,2024-02,76,500,0.152,0.02638888888888889,0.768
docker,terraform,2024-03,85,579,0.14680483592400692,0.029513888888888888,0.7701237294374134
docker,terraform,2024-04,80,552,0.14492753623188406,0.027777777777777776,0.7426891536438187
docker,terraform,2024-05,67,519,0.12909441233140656,0.02326388888888889,0.7247405604570193
docker,terraform,2024-06,77,517,0.14893617021276595,0.02673611111111111,0.739545121056493
docker,terraform,2024-07,93,536,0.17350746268656717,0.03229166666666667,0.8844274204200238
docker,terraform,2024-08,76,519,0.1464354527938343,0.02638888888888889,0.7809890815671162
docker,terraform,2024-09,77,541,0.1423290203327172,0.02673611111111111,0.7661823898284589
docker,terraform,2024-10,78,558,0.13978494623655913,0.027083333333333334,0.7176125582197688
docker,terraform,2024-11,84,561,0.1497326203208556,0.029166666666666667,0.7869159608103361
docker,terraform,2024-12,79,500,0.158,0.027430555555555555,0.853733583489681
docker,terraform,2025-01,90,588,0.15306122448979592,0.03125,0.8239557505245089
docker,terraform,2025-02,75,539,0.1391465677179963,0.026041666666666668,0.7380149448026323
docker,terraform,2025-03,90,520,0.17307692307692307,0.03125,0.916289592760181
docker,terraform,2025-04,61,509,0.11984282907662082,0.021180555555555557,0.6650237914078381
docker,terraform,2025-05,85,574,0.1480836236933798,0.029513888888888888,0.7698210040377866
docker,terraform,2025-06,79,556,0.1420863309352518,0.027430555555555555,0.78693967902601
gcp,airflow,2024-01,90,543,0.16574585635359115,0.03125,0.8905747505566092
gcp,airflow,2024-02,81,546,0.14835164835164835,0.028125,0.8296169849567908
gcp,airflow,2024-03,81,550,0.14727272727272728,0.028125,0.8002744425385935
gcp,airflow,2024-04,66,552,0.11956521739130435,0.022916666666666665,0.6622073578595318
gcp,airflow,2024-05,75,541,0.13863216266173753,0.026041666666666668,0.7798059149722736
gcp,airflow,2024-06,83,541,0.1534195933456562,0.028819444444444446,0.8107310620834676
gcp,airflow,2024-07,77,500,0.154,0.02673611111111111,0.8167955801104972
gcp,airflow,2024-08,87,566,0.15371024734982333,0.030208333333333334,0.8871453153657138
gcp,airflow,2024-09,84,540,0.15555555555555556,0.029166666666666667,0.8533333333333334
gcp,airflow,2024-10,85,500,0.17,0.029513888888888888,0.8619718309859156
gcp,airflow,2024-11,100,547,0.18281535648994515,0.034722222222222224,0.9915409165556347
gcp,airflow,2024-12,90,533,0.16885553470919323,0.03125,0.9039106690752351
gcp,airflow,2025-01,96,538,0.17843866171003717,0.03333333333333333,0.8984324225959914
gcp,airflow,2025-02,75,518,0.14478764478764478,0.026041666666666668,0.8160242993902485
gcp,airflow,2025-03,61,534,0.11423220973782772,0.021180555555555557,0.6036491083393465
gcp,airflow,2025-04,64,522,0.12260536398467432,0.022222222222222223,0.6662329212752114
gcp,airflow,2025-05,79,508,0.15551181102362205,0.027430555555555555,0.8055288053022149
gcp,airflow,2025-06,84,547,0.15356489945155394,0.029166666666666667,0.8190127970749543
gcp,aws,2024-01,69,543,0.1270718232044199,0.023958333333333335,0.7051384409031394
gcp,aws,2024-02,89,546,0.163003663003663,0.03090277777777778,0.8279551136693994
gcp,aws,2024-03,88,550,0.16,0.030555555555555555,0.8827586206896553
gcp,aws,2024-04,73,552,0.1322463768115942,0.025347222222222222,0.7213438735177866
gcp,aws,2024-05,76,541,0.14048059149722736,0.02638888888888889,0.770636387641933
gcp,aws,2024-06,70,541,0.12939001848428835,0.024305555555555556,0.7071029473145171
gcp,aws,2024-07,68,500,0.136,0.02361111111111111,0.750344827586207
gcp,aws,2024-08,73,566,0.12897526501766785,0.025347222222222222,0.7198619442846578
gcp,aws,2024-09,77,540,0.1425925925925926,0.02673611111111111,0.7792536369386466
gcp,aws,2024-10,64,500,0.128,0.022222222222222223,0.6764036697247707
gcp,aws,2024-11,69,547,0.12614259597806216,0.023958333333333335,0.7490529410656062
gcp,aws,2024-12,81,533,0.15196998123827393,0.028125,0.7665035831282468
gcp,aws,2025-01,74,538,0.137546468401487,0.025694444444444443,0.7418236498057725
gcp,aws,2025-02,63,518,0.12162162162162163,0.021875,0.664649469203549
gcp,aws,2025-03,78,534,0.14606741573033707,0.027083333333333334,0.8012841091492777
gcp,aws,2025-04,78,522,0.14942528735632185,0.027083333333333334,0.7954617885142458
gcp,aws,2025-05,69,508,0.13582677165354332,0.023958333333333335,0.7086614173228346
gcp,aws,2025-06,89,547,0.16270566727605118,0.03090277777777778,0.8824714157345148
gcp,azure,2024-01,86,543,0.15837937384898712,0.029861111111111113,0.8278268542379
gcp,azure,2024-02,76,546,0.1391941391941392,0.02638888888888889,0.779920468636422
gcp,azure,2024-03,75,550,0.13636363636363635,0.026041666666666668,0.7340696686491078
gcp,azure,2024-04,84,552,0.15217391304347827,0.029166666666666667,0.7939508506616257
gcp,azure,2024-05,81,541,0.14972273567467653,0.028125,0.7840026886237608
gcp,azure,2024-06,69,541,0.12754158964879853,0.023958333333333335,0.711860035249108
gcp,azure,2024-07,84,500,0.168,0.029166666666666667,0.9129056603773585
gcp,azure,2024-08,92,566,0.1625441696113074,0.03194444444444444,0.8212758043518691
gcp,azure,2024-09,77,540,0.1425925925925926,0.02673611111111111,0.7255594817432274
gcp,azure,2024-10,77,500,0.154,0.02673611111111111,0.8336842105263157
gcp,azure,2024-11,73,547,0.13345521023765997,0.025347222222222222,0.7000929061647736
gcp,azure,2024-12,75,533,0.14071294559099437,0.026041666666666668,0.7689815622430053
gcp,azure,2025-01,84,538,0.15613382899628253,0.029166666666666667,0.8146112817197348
gcp,azure,2025-02,84,518,0.16216216216216217,0.029166666666666667,0.7694020214613295
gcp,azure,2025-03,68,534,0.12734082397003746,0.02361111111111111,0.6668028600612871
gcp,azure,2025-04,73,522,0.13984674329501914,0.025347222222222222,0.7943957015575052
gcp,azure,2025-05,72,508,0.14173228346456693,0.025,0.827969526121608
gcp,azure,2025-06,81,547,0.1480804387568556,0.028125,0.7642861355192546
gcp,databricks,2024-01,71,543,0.13075506445672191,0.024652777777777777,0.9414364640883978
gcp,databricks,2024-02,80,546,0.14652014652014653,0.027777777777777776,1.0095167989904832
gcp,databricks,2024-03,80,550,0.14545454545454545,0.027777777777777776,0.9608006672226856
gcp,databricks,2024-04,95,552,0.1721014492753623,0.03298611111111111,1.091744876460448
gcp,databricks,2024-05,86,541,0.1589648798521257,0.029861111111111113,0.9699551990977162
gcp,databricks,2024-06,102,541,0.18853974121996303,0.035416666666666666,1.1081519483948847
gcp,databricks,2024-07,84,500,0.168,0.029166666666666667,0.9524409448818898
gcp,databricks,2024-08,107,566,0.18904593639575973,0.03715277777777778,1.0350804122049202
gcp,databricks,2024-09,90,540,0.16666666666666666,0.03125,0.8823529411764706
gcp,databricks,2024-10,106,500,0.212,0.03680555555555556,1.0864056939501778
gcp,databricks,2024-11,99,547,0.1809872029250457,0.034375,0.8986950765933303
gcp,databricks,2024-12,111,533,0.20825515947467166,0.03854166666666667,1.00296799211882
gcp,databricks,2025-01,119,538,0.2211895910780669,0.04131944444444444,1.0341331530922608
gcp,databricks,2025-02,106,518,0.20463320463320464,0.03680555555555556,0.9295640841382167
gcp,databricks,2025-03,114,534,0.21348314606741572,0.03958333333333333,0.9429930378437995
gcp,databricks,2025-04,125,522,0.23946360153256704,0.043402777777777776,1.029336078229542
gcp,databricks,2025-05,129,508,0.25393700787401574,0.04479166666666667,1.0629921259842519
gcp,databricks,2025-06,114,547,0.20840950639853748,0.03958333333333333,0.8501690912574901
gcp,dbt,2024-01,54,543,0.09944751381215469,0.01875,1.1015724606884827
gcp,dbt,2024-02,47,546,0.08608058608058608,0.016319444444444445,0.9148047524431289
gcp,dbt,2024-03,47,550,0.08545454545454545,0.016319444444444445,0.8727272727272727
gcp,dbt,2024-04,54,552,0.09782608695652174,0.01875,0.9615669980709305
gcp,dbt,2024-05,49,541,0.09057301293900184,0.017013888888888887,0.8580601225800175
gcp,dbt,2024-06,59,541,0.10905730129390019,0.02048611111111111,0.9970953261156589
gcp,dbt,2024-07,65,500,0.13,0.022569444444444444,1.1484662576687117
gcp,dbt,2024-08,75,566,0.13250883392226148,0.026041666666666668,1.1324197082970715
gcp,dbt,2024-09,76,540,0.14074074074074075,0.02638888888888889,1.1647509578544062
gcp,dbt,2024-10,54,500,0.108,0.01875,0.8664066852367688
gcp,dbt,2024-11,83,547,0.15173674588665448,0.028819444444444446,1.181086022036662
gcp,dbt,2024-12,65,533,0.12195121951219512,0.022569444444444444,0.9218359900134434
gcp,dbt,2025-01,75,538,0.13940520446096655,0.026041666666666668,1.0242015021622033
gcp,dbt,2025-02,62,518,0.11969111969111969,0.021527777777777778,0.8553608553608554
gcp,dbt,2025-03,76,534,0.14232209737827714,0.02638888888888889,0.9900667643706237
gcp,dbt,2025-04,82,522,0.15708812260536398,0.02847222222222222,1.0645030425963489
gcp,dbt,2025-05,74,508,0.14566929133858267,0.025694444444444443,0.9622191721447663
gcp,dbt,2025-06,108,547,0.19744058500914077,0.0375,1.2721004134817124
gcp,docker,2024-01,83,543,0.15285451197053407,0.028819444444444446,0.8033229826188653
gcp,docker,2024-02,82,546,0.15018315018315018,0.02847222222222222,0.8650549450549451
gcp,docker,2024-03,78,550,0.14181818181818182,0.027083333333333334,0.7054168629298163
gcp,docker,2024-04,88,552,0.15942028985507245,0.030555555555555555,0.8317580340264649
gcp,docker,2024-05,76,541,0.14048059149722736,0.02638888888888889,0.7795454788285449
gcp,docker,2024-06,74,541,0.1367837338262477,0.025694444444444443,0.7619674147380916
gcp,docker,2024-07,71,500,0.142,0.024652777777777777,0.7629850746268656
gcp,docker,2024-08,75,566,0.13250883392226148,0.026041666666666668,0.7353091362160175
gcp,docker,2024-09,92,540,0.17037037037037037,0.03194444444444444,0.906962415280345
gcp,docker,2024-10,77,500,0.154,0.02673611111111111,0.7948387096774193
gcp,docker,2024-11,66,547,0.1206581352833638,0.022916666666666665,0.6194214431659318
gcp,docker,2024-12,62,533,0.11632270168855535,0.021527777777777778,0.6700187617260789
gcp,docker,2025-01,83,538,0.15427509293680297,0.028819444444444446,0.7556331082618921
gcp,docker,2025-02,68,518,0.13127413127413126,0.02361111111111111,0.7014276402031503
gcp,docker,2025-03,76,534,0.14232209737827714,0.02638888888888889,0.7882454624027657
gcp,docker,2025-04,68,522,0.13026819923371646,0.02361111111111111,0.7370774337781992
gcp,docker,2025-05,68,508,0.13385826771653545,0.02361111111111111,0.6716233641526517
gcp,docker,2025-06,69,547,0.12614259597806216,0.023958333333333335,0.6534004971525521
gcp,hadoop,2024-01,158,543,0.29097605893186,0.05486111111111111,0.9744314531671592
gcp,hadoop,2024-02,146,546,0.2673992673992674,0.050694444444444445,0.9368733456324697
gcp,hadoop,2024-03,159,550,0.28909090909090907,0.05520833333333333,1.0619666048237477
gcp,hadoop,2024-04,131,552,0.23731884057971014,0.04548611111111111,0.9161906982165753
gcp,hadoop,2024-05,150,541,0.27726432532347506,0.052083333333333336,1.127854882671763
gcp,hadoop,2024-06,123,541,0.22735674676524953,0.042708333333333334,0.9772946726625651
gcp,hadoop,2024-07,117,500,0.234,0.040625,1.0663291139240507
gcp,hadoop,2024-08,114,566,0.20141342756183744,0.03958333333333333,0.9765499518149695
gcp,hadoop,2024-09,99,540,0.18333333333333332,0.034375,0.949640287769784
gcp,hadoop,2024-10,92,500,0.184,0.03194444444444444,1.023011583011583
gcp,hadoop,2024-11,98,547,0.17915904936014626,0.034027777777777775,1.0749542961608776
gcp,hadoop,2024-12,69,533,0.1294559099437148,0.023958333333333335,0.8435136213527118
gcp,hadoop,2025-01,89,538,0.1654275092936803,0.03090277777777778,1.1792852147668298
gcp,hadoop,2025-02,82,518,0.1583011583011583,0.02847222222222222,1.2456484587632128
gcp,hadoop,2025-03,62,534,0.11610486891385768,0.021527777777777778,1.019457385585092
gcp,hadoop,2025-04,55,522,0.1053639846743295,0.019097222222222224,1.0463733650416172
gcp,hadoop,2025-05,37,508,0.07283464566929133,0.012847222222222222,0.8323959505061868
gcp,hadoop,2025-06,50,547,0.09140767824497258,0.017361111111111112,1.2301594081566403
gcp,hive,2024-01,80,543,0.14732965009208104,0.027777777777777776,0.7604110972494506
gcp,hive,2024-02,84,546,0.15384615384615385,0.029166666666666667,0.8791208791208792
gcp,hive,2024-03,81,550,0.14727272727272728,0.028125,0.8638400296241436
gcp,hive,2024-04,78,552,0.14130434782608695,0.027083333333333334,0.7332549941245593
gcp,hive,2024-05,81,541,0.14972273567467653,0.028125,0.8151256687014525
gcp,hive,2024-06,93,541,0.17190388170055454,0.03229166666666667,0.8521225116998228
gcp,hive,2024-07,80,500,0.16,0.027777777777777776,0.8486187845303867
gcp,hive,2024-08,80,566,0.1413427561837456,0.027777777777777776,0.7482851797963002
gcp,hive,2024-09,84,540,0.15555555555555556,0.029166666666666667,0.8565965583173997
gcp,hive,2024-10,88,500,0.176,0.030555555555555555,0.9691778202676864
gcp,hive,2024-11,94,547,0.17184643510054845,0.03263888888888889,0.913132348873763
gcp,hive,2024-12,92,533,0.1726078799249531,0.03194444444444444,0.9205753595997499
gcp,hive,2025-01,79,538,0.14684014869888476,0.027430555555555555,0.7759626206473177
gcp,hive,2025-02,85,518,0.1640926640926641,0.029513888888888888,0.8515078785349055
gcp,hive,2025-03,76,534,0.14232209737827714,0.02638888888888889,0.7632916954365702
gcp,hive,2025-04,88,522,0.1685823754789272,0.030555555555555555,0.8779696950801272
gcp,hive,2025-05,82,508,0.16141732283464566,0.02847222222222222,0.8738381386537208
gcp,hive,2025-06,71,547,0.12979890310786105,0.024652777777777777,0.7093374591093735
gcp,java,2024-01,68,543,0.1252302025782689,0.02361111111111111,0.697607318037552
gcp,java,2024-02,92,546,0.1684981684981685,0.03194444444444444,0.9003241656302882
gcp,java,2024-03,78,550,0.14181818181818182,0.027083333333333334,0.7794587092297016
gcp,java,2024-04,74,552,0.13405797101449277,0.025694444444444443,0.7895438783675647
gcp,java,2024-05,89,541,0.1645101663585952,0.03090277777777778,0.832670086314155
gcp,java,2024-06,71,541,0.13123844731977818,0.024652777777777777,0.7268590928480022
gcp,java,2024-07,75,500,0.15,0.026041666666666668,0.7755834829443446
gcp,java,2024-08,90,566,0.15901060070671377,0.03125,0.7882108950694245
gcp,java,2024-09,82,540,0.15185185185185185,0.02847222222222222,0.7937084089534181
gcp,java,2024-10,73,500,0.146,0.025347222222222222,0.7801113172541744
gcp,java,2024-11,85,547,0.15539305301645337,0.029513888888888888,0.8349477475510927
gcp,java,2024-12,95,533,0.17823639774859287,0.03298611111111111,0.9721985331741431
gcp,java,2025-01,90,538,0.16728624535315986,0.03125,0.8971776287096842
gcp,java,2025-02,88,518,0.16988416988416988,0.030555555555555555,0.9669296625818365
gcp,java,2025-03,66,534,0.12359550561797752,0.022916666666666665,0.6885010757829308
gcp,java,2025-04,82,522,0.15708812260536398,0.02847222222222222,0.7993176556598026
gcp,java,2025-05,68,508,0.13385826771653545,0.02361111111111111,0.7315214630429262
gcp,java,2025-06,70,547,0.12797074954296161,0.024305555555555556,0.7460642888334604
gcp,kafka,2024-01,74,543,0.13627992633517497,0.025694444444444443,0.7606321469870231
gcp,kafka,2024-02,77,546,0.14102564102564102,0.02673611111111111,0.7810650887573964
gcp,kafka,2024-03,79,550,0.14363636363636365,0.027430555555555555,0.7646445975466308
gcp,kafka,2024-04,90,552,0.16304347826086957,0.03125,0.8876469137831839
gcp,kafka,2024-05,82,541,0.15157116451016636,0.02847222222222222,0.8236319882816586
gcp,kafka,2024-06,74,541,0.1367837338262477,0.025694444444444443,0.7446827096778702
gcp,kafka,2024-07,63,500,0.126,0.021875,0.6859735349716446
gcp,kafka,2024-08,97,566,0.17137809187279152,0.033680555555555554,0.8877138571828049
gcp,kafka,2024-09,81,540,0.15,0.028125,0.7840290381125227
gcp,kafka,2024-10,75,500,0.15,0.026041666666666668,0.7970479704797048
gcp,kafka,2024-11,77,547,0.14076782449725778,0.02673611111111111,0.749374001020522
gcp,kafka,2024-12,90,533,0.16885553470919323,0.03125,0.8730770914945718
gcp,kafka,2025-01,69,538,0.12825278810408922,0.023958333333333335,0.674029251349958
gcp,kafka,2025-02,86,518,0.16602316602316602,0.029861111111111113,0.8330082197678016
gcp,kafka,2025-03,101,534,0.1891385767790262,0.035069444444444445,0.9624012387342676
gcp,kafka,2025-04,86,522,0.16475095785440613,0.029861111111111113,0.9142249684406352
gcp,kafka,2025-05,78,508,0.15354330708661418,0.027083333333333334,0.8143733414538653
gcp,kafka,2025-06,73,547,0.13345521023765997,0.025347222222222222,0.7320971533037347
gcp,kubernetes,2024-01,81,543,0.14917127071823205,0.028125,0.7523874950411704
gcp,kubernetes,2024-02,85,546,0.15567765567765568,0.029513888888888888,0.8166696691286855
gcp,kubernetes,2024-03,84,550,0.15272727272727274,0.029166666666666667,0.7968379446640317
gcp,kubernetes,2024-04,82,552,0.14855072463768115,0.02847222222222222,0.7864450127877237
gcp,kubernetes,2024-05,82,541,0.15157116451016636,0.02847222222222222,0.8009632179619801
gcp,kubernetes,2024-06,90,541,0.16635859519408502,0.03125,0.8988982254389585
gcp,kubernetes,2024-07,68,500,0.136,0.02361111111111111,0.765
gcp,kubernetes,2024-08,80,566,0.1413427561837456,0.027777777777777776,0.7374404670456292
gcp,kubernetes,2024-09,68,540,0.1259259259259259,0.02361111111111111,0.7001287001287001
gcp,kubernetes,2024-10,71,500,0.142,0.024652777777777777,0.7910251450676982
gcp,kubernetes,2024-11,76,547,0.13893967093235832,0.02638888888888889,0.760734319933825
gcp,kubernetes,2024-12,83,533,0.15572232645403378,0.028819444444444446,0.7692629505791034
gcp,kubernetes,2025-01,68,538,0.12639405204460966,0.02361111111111111,0.6933616569304302
gcp,kubernetes,2025-02,76,518,0.14671814671814673,0.02638888888888889,0.7559002907840118
gcp,kubernetes,2025-03,86,534,0.16104868913857678,0.029861111111111113,0.85261070720423
gcp,kubernetes,2025-04,81,522,0.15517241379310345,0.028125,0.8081311966078444
gcp,kubernetes,2025-05,87,508,0.17125984251968504,0.030208333333333334,0.9150804201422874
gcp,kubernetes,2025-06,76,547,0.13893967093235832,0.02638888888888889,0.7892431011542247
gcp,powerbi,2024-01,75,543,0.13812154696132597,0.026041666666666668,0.7519660779747047
gcp,powerbi,2024-02,70,546,0.1282051282051282,0.024305555555555556,0.7006276455991826
gcp,powerbi,2024-03,82,550,0.14909090909090908,0.02847222222222222,0.775057433541188
gcp,powerbi,2024-04,72,552,0.13043478260869565,0.025,0.6867498609013593
gcp,powerbi,2024-05,94,541,0.17375231053604437,0.03263888888888889,0.8919904712010834
gcp,powerbi,2024-06,76,541,0.14048059149722736,0.02638888888888889,0.6963581816041563
gcp,powerbi,2024-07,71,500,0.142,0.024652777777777777,0.7368648648648648
gcp,powerbi,2024-08,72,566,0.127208480565371,0.025,0.6649009510494892
gcp,powerbi,2024-09,81,540,0.15,0.028125,0.7955801104972375
gcp,powerbi,2024-10,75,500,0.15,0.026041666666666668,0.8388349514563106
gcp,powerbi,2024-11,102,547,0.18647166361974407,0.035416666666666666,0.967636740945699
gcp,powerbi,2024-12,81,533,0.15196998123827393,0.028125,0.8045469594967444
gcp,powerbi,2025-01,79,538,0.14684014869888476,0.027430555555555555,0.829214957358408
gcp,powerbi,2025-02,76,518,0.14671814671814673,0.02638888888888889,0.7810503928803375
gcp,powerbi,2025-03,82,534,0.15355805243445692,0.02847222222222222,0.840774127397787
gcp,powerbi,2025-04,64,522,0.12260536398467432,0.022222222222222223,0.6587750900669068
gcp,powerbi,2025-05,64,508,0.12598425196850394,0.022222222222222223,0.6202301635372501
gcp,powerbi,2025-06,76,547,0.13893967093235832,0.02638888888888889,0.7986951143417005
gcp,python,2024-01,67,543,0.12338858195211787,0.02326388888888889,0.6692262071979274
gcp,python,2024-02,80,546,0.14652014652014653,0.027777777777777776,0.7442293156578872
gcp,python,2024-03,86,550,0.15636363636363637,0.029861111111111113,0.8202682563338302
gcp,python,2024-04,86,552,0.15579710144927536,0.029861111111111113,0.8143296772666299
gcp,python,2024-05,70,541,0.12939001848428835,0.024305555555555556,0.6824968007962463
gcp,python,2024-06,76,541,0.14048059149722736,0.02638888888888889,0.7619286318493687
gcp,python,2024-07,62,500,0.124,0.021527777777777778,0.6528702010968922
gcp,python,2024-08,87,566,0.15371024734982333,0.030208333333333334,0.8400104599003628
gcp,python,2024-09,78,540,0.14444444444444443,0.027083333333333334,0.7908745247148289
gcp,python,2024-10,77,500,0.154,0.02673611111111111,0.7863829787234042
gcp,python,2024-11,65,547,0.11882998171846434,0.022569444444444444,0.6619542501918323
gcp,python,2024-12,72,533,0.1350844277673546,0.025,0.7112306251736403
gcp,python,2025-01,76,538,0.1412639405204461,0.02638888888888889,0.8153109192362421
gcp,python,2025-02,85,518,0.1640926640926641,0.029513888888888888,0.845414798903171
gcp,python,2025-03,90,534,0.16853932584269662,0.03125,0.9055844373637431
gcp,python,2025-04,82,522,0.15708812260536398,0.02847222222222222,0.8316430020283976
gcp,python,2025-05,77,508,0.1515748031496063,0.02673611111111111,0.8039326575890722
gcp,python,2025-06,91,547,0.1663619744058501,0.03159722222222222,0.8510168495361426
gcp,scala,2024-01,93,543,0.1712707182320442,0.03229166666666667,0.8871576771731786
gcp,scala,2024-02,90,546,0.16483516483516483,0.03125,0.8600095556617295
gcp,scala,2024-03,88,550,0.16,0.030555555555555555,0.8347826086956521
gcp,scala,2024-04,83,552,0.1503623188405797,0.028819444444444446,0.8079169370538611
gcp,scala,2024-05,77,541,0.1423290203327172,0.02673611111111111,0.7372438463277436
gcp,scala,2024-06,79,541,0.14602587800369685,0.027430555555555555,0.7745018943842484
gcp,scala,2024-07,78,500,0.156,0.027083333333333334,0.8366480446927375
gcp,scala,2024-08,89,566,0.15724381625441697,0.03090277777777778,0.8642408221616811
gcp,scala,2024-09,73,540,0.13518518518518519,0.025347222222222222,0.6866549088771311
gcp,scala,2024-10,83,500,0.166,0.028819444444444446,0.8285615251299827
gcp,scala,2024-11,70,547,0.12797074954296161,0.024305555555555556,0.650010156408694
gcp,scala,2024-12,79,533,0.14821763602251406,0.027430555555555555,0.7861266882962071
gcp,scala,2025-01,79,538,0.14684014869888476,0.027430555555555555,0.7432330900751988
gcp,scala,2025-02,81,518,0.15637065637065636,0.028125,0.8355241008302232
gcp,scala,2025-03,73,534,0.13670411985018727,0.025347222222222222,0.7414460737637275
gcp,scala,2025-04,90,522,0.1724137931034483,0.03125,0.8930786405358472
gcp,scala,2025-05,71,508,0.13976377952755906,0.024652777777777777,0.7877097554586499
gcp,scala,2025-06,91,547,0.1663619744058501,0.03159722222222222,0.907428951304637
gcp,snowflake,2024-01,103,543,0.18968692449355432,0.03576388888888889,1.0505737356566085
gcp,snowflake,2024-02,102,546,0.18681318681318682,0.035416666666666666,0.99266047605531
gcp,snowflake,2024-03,97,550,0.17636363636363636,0.033680555555555554,0.9005802707930367
gcp,snowflake,2024-04,103,552,0.18659420289855072,0.03576388888888889,0.9170500074194984
gcp,snowflake,2024-05,106,541,0.19593345656192238,0.03680555555555556,0.9281058468722639
gcp,snowflake,2024-06,106,541,0.19593345656192238,0.03680555555555556,0.8956958014259309
gcp,snowflake,2024-07,123,500,0.246,0.042708333333333334,1.0866257668711656
gcp,snowflake,2024-08,142,566,0.2508833922261484,0.049305555555555554,1.0720239905212277
gcp,snowflake,2024-09,157,540,0.29074074074074074,0.05451388888888889,1.2030651340996168
gcp,snowflake,2024-10,110,500,0.22,0.03819444444444445,0.8824512534818941
gcp,snowflake,2024-11,154,547,0.28153564899451555,0.05347222222222222,1.0957063096002768
gcp,snowflake,2024-12,140,533,0.2626641651031895,0.04861111111111111,0.9927464507837084
gcp,snowflake,2025-01,136,538,0.2527881040892193,0.04722222222222222,0.9286093619603976
gcp,snowflake,2025-02,143,518,0.27606177606177607,0.049652777777777775,0.9864242122306638
gcp,snowflake,2025-03,158,534,0.2958801498127341,0.05486111111111111,1.0291483471747274
gcp,snowflake,2025-04,145,522,0.2777777777777778,0.050347222222222224,0.9411764705882353
gcp,snowflake,2025-05,145,508,0.2854330708661417,0.050347222222222224,0.9427147294661562
gcp,snowflake,2025-06,196,547,0.3583180987202925,0.06805555555555555,1.1543133381593316
gcp,spark,2024-01,70,543,0.1289134438305709,0.024305555555555556,0.6965679516548672
gcp,spark,2024-02,84,546,0.15384615384615385,0.029166666666666667,0.8012240923633329
gcp,spark,2024-03,75,550,0.13636363636363635,0.026041666666666668,0.6950925181013676
gcp,spark,2024-04,71,552,0.1286231884057971,0.024652777777777777,0.6784519827998089
gcp,spark,2024-05,71,541,0.13123844731977818,0.024652777777777777,0.7254639698291001
gcp,spark,2024-06,85,541,0.15711645101663585,0.029513888888888888,0.9086252588913881
gcp,spark,2024-07,68,500,0.136,0.02361111111111111,0.7213259668508288
gcp,spark,2024-08,80,566,0.1413427561837456,0.027777777777777776,0.7141528733494514
gcp,spark,2024-09,65,540,0.12037037037037036,0.022569444444444444,0.6372549019607843
gcp,spark,2024-10,84,500,0.168,0.029166666666666667,0.8429268292682927
gcp,spark,2024-11,86,547,0.15722120658135283,0.029861111111111113,0.810012656447757
gcp,spark,2024-12,68,533,0.1275797373358349,0.02361111111111111,0.7304764284835079
gcp,spark,2025-01,76,538,0.1412639405204461,0.02638888888888889,0.7520150622899904
gcp,spark,2025-02,71,518,0.13706563706563707,0.024652777777777777,0.749049401800825
gcp,spark,2025-03,70,534,0.13108614232209737,0.024305555555555556,0.6790073559130223
gcp,spark,2025-04,77,522,0.1475095785440613,0.02673611111111111,0.7970498803131266
gcp,spark,2025-05,77,508,0.1515748031496063,0.02673611111111111,0.8129151453833634
gcp,spark,2025-06,88,547,0.16087751371115175,0.030555555555555555,0.8408842821925899
gcp,sql,2024-01,78,543,0.143646408839779,0.027083333333333334,0.7632871908829585
gcp,sql,2024-02,86,546,0.1575091575091575,0.029861111111111113,0.8447418503284425
gcp,sql,2024-03,80,550,0.14545454545454545,0.027777777777777776,0.8009734051799061
gcp,sql,2024-04,81,552,0.14673913043478262,0.028125,0.8158469028034246
gcp,sql,2024-05,82,541,0.15157116451016636,0.02847222222222222,0.7893760466352244
gcp,sql,2024-06,74,541,0.1367837338262477,0.025694444444444443,0.7047176268686822
gcp,sql,2024-07,79,500,0.158,0.027430555555555555,0.809679715302491
gcp,sql,2024-08,81,566,0.1431095406360424,0.028125,0.8049911660777385
gcp,sql,2024-09,89,540,0.1648148148148148,0.03090277777777778,0.8371546149323926
gcp,sql,2024-10,61,500,0.122,0.021180555555555557,0.6641965973534971
gcp,sql,2024-11,76,547,0.13893967093235832,0.02638888888888889,0.7861419494797484
gcp,sql,2024-12,85,533,0.15947467166979362,0.029513888888888888,0.8536934096821666
gcp,sql,2025-01,77,538,0.14312267657992564,0.02673611111111111,0.7747994521620034
gcp,sql,2025-02,98,518,0.1891891891891892,0.034027777777777775,0.9817384952520087
gcp,sql,2025-03,69,534,0.12921348314606743,0.023958333333333335,0.7061382001151313
gcp,sql,2025-04,83,522,0.15900383141762453,0.028819444444444446,0.8280850533142109
gcp,sql,2025-05,83,508,0.16338582677165353,0.028819444444444446,0.8778939945939592
gcp,sql,2025-06,86,547,0.15722120658135283,0.029861111111111113,0.8277825867537407
gcp,tableau,2024-01,86,543,0.15837937384898712,0.029861111111111113,0.8431286445195617
gcp,tableau,2024-02,70,546,0.1282051282051282,0.024305555555555556,0.6546644844517184
gcp,tableau,2024-03,72,550,0.13090909090909092,0.025,0.6943244600703165
gcp,tableau,2024-04,80,552,0.14492753623188406,0.027777777777777776,0.7816316560820713
gcp,tableau,2024-05,78,541,0.14417744916820702,0.027083333333333334,0.7632923779493312
gcp,tableau,2024-06,75,541,0.13863216266173753,0.026041666666666668,0.7953398973422392
gcp,tableau,2024-07,79,500,0.158,0.027430555555555555,0.8154838709677419
gcp,tableau,2024-08,95,566,0.16784452296819788,0.03298611111111111,0.8570784151567551
gcp,tableau,2024-09,87,540,0.16111111111111112,0.030208333333333334,0.9151873767258383
gcp,tableau,2024-10,79,500,0.158,0.027430555555555555,0.8426666666666667
gcp,tableau,2024-11,72,547,0.1316270566727605,0.025,0.705932817909777
gcp,tableau,2024-12,81,533,0.15196998123827393,0.028125,0.7843611934878655
gcp,tableau,2025-01,69,538,0.12825278810408922,0.023958333333333335,0.718614843851706
gcp,tableau,2025-02,64,518,0.12355212355212356,0.022222222222222223,0.6701132124860938
gcp,tableau,2025-03,83,534,0.15543071161048688,0.028819444444444446,0.8036632844491961
gcp,tableau,2025-04,77,522,0.1475095785440613,0.02673611111111111,0.7572684246112238
gcp,tableau,2025-05,81,508,0.1594488188976378,0.028125,0.8780355610424414
gcp,tableau,2025-06,72,547,0.1316270566727605,0.025,0.6855079985850818
gcp,terraform,2024-01,82,543,0.15101289134438306,0.02847222222222222,0.8733275644012515
gcp,terraform,2024-02,77,546,0.14102564102564102,0.02673611111111111,0.7125506072874495
gcp,terraform,2024-03,89,550,0.1618181818181818,0.03090277777777778,0.8488822652757079
gcp,terraform,2024-04,93,552,0.16847826086956522,0.03229166666666667,0.8633761411109392
gcp,terraform,2024-05,79,541,0.14602587800369685,0.027430555555555555,0.8197944028277717
gcp,terraform,2024-06,78,541,0.14417744916820702,0.027083333333333334,0.715915609662821
gcp,terraform,2024-07,86,500,0.172,0.029861111111111113,0.8767433628318584
gcp,terraform,2024-08,84,566,0.14840989399293286,0.029166666666666667,0.7915194346289752
gcp,terraform,2024-09,89,540,0.1648148148148148,0.03090277777777778,0.887227414330218
gcp,terraform,2024-10,83,500,0.166,0.028819444444444446,0.8521925133689839
gcp,terraform,2024-11,91,547,0.1663619744058501,0.03159722222222222,0.8743111063665115
gcp,terraform,2024-12,73,533,0.13696060037523453,0.025347222222222222,0.7400497731344754
gcp,terraform,2025-01,69,538,0.12825278810408922,0.023958333333333335,0.6904075322238821
gcp,terraform,2025-02,67,518,0.12934362934362933,0.02326388888888889,0.6860214595021225
gcp,terraform,2025-03,97,534,0.18164794007490637,0.033680555555555554,0.9616655651024455
gcp,terraform,2025-04,71,522,0.1360153256704981,0.024652777777777777,0.7547671251079663
gcp,terraform,2025-05,75,508,0.14763779527559054,0.026041666666666668,0.7675033400608317
gcp,terraform,2025-06,74,547,0.13528336380255943,0.025694444444444443,0.7492617072141753
hadoop,airflow,2024-01,154,860,0.17906976744186046,0.05347222222222222,0.9621659146129815
hadoop,airflow,2024-02,122,822,0.14841849148418493,0.04236111111111111,0.8299907873290342
hadoop,airflow,2024-03,143,784,0.18239795918367346,0.049652777777777775,0.9911436272622256
hadoop,airflow,2024-04,129,746,0.17292225201072386,0.04479166666666667,0.9577232419055476
hadoop,airflow,2024-05,122,708,0.17231638418079095,0.04236111111111111,0.9692796610169491
hadoop,airflow,2024-06,125,670,0.1865671641791045,0.043402777777777776,0.9858962070382036
hadoop,airflow,2024-07,109,632,0.17246835443037975,0.03784722222222222,0.914749283166655
hadoop,airflow,2024-08,96,594,0.16161616161616163,0.03333333333333333,0.93277464018947
hadoop,airflow,2024-09,117,556,0.210431654676259,0.040625,1.1543679342240494
hadoop,airflow,2024-10,113,518,0.21814671814671815,0.03923611111111111,1.1060960356735006
hadoop,airflow,2024-11,88,480,0.18333333333333332,0.030555555555555555,0.9943502824858755
hadoop,airflow,2024-12,102,442,0.23076923076923078,0.035416666666666666,1.235344581069488
hadoop,airflow,2025-01,79,404,0.19554455445544555,0.027430555555555555,0.9845599944609846
hadoop,airflow,2025-02,64,366,0.17486338797814208,0.022222222222222223,0.9855314234384523
hadoop,airflow,2025-03,62,328,0.18902439024390244,0.021527777777777778,0.9988811814723653
hadoop,airflow,2025-04,62,290,0.21379310344827587,0.021527777777777778,1.1617436564736499
hadoop,airflow,2025-05,37,252,0.14682539682539683,0.012847222222222222,0.7605344295991778
hadoop,airflow,2025-06,39,214,0.1822429906542056,0.013541666666666667,0.9719626168224299
hadoop,aws,2024-01,154,860,0.17906976744186046,0.05347222222222222,0.9936819464981852
hadoop,aws,2024-02,154,822,0.1873479318734793,0.05347222222222222,0.9516085428494188
hadoop,aws,2024-03,138,784,0.1760204081632653,0.04791666666666667,0.9711470795214638
hadoop,aws,2024-04,143,746,0.19168900804289543,0.049652777777777775,1.0455764075067024
hadoop,aws,2024-05,131,708,0.1850282485875706,0.04548611111111111,1.0150121065375302
hadoop,aws,2024-06,119,670,0.17761194029850746,0.04131944444444444,0.9706307173808378
hadoop,aws,2024-07,103,632,0.1629746835443038,0.03576388888888889,0.8991706678306417
hadoop,aws,2024-08,100,594,0.16835016835016836,0.034722222222222224,0.9396288466055909
hadoop,aws,2024-09,101,556,0.18165467625899281,0.035069444444444445,0.992723847487475
hadoop,aws,2024-10,103,518,0.19884169884169883,0.03576388888888889,1.0507598030533811
hadoop,aws,2024-11,85,480,0.17708333333333334,0.029513888888888888,1.0515463917525774
hadoop,aws,2024-12,94,442,0.21266968325791855,0.03263888888888889,1.072659698393705
hadoop,aws,2025-01,78,404,0.19306930693069307,0.027083333333333334,1.0412726665925018
hadoop,aws,2025-02,64,366,0.17486338797814208,0.022222222222222223,0.9556101658008523
hadoop,aws,2025-03,68,328,0.2073170731707317,0.02361111111111111,1.1372822299651568
hadoop,aws,2025-04,53,290,0.18275862068965518,0.01840277777777778,0.9729109567212697
hadoop,aws,2025-05,40,252,0.15873015873015872,0.013888888888888888,0.8281573498964803
hadoop,aws,2025-06,32,214,0.14953271028037382,0.011111111111111112,0.8110248693172817
hadoop,azure,2024-01,162,860,0.1883720930232558,0.05625,0.9845946060017727
hadoop,azure,2024-02,173,822,0.21046228710462286,0.060069444444444446,1.179243943309949
hadoop,azure,2024-03,162,784,0.2066326530612245,0.05625,1.112340263208087
hadoop,azure,2024-04,149,746,0.19973190348525469,0.05173611111111111,1.042079496444807
hadoop,azure,2024-05,119,708,0.16807909604519775,0.04131944444444444,0.8801232665639446
hadoop,azure,2024-06,129,670,0.1925373134328358,0.04479166666666667,1.0746268656716418
hadoop,azure,2024-07,116,632,0.18354430379746836,0.04027777777777778,0.9973728206352998
hadoop,azure,2024-08,132,594,0.2222222222222222,0.04583333333333333,1.1228070175438596
hadoop,azure,2024-09,104,556,0.18705035971223022,0.03611111111111111,0.9517756819279559
hadoop,azure,2024-10,78,518,0.15057915057915058,0.027083333333333334,0.8151653264435219
hadoop,azure,2024-11,80,480,0.16666666666666666,0.027777777777777776,0.8743169398907104
hadoop,azure,2024-12,65,442,0.14705882352941177,0.022569444444444444,0.8036611228931801
hadoop,azure,2025-01,72,404,0.1782178217821782,0.025,0.9298321136461472
hadoop,azure,2025-02,79,366,0.21584699453551912,0.027430555555555555,1.0241175358522159
hadoop,azure,2025-03,59,328,0.1798780487804878,0.02048611111111111,0.9419068736141907
hadoop,azure,2025-04,55,290,0.1896551724137931,0.019097222222222224,1.0773311569067536
hadoop,azure,2025-05,42,252,0.16666666666666666,0.014583333333333334,0.973630831643002
hadoop,azure,2025-06,43,214,0.20093457943925233,0.014930555555555556,1.0370817003316248
hadoop,docker,2024-01,174,860,0.20232558139534884,0.06041666666666667,1.0633169241215414
hadoop,docker,2024-02,142,822,0.17274939172749393,0.049305555555555554,0.9950364963503651
hadoop,docker,2024-03,154,784,0.19642857142857142,0.05347222222222222,0.9770540340488526
hadoop,docker,2024-04,137,746,0.1836461126005362,0.04756944444444444,0.9581536309593193
hadoop,docker,2024-05,107,708,0.15112994350282485,0.03715277777777778,0.8386401489174096
hadoop,docker,2024-06,121,670,0.18059701492537314,0.04201388888888889,1.0060336614798349
hadoop,docker,2024-07,121,632,0.19145569620253164,0.04201388888888889,1.0287171736255432
hadoop,docker,2024-08,111,594,0.18686868686868688,0.03854166666666667,1.0369591872482047
hadoop,docker,2024-09,97,556,0.17446043165467626,0.033680555555555554,0.92873575446482
hadoop,docker,2024-10,98,518,0.1891891891891892,0.034027777777777775,0.976460331299041
hadoop,docker,2024-11,93,480,0.19375,0.03229166666666667,0.9946524064171123
hadoop,docker,2024-12,85,442,0.19230769230769232,0.029513888888888888,1.1076923076923078
hadoop,docker,2025-01,73,404,0.1806930693069307,0.025347222222222222,0.8850272782380278
hadoop,docker,2025-02,73,366,0.1994535519125683,0.025347222222222222,1.0657258432434076
hadoop,docker,2025-03,69,328,0.21036585365853658,0.023958333333333335,1.1651031894934334
hadoop,docker,2025-04,63,290,0.21724137931034482,0.021875,1.2291850145654086
hadoop,docker,2025-05,52,252,0.20634920634920634,0.018055555555555554,1.0353409656545545
hadoop,docker,2025-06,51,214,0.2383177570093458,0.017708333333333333,1.2344516909836616
hadoop,gcp,2024-01,158,860,0.18372093023255814,0.05486111111111111,0.9744314531671593
hadoop,gcp,2024-02,146,822,0.17761557177615572,0.050694444444444445,0.9368733456324698
hadoop,gcp,2024-03,159,784,0.20280612244897958,0.05520833333333333,1.0619666048237477
hadoop,gcp,2024-04,131,746,0.17560321715817695,0.04548611111111111,0.9161906982165753
hadoop,gcp,2024-05,150,708,0.211864406779661,0.052083333333333336,1.127854882671763
hadoop,gcp,2024-06,123,670,0.18358208955223881,0.042708333333333334,0.9772946726625652
hadoop,gcp,2024-07,117,632,0.185126582278481,0.040625,1.0663291139240505
hadoop,gcp,2024-08,114,594,0.1919191919191919,0.03958333333333333,0.9765499518149694
hadoop,gcp,2024-09,99,556,0.17805755395683454,0.034375,0.9496402877697842
hadoop,gcp,2024-10,92,518,0.1776061776061776,0.03194444444444444,1.0230115830115831
hadoop,gcp,2024-11,98,480,0.20416666666666666,0.034027777777777775,1.0749542961608776
hadoop,gcp,2024-12,69,442,0.15610859728506787,0.023958333333333335,0.8435136213527119
hadoop,gcp,2025-01,89,404,0.2202970297029703,0.03090277777777778,1.1792852147668298
hadoop,gcp,2025-02,82,366,0.22404371584699453,0.02847222222222222,1.2456484587632128
hadoop,gcp,2025-03,62,328,0.18902439024390244,0.021527777777777778,1.0194573855850917
hadoop,gcp,2025-04,55,290,0.1896551724137931,0.019097222222222224,1.0463733650416172
hadoop,gcp,2025-05,37,252,0.14682539682539683,0.012847222222222222,0.8323959505061868
hadoop,gcp,2025-06,50,214,0.2336448598130841,0.017361111111111112,1.2301594081566403
hadoop,hive,2024-01,166,860,0.1930232558139535,0.05763888888888889,0.9962490622655664
hadoop,hive,2024-02,147,822,0.17883211678832117,0.051041666666666666,1.0218978102189782
hadoop,hive,2024-03,125,784,0.15943877551020408,0.043402777777777776,0.9352009642961053
hadoop,hive,2024-04,144,746,0.19302949061662197,0.05,1.0016665459024707
hadoop,hive,2024-05,145,708,0.20480225988700565,0.050347222222222224,1.1149915094037357
hadoop,hive,2024-06,138,670,0.20597014925373133,0.04791666666666667,1.0209880031854497
hadoop,hive,2024-07,127,632,0.20094936708860758,0.044097222222222225,1.0658087978180293
hadoop,hive,2024-08,120,594,0.20202020202020202,0.041666666666666664,1.0695187165775402
hadoop,hive,2024-09,95,556,0.17086330935251798,0.03298611111111111,0.9408916461477089
hadoop,hive,2024-10,96,518,0.18532818532818532,0.03333333333333333,1.0205452652871392
hadoop,hive,2024-11,96,480,0.2,0.03333333333333333,1.062730627306273
hadoop,hive,2024-12,82,442,0.18552036199095023,0.02847222222222222,0.9894419306184012
hadoop,hive,2025-01,66,404,0.16336633663366337,0.022916666666666665,0.863293668816423
hadoop,hive,2025-02,81,366,0.22131147540983606,0.028125,1.1484271156402304
hadoop,hive,2025-03,50,328,0.1524390243902439,0.017361111111111112,0.8175500749420902
hadoop,hive,2025-04,54,290,0.18620689655172415,0.01875,0.9697574359294132
hadoop,hive,2025-05,48,252,0.19047619047619047,0.016666666666666666,1.0311493018259934
hadoop,hive,2025-06,46,214,0.21495327102803738,0.01597222222222222,1.1746971927148913
hadoop,java,2024-01,153,860,0.17790697674418604,0.053125,0.9910485358283477
hadoop,java,2024-02,146,822,0.17761557177615572,0.050694444444444445,0.949040531939385
hadoop,java,2024-03,140,784,0.17857142857142858,0.04861111111111111,0.9814612868047983
hadoop,java,2024-04,127,746,0.17024128686327078,0.044097222222222225,1.0026480698695701
hadoop,java,2024-05,137,708,0.19350282485875706,0.04756944444444444,0.9794167585118108
hadoop,java,2024-06,124,670,0.18507462686567164,0.043055555555555555,1.0250287026406428
hadoop,java,2024-07,125,632,0.19778481012658228,0.043402777777777776,1.0226575460764038
hadoop,java,2024-08,122,594,0.2053872053872054,0.04236111111111111,1.0180983674959578
hadoop,java,2024-09,113,556,0.20323741007194246,0.03923611111111111,1.0622935408479026
hadoop,java,2024-10,106,518,0.20463320463320464,0.03680555555555556,1.0934019097284404
hadoop,java,2024-11,87,480,0.18125,0.030208333333333334,0.9738805970149254
hadoop,java,2024-12,83,442,0.18778280542986425,0.028819444444444446,1.0242698477992596
hadoop,java,2025-01,78,404,0.19306930693069307,0.027083333333333334,1.0354555008573483
hadoop,java,2025-02,53,366,0.1448087431693989,0.01840277777777778,0.8242078662606104
hadoop,java,2025-03,61,328,0.18597560975609756,0.021180555555555557,1.035995659763174
hadoop,java,2025-04,53,290,0.18275862068965518,0.01840277777777778,0.9299378579261607
hadoop,java,2025-05,49,252,0.19444444444444445,0.017013888888888887,1.062618595825427
hadoop,java,2025-06,33,214,0.1542056074766355,0.011458333333333333,0.8990124484467819
hadoop,kafka,2024-01,162,860,0.1883720930232558,0.05625,1.05137912385073
hadoop,kafka,2024-02,153,822,0.18613138686131386,0.053125,1.030881527231892
hadoop,kafka,2024-03,138,784,0.1760204081632653,0.04791666666666667,0.9370402504809687
hadoop,kafka,2024-04,119,746,0.15951742627345844,0.04131944444444444,0.8684502602411347
hadoop,kafka,2024-05,131,708,0.1850282485875706,0.04548611111111111,1.0054365206267988
hadoop,kafka,2024-06,130,670,0.19402985074626866,0.04513888888888889,1.0563439889399882
hadoop,kafka,2024-07,112,632,0.17721518987341772,0.03888888888888889,0.9648010337153932
hadoop,kafka,2024-08,139,594,0.234006734006734,0.04826388888888889,1.212121212121212
hadoop,kafka,2024-09,117,556,0.210431654676259,0.040625,1.0998968520283592
hadoop,kafka,2024-10,104,518,0.20077220077220076,0.03611111111111111,1.0668338343615096
hadoop,kafka,2024-11,92,480,0.19166666666666668,0.03194444444444444,1.0203327171903882
hadoop,kafka,2024-12,74,442,0.167420814479638,0.025694444444444443,0.8656587894099774
hadoop,kafka,2025-01,80,404,0.19801980198019803,0.027777777777777776,1.0406880104068803
hadoop,kafka,2025-02,72,366,0.19672131147540983,0.025,0.9870337579254012
hadoop,kafka,2025-03,70,328,0.21341463414634146,0.024305555555555556,1.0859260536068258
hadoop,kafka,2025-04,57,290,0.19655172413793104,0.019791666666666666,1.0906916483954554
hadoop,kafka,2025-05,46,252,0.18253968253968253,0.01597222222222222,0.9681662720336753
hadoop,kafka,2025-06,32,214,0.14953271028037382,0.011111111111111112,0.8202937249666221
hadoop,kubernetes,2024-01,183,860,0.2127906976744186,0.06354166666666666,1.0732700688306929
hadoop,kubernetes,2024-02,167,822,0.20316301703163017,0.05798611111111111,1.0657732041003551
hadoop,kubernetes,2024-03,156,784,0.1989795918367347,0.05416666666666667,1.0381543921916592
hadoop,kubernetes,2024-04,149,746,0.19973190348525469,0.05173611111111111,1.0574041949219366
hadoop,kubernetes,2024-05,137,708,0.19350282485875706,0.04756944444444444,1.0225470377857253
hadoop,kubernetes,2024-06,118,670,0.1761194029850746,0.04097222222222222,0.951639550838677
hadoop,kubernetes,2024-07,126,632,0.19936708860759494,0.04375,1.1214398734177216
hadoop,kubernetes,2024-08,109,594,0.1835016835016835,0.03784722222222222,0.9574000878348704
hadoop,kubernetes,2024-09,99,556,0.17805755395683454,0.034375,0.9899725007638677
hadoop,kubernetes,2024-10,102,518,0.1969111969111969,0.035416666666666666,1.0969134373389693
hadoop,kubernetes,2024-11,87,480,0.18125,0.030208333333333334,0.9923954372623575
hadoop,kubernetes,2024-12,89,442,0.20135746606334842,0.03090277777777778,0.9946989747211723
hadoop,kubernetes,2025-01,67,404,0.16584158415841585,0.02326388888888889,0.9097595473833099
hadoop,kubernetes,2025-02,78,366,0.21311475409836064,0.027083333333333334,1.0979794128860083
hadoop,kubernetes,2025-03,65,328,0.19817073170731708,0.022569444444444444,1.049139167862267
hadoop,kubernetes,2025-04,59,290,0.20344827586206896,0.02048611111111111,1.0595497911080625
hadoop,kubernetes,2025-05,37,252,0.14682539682539683,0.012847222222222222,0.7845216008481315
hadoop,kubernetes,2025-06,51,214,0.2383177570093458,0.017708333333333333,1.3537576729524967
hadoop,powerbi,2024-01,159,860,0.18488372093023256,0.05520833333333333,1.006550314327164
hadoop,powerbi,2024-02,148,822,0.18004866180048662,0.05138888888888889,0.9839471460823558
hadoop,powerbi,2024-03,154,784,0.19642857142857142,0.05347222222222222,1.0211449200618874
hadoop,powerbi,2024-04,142,746,0.1903485254691689,0.049305555555555554,1.0022006459802677
hadoop,powerbi,2024-05,136,708,0.192090395480226,0.04722222222222222,0.9861325115562404
hadoop,powerbi,2024-06,133,670,0.19850746268656716,0.04618055555555556,0.983995684229455
hadoop,powerbi,2024-07,123,632,0.19462025316455697,0.042708333333333334,1.0099213137187821
hadoop,powerbi,2024-08,108,594,0.18181818181818182,0.0375,0.9503382280151791
hadoop,powerbi,2024-09,89,556,0.16007194244604317,0.03090277777777778,0.8490003577248698
hadoop,powerbi,2024-10,95,518,0.1833976833976834,0.03298611111111111,1.0256025790006371
hadoop,powerbi,2024-11,97,480,0.20208333333333334,0.033680555555555554,1.0486486486486486
hadoop,powerbi,2024-12,74,442,0.167420814479638,0.025694444444444443,0.886345488421613
hadoop,powerbi,2025-01,72,404,0.1782178217821782,0.025,1.0064065230052417
hadoop,powerbi,2025-02,58,366,0.15846994535519127,0.02013888888888889,0.8436107996727372
hadoop,powerbi,2025-03,48,328,0.14634146341463414,0.016666666666666666,0.801261244551609
hadoop,powerbi,2025-04,55,290,0.1896551724137931,0.019097222222222224,1.0190427174472465
hadoop,powerbi,2025-05,60,252,0.23809523809523808,0.020833333333333332,1.172161172161172
hadoop,powerbi,2025-06,42,214,0.19626168224299065,0.014583333333333334,1.1282108679836589
hadoop,python,2024-01,162,860,0.1883720930232558,0.05625,1.0216791486007093
hadoop,python,2024-02,152,822,0.18491484184914841,0.05277777777777778,0.9392499903448809
hadoop,python,2024-03,152,784,0.19387755102040816,0.05277777777777778,1.01706256273001
hadoop,python,2024-04,143,746,0.19168900804289543,0.049652777777777775,1.0019316572840995
hadoop,python,2024-05,138,708,0.19491525423728814,0.04791666666666667,1.0281244179549265
hadoop,python,2024-06,123,670,0.18358208955223881,0.042708333333333334,0.9956994687579054
hadoop,python,2024-07,118,632,0.18670886075949367,0.04097222222222222,0.983037511859857
hadoop,python,2024-08,92,594,0.15488215488215487,0.03194444444444444,0.8464148122592146
hadoop,python,2024-09,103,556,0.18525179856115107,0.03576388888888889,1.0143064255819678
hadoop,python,2024-10,101,518,0.19498069498069498,0.035069444444444445,0.9956461020290808
hadoop,python,2024-11,77,480,0.16041666666666668,0.02673611111111111,0.8936170212765958
hadoop,python,2024-12,68,442,0.15384615384615385,0.02361111111111111,0.8100126564477571
hadoop,python,2025-01,72,404,0.1782178217821782,0.025,1.0285918371396259
hadoop,python,2025-02,70,366,0.1912568306010929,0.024305555555555556,0.9853661397694946
hadoop,python,2025-03,60,328,0.18292682926829268,0.020833333333333332,0.9828904259191845
hadoop,python,2025-04,50,290,0.1724137931034483,0.017361111111111112,0.9127789046653145
hadoop,python,2025-05,52,252,0.20634920634920634,0.018055555555555554,1.094448829255459
hadoop,python,2025-06,32,214,0.14953271028037382,0.011111111111111112,0.7649275410434753
hadoop,scala,2024-01,175,860,0.20348837209302326,0.06076388888888889,1.054040488539401
hadoop,scala,2024-02,145,822,0.17639902676399027,0.050347222222222224,0.9203427483338622
hadoop,scala,2024-03,144,784,0.1836734693877551,0.05,0.9582963620230701
hadoop,scala,2024-04,140,746,0.1876675603217158,0.04861111111111111,1.0083630106838462
hadoop,scala,2024-05,142,708,0.20056497175141244,0.049305555555555554,1.0388976954029996
hadoop,scala,2024-06,127,670,0.18955223880597014,0.044097222222222225,1.00535994062835
hadoop,scala,2024-07,117,632,0.185126582278481,0.040625,0.9928576479739762
hadoop,scala,2024-08,113,594,0.19023569023569023,0.03923611111111111,1.0455702058755494
hadoop,scala,2024-09,103,556,0.18525179856115107,0.03576388888888889,0.9409615165010848
hadoop,scala,2024-10,93,518,0.17953667953667954,0.03229166666666667,0.8961276205643623
hadoop,scala,2024-11,96,480,0.2,0.03333333333333333,1.015873015873016
hadoop,scala,2024-12,99,442,0.2239819004524887,0.034375,1.1879703007424816
hadoop,scala,2025-01,81,404,0.2004950495049505,0.028125,1.0148079834345474
hadoop,scala,2025-02,83,366,0.226775956284153,0.028819444444444446,1.2117156847836004
hadoop,scala,2025-03,56,328,0.17073170731707318,0.019444444444444445,0.9260024803637867
hadoop,scala,2025-04,48,290,0.16551724137931034,0.016666666666666666,0.8573554949144132
hadoop,scala,2025-05,56,252,0.2222222222222222,0.019444444444444445,1.2524461839530332
hadoop,scala,2025-06,27,214,0.1261682242990654,0.009375,0.6881903143585386
hadoop,spark,2024-01,156,860,0.1813953488372093,0.05416666666666667,0.9801474758933636
hadoop,spark,2024-02,172,822,0.20924574209245742,0.059722222222222225,1.0897427436279878
hadoop,spark,2024-03,143,784,0.18239795918367346,0.049652777777777775,0.9297453494672205
hadoop,spark,2024-04,143,746,0.19168900804289543,0.049652777777777775,1.011106855610877
hadoop,spark,2024-05,116,708,0.1638418079096045,0.04027777777777778,0.9056898402680633
hadoop,spark,2024-06,95,670,0.1417910447761194,0.03298611111111111,0.819996403524546
hadoop,spark,2024-07,126,632,0.19936708860759494,0.04375,1.0574166025596197
hadoop,spark,2024-08,114,594,0.1919191919191919,0.03958333333333333,0.9696969696969697
hadoop,spark,2024-09,125,556,0.22482014388489208,0.043402777777777776,1.190224291155311
hadoop,spark,2024-10,105,518,0.20270270270270271,0.036458333333333336,1.017044919483944
hadoop,spark,2024-11,77,480,0.16041666666666668,0.02673611111111111,0.8264758497316638
hadoop,spark,2024-12,76,442,0.17194570135746606,0.02638888888888889,0.9845002383886725
hadoop,spark,2025-01,74,404,0.18316831683168316,0.025694444444444443,0.9750919639098845
hadoop,spark,2025-02,70,366,0.1912568306010929,0.024305555555555556,1.0451986188446822
hadoop,spark,2025-03,61,328,0.18597560975609756,0.021180555555555557,0.9633268994560449
hadoop,spark,2025-04,43,290,0.1482758620689655,0.014930555555555556,0.8011903991718962
hadoop,spark,2025-05,57,252,0.2261904761904762,0.019791666666666666,1.2130885873902633
hadoop,spark,2025-06,38,214,0.17757009345794392,0.013194444444444444,0.9281340638092169
hadoop,sql,2024-01,150,860,0.1744186046511628,0.052083333333333336,0.9267999656740754
hadoop,sql,2024-02,167,822,0.20316301703163017,0.05798611111111111,1.0895893650858377
hadoop,sql,2024-03,142,784,0.18112244897959184,0.049305555555555554,0.9973855699067391
hadoop,sql,2024-04,138,746,0.18498659517426275,0.04791666666666667,1.0284968998105728
hadoop,sql,2024-05,132,708,0.1864406779661017,0.04583333333333333,0.9709749593894627
hadoop,sql,2024-06,138,670,0.20597014925373133,0.04791666666666667,1.0611699997329986
hadoop,sql,2024-07,109,632,0.17246835443037975,0.03784722222222222,0.883823595657462
hadoop,sql,2024-08,110,594,0.18518518518518517,0.03819444444444445,1.0416666666666665
hadoop,sql,2024-09,92,556,0.16546762589928057,0.03194444444444444,0.8404704807582506
hadoop,sql,2024-10,94,518,0.18146718146718147,0.03263888888888889,0.9879498726379633
hadoop,sql,2024-11,77,480,0.16041666666666668,0.02673611111111111,0.9076620825147348
hadoop,sql,2024-12,88,442,0.19909502262443438,0.030555555555555555,1.0657874817070092
hadoop,sql,2025-01,87,404,0.21534653465346534,0.030208333333333334,1.1657857515074814
hadoop,sql,2025-02,64,366,0.17486338797814208,0.022222222222222223,0.9073992024811697
hadoop,sql,2025-03,45,328,0.13719512195121952,0.015625,0.7497570231869303
hadoop,sql,2025-04,57,290,0.19655172413793104,0.019791666666666666,1.023632849036603
hadoop,sql,2025-05,50,252,0.1984126984126984,0.017361111111111112,1.0660980810234542
hadoop,sql,2025-06,45,214,0.2102803738317757,0.015625,1.1071434673409764
hadoop,tableau,2024-01,150,860,0.1744186046511628,0.052083333333333336,0.9285130894553584
hadoop,tableau,2024-02,173,822,0.21046228710462286,0.060069444444444446,1.0747010405342443
hadoop,tableau,2024-03,162,784,0.2066326530612245,0.05625,1.095952193031909
hadoop,tableau,2024-04,135,746,0.18096514745308312,0.046875,0.9759918064885381
hadoop,tableau,2024-05,133,708,0.18785310734463276,0.04618055555555556,0.9945164506480558
hadoop,tableau,2024-06,132,670,0.19701492537313434,0.04583333333333333,1.13028483082595
hadoop,tableau,2024-07,125,632,0.19778481012658228,0.043402777777777776,1.0208248264597795
hadoop,tableau,2024-08,101,594,0.17003367003367004,0.035069444444444445,0.8682570384698044
hadoop,tableau,2024-09,105,556,0.18884892086330934,0.036458333333333336,1.0727512664424672
hadoop,tableau,2024-10,87,518,0.16795366795366795,0.030208333333333334,0.8957528957528957
hadoop,tableau,2024-11,106,480,0.22083333333333333,0.03680555555555556,1.1843575418994412
hadoop,tableau,2024-12,88,442,0.19909502262443438,0.030555555555555555,1.0275872135454678
hadoop,tableau,2025-01,77,404,0.1905940594059406,0.02673611111111111,1.0679200215741418
hadoop,tableau,2025-02,63,366,0.1721311475409836,0.021875,0.9335926646290635
hadoop,tableau,2025-03,76,328,0.23170731707317074,0.02638888888888889,1.1980557866619959
hadoop,tableau,2025-04,50,290,0.1724137931034483,0.017361111111111112,0.8851189378572746
hadoop,tableau,2025-05,46,252,0.18253968253968253,0.01597222222222222,1.0051898388418465
hadoop,tableau,2025-06,44,214,0.205607476635514,0.015277777777777777,1.0707948150276316
hadoop,terraform,2024-01,146,860,0.1697674418604651,0.050694444444444445,0.9817876155785934
hadoop,terraform,2024-02,168,822,0.20437956204379562,0.058333333333333334,1.0326546292739147
hadoop,terraform,2024-03,151,784,0.19260204081632654,0.05243055555555556,1.0103713616594179
hadoop,terraform,2024-04,137,746,0.1836461126005362,0.04756944444444444,0.9411046339671606
hadoop,terraform,2024-05,119,708,0.16807909604519775,0.04131944444444444,0.9436019427098821
hadoop,terraform,2024-06,134,670,0.2,0.04652777777777778,0.993103448275862
hadoop,terraform,2024-07,106,632,0.16772151898734178,0.03680555555555556,0.8549344684664502
hadoop,terraform,2024-08,121,594,0.2037037037037037,0.04201388888888889,1.0864197530864197
hadoop,terraform,2024-09,107,556,0.19244604316546762,0.03715277777777778,1.0359712230215827
hadoop,terraform,2024-10,104,518,0.20077220077220076,0.03611111111111111,1.0307022071727954
hadoop,terraform,2024-11,92,480,0.19166666666666668,0.03194444444444444,1.0072992700729928
hadoop,terraform,2024-12,89,442,0.20135746606334842,0.03090277777777778,1.0880103231940776
hadoop,terraform,2025-01,68,404,0.16831683168316833,0.02361111111111111,0.9060793929860276
hadoop,terraform,2025-02,72,366,0.19672131147540983,0.025,1.043383751471787
hadoop,terraform,2025-03,54,328,0.16463414634146342,0.01875,0.8715925394548064
hadoop,terraform,2025-04,52,290,0.1793103448275862,0.018055555555555554,0.9950169423958541
hadoop,terraform,2025-05,53,252,0.21031746031746032,0.01840277777777778,1.0933470861268695
hadoop,terraform,2025-06,41,214,0.19158878504672897,0.01423611111111111,1.0611071171818836
hive,airflow,2024-01,84,558,0.15053763440860216,0.029166666666666667,0.8088589311506982
hive,airflow,2024-02,82,504,0.1626984126984127,0.02847222222222222,0.9098474341192788
hive,airflow,2024-03,69,491,0.14052953156822812,0.023958333333333335,0.7636321715405603
hive,airflow,2024-04,82,555,0.14774774774774774,0.02847222222222222,0.8182952182952182
hive,airflow,2024-05,77,529,0.14555765595463138,0.02673611111111111,0.8187618147448015
hive,airflow,2024-06,74,581,0.12736660929432014,0.025694444444444443,0.6730565775553065
hive,airflow,2024-07,79,543,0.14548802946593,0.027430555555555555,0.7716492170568664
hive,airflow,2024-08,70,544,0.12867647058823528,0.024305555555555556,0.7426617941765884
hive,airflow,2024-09,66,523,0.12619502868068833,0.022916666666666665,0.692269871619776
hive,airflow,2024-10,74,523,0.14149139579349904,0.025694444444444443,0.7174211617698543
hive,airflow,2024-11,86,542,0.15867158671586715,0.029861111111111113,0.8605916567640252
hive,airflow,2024-12,66,540,0.12222222222222222,0.022916666666666665,0.654275092936803
hive,airflow,2025-01,82,545,0.15045871559633028,0.02847222222222222,0.7575543722332714
hive,airflow,2025-02,87,555,0.15675675675675677,0.030208333333333334,0.8834823081398424
hive,airflow,2025-03,91,537,0.16945996275605213,0.03159722222222222,0.8954948490595048
hive,airflow,2025-04,83,553,0.15009041591320071,0.028819444444444446,0.8155856562830529
hive,airflow,2025-05,97,532,0.18233082706766918,0.033680555555555554,0.9444474495591496
hive,airflow,2025-06,79,527,0.14990512333965844,0.027430555555555555,0.799493991144845
hive,aws,2024-01,78,558,0.13978494623655913,0.027083333333333334,0.7756852507924669
hive,aws,2024-02,83,504,0.16468253968253968,0.028819444444444446,0.836482741244646
hive,aws,2024-03,80,491,0.1629327902240326,0.027777777777777776,0.8989395322705247
hive,aws,2024-04,71,555,0.12792792792792793,0.024652777777777777,0.6977886977886978
hive,aws,2024-05,75,529,0.14177693761814744,0.026041666666666668,0.7777477720766945
hive,aws,2024-06,75,581,0.12908777969018934,0.026041666666666668,0.7054512438477141
hive,aws,2024-07,84,543,0.15469613259668508,0.029166666666666667,0.8534959039817108
hive,aws,2024-08,70,544,0.12867647058823528,0.024305555555555556,0.7181942544459643
hive,aws,2024-09,78,523,0.1491395793499044,0.027083333333333334,0.8150322362954928
hive,aws,2024-10,66,523,0.12619502868068833,0.022916666666666665,0.6668654726612521
hive,aws,2024-11,78,542,0.14391143911439114,0.027083333333333334,0.8545668961844256
hive,aws,2024-12,84,540,0.15555555555555556,0.029166666666666667,0.7845884413309983
hive,aws,2025-01,74,545,0.13577981651376148,0.025694444444444443,0.732295639624781
hive,aws,2025-02,66,555,0.11891891891891893,0.022916666666666665,0.6498794809990257
hive,aws,2025-03,74,537,0.1378026070763501,0.025694444444444443,0.7559457302474062
hive,aws,2025-04,74,553,0.13381555153707053,0.025694444444444443,0.7123637494025197
hive,aws,2025-05,84,532,0.15789473684210525,0.029166666666666667,0.8237986270022882
hive,aws,2025-06,78,527,0.14800759013282733,0.027083333333333334,0.802753031228894
hive,azure,2024-01,74,558,0.13261648745519714,0.025694444444444443,0.693167847315731
hive,azure,2024-02,63,504,0.125,0.021875,0.7003891050583657
hive,azure,2024-03,69,491,0.14052953156822812,0.023958333333333335,0.756495422273826
hive,azure,2024-04,70,555,0.12612612612612611,0.024305555555555556,0.6580493537015275
hive,azure,2024-05,77,529,0.14555765595463138,0.02673611111111111,0.7621928166351607
hive,azure,2024-06,86,581,0.14802065404475043,0.029861111111111113,0.8261617900172117
hive,azure,2024-07,96,543,0.17679558011049723,0.03333333333333333,0.960700510789117
hive,azure,2024-08,90,544,0.16544117647058823,0.03125,0.8359133126934984
hive,azure,2024-09,85,523,0.16252390057361377,0.029513888888888888,0.8269767379010736
hive,azure,2024-10,78,523,0.1491395793499044,0.027083333333333334,0.8073721588867004
hive,azure,2024-11,76,542,0.14022140221402213,0.02638888888888889,0.73558768374569
hive,azure,2024-12,78,540,0.14444444444444443,0.027083333333333334,0.7893738140417457
hive,azure,2025-01,75,545,0.13761467889908258,0.026041666666666668,0.7179896290386917
hive,azure,2025-02,93,555,0.16756756756756758,0.03229166666666667,0.7950487555100405
hive,azure,2025-03,75,537,0.13966480446927373,0.026041666666666668,0.7313357034027426
hive,azure,2025-04,76,553,0.13743218806509946,0.02638888888888889,0.7806798848668371
hive,azure,2025-05,70,532,0.13157894736842105,0.024305555555555556,0.7686559197181595
hive,azure,2025-06,76,527,0.1442125237191651,0.02638888888888889,0.7443227030666586
hive,databricks,2024-01,81,558,0.14516129032258066,0.028125,1.0451612903225806
hive,databricks,2024-02,77,504,0.1527777777777778,0.02673611111111111,1.0526315789473684
hive,databricks,2024-03,74,491,0.15071283095723015,0.025694444444444443,0.9955342962312451
hive,databricks,2024-04,77,555,0.13873873873873874,0.02673611111111111,0.8801047743779021
hive,databricks,2024-05,84,529,0.15879017013232513,0.029166666666666667,0.9688891736887635
hive,databricks,2024-06,102,581,0.17555938037865748,0.035416666666666666,1.0318592152868031
hive,databricks,2024-07,94,543,0.1731123388581952,0.03263888888888889,0.9814242832905555
hive,databricks,2024-08,107,544,0.19669117647058823,0.03715277777777778,1.0769402818161486
hive,databricks,2024-09,96,523,0.1835564053537285,0.03333333333333333,0.9717692048138568
hive,databricks,2024-10,98,523,0.18738049713193117,0.034027777777777775,0.9602416934874765
hive,databricks,2024-11,112,542,0.2066420664206642,0.03888888888888889,1.0260847436060567
hive,databricks,2024-12,110,540,0.2037037037037037,0.03819444444444445,0.9810479375696766
hive,databricks,2025-01,134,545,0.24587155963302754,0.04652777777777778,1.1495293697128561
hive,databricks,2025-02,109,555,0.1963963963963964,0.03784722222222222,0.8921476681729048
hive,databricks,2025-03,123,537,0.22905027932960895,0.042708333333333334,1.0117558350755733
hive,databricks,2025-04,143,553,0.2585895117540687,0.049652777777777775,1.11154894604734
hive,databricks,2025-05,122,532,0.22932330827067668,0.04236111111111111,0.9599580346214373
hive,databricks,2025-06,123,527,0.2333965844402277,0.042708333333333334,0.9520993812859148
hive,dbt,2024-01,60,558,0.10752688172043011,0.020833333333333332,1.1910669975186106
hive,dbt,2024-02,53,504,0.10515873015873016,0.01840277777777778,1.117554032683184
hive,dbt,2024-03,49,491,0.09979633401221996,0.017013888888888887,1.019196602677991
hive,dbt,2024-04,54,555,0.0972972972972973,0.01875,0.9563693386218984
hive,dbt,2024-05,63,529,0.11909262759924386,0.021875,1.128245945677047
hive,dbt,2024-06,54,581,0.09294320137693632,0.01875,0.8497664125891321
hive,dbt,2024-07,53,543,0.09760589318600368,0.01840277777777778,0.8622851913364743
hive,dbt,2024-08,62,544,0.11397058823529412,0.021527777777777778,0.9739919706755106
hive,dbt,2024-09,69,523,0.13193116634799235,0.023958333333333335,1.0918441352937298
hive,dbt,2024-10,65,523,0.124282982791587,0.022569444444444444,0.9970333995536784
hive,dbt,2024-11,54,542,0.0996309963099631,0.01875,0.7755061334397129
hive,dbt,2024-12,75,540,0.1388888888888889,0.026041666666666668,1.0498687664041995
hive,dbt,2025-01,76,545,0.13944954128440368,0.02638888888888889,1.0245272420894964
hive,dbt,2025-02,74,555,0.13333333333333333,0.025694444444444443,0.9528535980148883
hive,dbt,2025-03,87,537,0.16201117318435754,0.030208333333333334,1.127034248239009
hive,dbt,2025-04,76,553,0.13743218806509946,0.02638888888888889,0.9313051802999681
hive,dbt,2025-05,80,532,0.15037593984962405,0.027777777777777776,0.993308960474581
hive,dbt,2025-06,75,527,0.14231499051233396,0.026041666666666668,0.916928797931816
hive,docker,2024-01,81,558,0.14516129032258066,0.028125,0.762891452790205
hive,docker,2024-02,68,504,0.1349206349206349,0.02361111111111111,0.7771428571428571
hive,docker,2024-03,82,491,0.1670061099796334,0.02847222222222222,0.8307039667380728
hive,docker,2024-04,89,555,0.16036036036036036,0.03090277777777778,0.8366627497062279
hive,docker,2024-05,63,529,0.11909262759924386,0.021875,0.6608608236721046
hive,docker,2024-06,92,581,0.15834767641996558,0.03194444444444444,0.8820915050087058
hive,docker,2024-07,67,543,0.12338858195211787,0.02326388888888889,0.6629834254143646
hive,docker,2024-08,92,544,0.16911764705882354,0.03194444444444444,0.9384563073784428
hive,docker,2024-09,72,523,0.13766730401529637,0.025,0.7328684576045352
hive,docker,2024-10,97,523,0.18546845124282982,0.033680555555555554,0.9572565225436377
hive,docker,2024-11,76,542,0.14022140221402213,0.02638888888888889,0.7198531878366912
hive,docker,2024-12,82,540,0.15185185185185185,0.02847222222222222,0.8746666666666667
hive,docker,2025-01,103,545,0.1889908256880734,0.03576388888888889,0.9256693503089309
hive,docker,2025-02,85,555,0.15315315315315314,0.029513888888888888,0.8183322469036755
hive,docker,2025-03,79,537,0.14711359404096835,0.027430555555555555,0.8147829823807479
hive,docker,2025-04,90,553,0.162748643761302,0.03125,0.9208567662721998
hive,docker,2025-05,86,532,0.16165413533834586,0.029861111111111113,0.8110869508265436
hive,docker,2025-06,75,527,0.14231499051233396,0.026041666666666668,0.7371711738768377
hive,gcp,2024-01,80,558,0.14336917562724014,0.027777777777777776,0.7604110972494504
hive,gcp,2024-02,84,504,0.16666666666666666,0.029166666666666667,0.8791208791208791
hive,gcp,2024-03,81,491,0.164969450101833,0.028125,0.8638400296241437
hive,gcp,2024-04,78,555,0.14054054054054055,0.027083333333333334,0.7332549941245593
hive,gcp,2024-05,81,529,0.15311909262759923,0.028125,0.8151256687014525
hive,gcp,2024-06,93,581,0.16006884681583478,0.03229166666666667,0.8521225116998229
hive,gcp,2024-07,80,543,0.14732965009208104,0.027777777777777776,0.8486187845303869
hive,gcp,2024-08,80,544,0.14705882352941177,0.027777777777777776,0.7482851797963002
hive,gcp,2024-09,84,523,0.16061185468451242,0.029166666666666667,0.8565965583173996
hive,gcp,2024-10,88,523,0.1682600382409178,0.030555555555555555,0.9691778202676865
hive,gcp,2024-11,94,542,0.17343173431734318,0.03263888888888889,0.913132348873763
hive,gcp,2024-12,92,540,0.17037037037037037,0.03194444444444444,0.9205753595997498
hive,gcp,2025-01,79,545,0.14495412844036698,0.027430555555555555,0.7759626206473177
hive,gcp,2025-02,85,555,0.15315315315315314,0.029513888888888888,0.8515078785349055
hive,gcp,2025-03,76,537,0.14152700186219738,0.02638888888888889,0.7632916954365702
hive,gcp,2025-04,88,553,0.15913200723327306,0.030555555555555555,0.8779696950801272
hive,gcp,2025-05,82,532,0.15413533834586465,0.02847222222222222,0.8738381386537208
hive,gcp,2025-06,71,527,0.1347248576850095,0.024652777777777777,0.7093374591093736
hive,hadoop,2024-01,166,558,0.2974910394265233,0.05763888888888889,0.9962490622655663
hive,hadoop,2024-02,147,504,0.2916666666666667,0.051041666666666666,1.0218978102189782
hive,hadoop,2024-03,125,491,0.2545824847250509,0.043402777777777776,0.9352009642961054
hive,hadoop,2024-04,144,555,0.2594594594594595,0.05,1.0016665459024707
hive,hadoop,2024-05,145,529,0.2741020793950851,0.050347222222222224,1.114991509403736
hive,hadoop,2024-06,138,581,0.23752151462994836,0.04791666666666667,1.0209880031854497
hive,hadoop,2024-07,127,543,0.23388581952117865,0.044097222222222225,1.0658087978180293
hive,hadoop,2024-08,120,544,0.22058823529411764,0.041666666666666664,1.0695187165775402
hive,hadoop,2024-09,95,523,0.18164435946462715,0.03298611111111111,0.9408916461477089
hive,hadoop,2024-10,96,523,0.1835564053537285,0.03333333333333333,1.0205452652871392
hive,hadoop,2024-11,96,542,0.17712177121771217,0.03333333333333333,1.062730627306273
hive,hadoop,2024-12,82,540,0.15185185185185185,0.02847222222222222,0.9894419306184011
hive,hadoop,2025-01,66,545,0.12110091743119267,0.022916666666666665,0.863293668816423
hive,hadoop,2025-02,81,555,0.14594594594594595,0.028125,1.1484271156402306
hive,hadoop,2025-03,50,537,0.0931098696461825,0.017361111111111112,0.8175500749420902
hive,hadoop,2025-04,54,553,0.09764918625678119,0.01875,0.9697574359294132
hive,hadoop,2025-05,48,532,0.09022556390977443,0.016666666666666666,1.0311493018259936
hive,hadoop,2025-06,46,527,0.0872865275142315,0.01597222222222222,1.174697192714891
hive,java,2024-01,74,558,0.13261648745519714,0.025694444444444443,0.7387533537156049
hive,java,2024-02,77,504,0.1527777777777778,0.02673611111111111,0.8163265306122449
hive,java,2024-03,74,491,0.15071283095723015,0.025694444444444443,0.828345330451952
hive,java,2024-04,89,555,0.16036036036036036,0.03090277777777778,0.9444536561100978
hive,java,2024-05,95,529,0.17958412098298676,0.03298611111111111,0.9089670798435886
hive,java,2024-06,86,581,0.14802065404475043,0.029861111111111113,0.8198066993247716
hive,java,2024-07,85,543,0.15653775322283608,0.029513888888888888,0.8093873057123302
hive,java,2024-08,89,544,0.1636029411764706,0.03090277777777778,0.8109749924066012
hive,java,2024-09,84,523,0.16061185468451242,0.029166666666666667,0.8394957195851104
hive,java,2024-10,72,523,0.13766730401529637,0.025,0.7355878210835872
hive,java,2024-11,74,542,0.13653136531365315,0.025694444444444443,0.7336013658644049
hive,java,2024-12,65,540,0.12037037037037036,0.022569444444444444,0.6565656565656566
hive,java,2025-01,73,545,0.13394495412844037,0.025347222222222222,0.7183639997949874
hive,java,2025-02,71,555,0.12792792792792793,0.024652777777777777,0.728127336822989
hive,java,2025-03,82,537,0.1527001862197393,0.02847222222222222,0.850631598284041
hive,java,2025-04,90,553,0.162748643761302,0.03125,0.8281203074780031
hive,java,2025-05,82,532,0.15413533834586465,0.02847222222222222,0.8423335378293932
hive,java,2025-06,84,527,0.15939278937381404,0.029166666666666667,0.9292535088999685
hive,kafka,2024-01,77,558,0.13799283154121864,0.02673611111111111,0.7701925481370342
hive,kafka,2024-02,75,504,0.1488095238095238,0.026041666666666668,0.8241758241758241
hive,kafka,2024-03,75,491,0.15274949083503056,0.026041666666666668,0.8131581027816784
hive,kafka,2024-04,77,555,0.13873873873873874,0.02673611111111111,0.7553262146834925
hive,kafka,2024-05,78,529,0.14744801512287334,0.027083333333333334,0.8012269501016513
hive,kafka,2024-06,77,581,0.13253012048192772,0.02673611111111111,0.7215250415651263
hive,kafka,2024-07,77,543,0.141804788213628,0.02673611111111111,0.7720185067206967
hive,kafka,2024-08,75,544,0.13786764705882354,0.026041666666666668,0.7141345746931866
hive,kafka,2024-09,73,523,0.13957934990439771,0.025347222222222222,0.7295617563061079
hive,kafka,2024-10,73,523,0.13957934990439771,0.025347222222222222,0.7416762504145119
hive,kafka,2024-11,82,542,0.15129151291512916,0.02847222222222222,0.8053965937071571
hive,kafka,2024-12,88,540,0.16296296296296298,0.030555555555555555,0.8426092160383004
hive,kafka,2025-01,77,545,0.14128440366972478,0.02673611111111111,0.7425165740306704
hive,kafka,2025-02,91,555,0.16396396396396395,0.03159722222222222,0.8226763348714567
hive,kafka,2025-03,96,537,0.1787709497206704,0.03333333333333333,0.9096472353277929
hive,kafka,2025-04,73,553,0.13200723327305605,0.025347222222222222,0.732525687526785
hive,kafka,2025-05,66,532,0.12406015037593984,0.022916666666666665,0.6579985876292942
hive,kafka,2025-06,74,527,0.14041745730550284,0.025694444444444443,0.7702900515044727
hive,kubernetes,2024-01,94,558,0.16845878136200718,0.03263888888888889,0.8496695101971641
hive,kubernetes,2024-02,64,504,0.12698412698412698,0.022222222222222223,0.6661462399167317
hive,kubernetes,2024-03,65,491,0.13238289205702647,0.022569444444444444,0.6906933498627468
hive,kubernetes,2024-04,95,555,0.17117117117117117,0.03298611111111111,0.9062003179650239
hive,kubernetes,2024-05,80,529,0.15122873345935728,0.027777777777777776,0.7991536740604568
hive,kubernetes,2024-06,90,581,0.1549053356282272,0.03125,0.837011944857963
hive,kubernetes,2024-07,77,543,0.141804788213628,0.02673611111111111,0.7976519337016574
hive,kubernetes,2024-08,90,544,0.16544117647058823,0.03125,0.8631713554987211
hive,kubernetes,2024-09,67,523,0.12810707456978968,0.02326388888888889,0.7122555497316492
hive,kubernetes,2024-10,84,523,0.16061185468451242,0.029166666666666667,0.8947043355732993
hive,kubernetes,2024-11,78,542,0.14391143911439114,0.027083333333333334,0.7879561685350694
hive,kubernetes,2024-12,89,540,0.1648148148148148,0.03090277777777778,0.8141795311606632
hive,kubernetes,2025-01,76,545,0.13944954128440368,0.02638888888888889,0.7649803407601573
hive,kubernetes,2025-02,106,555,0.19099099099099098,0.03680555555555556,0.9839965188802398
hive,kubernetes,2025-03,79,537,0.14711359404096835,0.027430555555555555,0.7788366743345384
hive,kubernetes,2025-04,76,553,0.13743218806509946,0.02638888888888889,0.7157408709357802
hive,kubernetes,2025-05,75,532,0.14097744360902256,0.026041666666666668,0.7532746523079499
hive,kubernetes,2025-06,68,527,0.12903225806451613,0.02361111111111111,0.7329643061652986
hive,powerbi,2024-01,83,558,0.14874551971326164,0.028819444444444446,0.8098054759436549
hive,powerbi,2024-02,74,504,0.14682539682539683,0.025694444444444443,0.8023854703171592
hive,powerbi,2024-03,80,491,0.1629327902240326,0.027777777777777776,0.8470152271574257
hive,powerbi,2024-04,79,555,0.14234234234234233,0.027430555555555555,0.749444142497159
hive,powerbi,2024-05,83,529,0.15689981096408318,0.028819444444444446,0.8054749653771115
hive,powerbi,2024-06,92,581,0.15834767641996558,0.03194444444444444,0.78492479877711
hive,powerbi,2024-07,85,543,0.15653775322283608,0.029513888888888888,0.8123040167239062
hive,powerbi,2024-08,91,544,0.16727941176470587,0.03159722222222222,0.8743461086794064
hive,powerbi,2024-09,69,523,0.13193116634799235,0.023958333333333335,0.6997454126744346
hive,powerbi,2024-10,79,523,0.15105162523900573,0.027430555555555555,0.8447158848317213
hive,powerbi,2024-11,72,542,0.13284132841328414,0.025,0.6893387852797447
hive,powerbi,2024-12,100,540,0.18518518518518517,0.034722222222222224,0.9803921568627451
hive,powerbi,2025-01,68,545,0.12477064220183487,0.02361111111111111,0.7045871559633028
hive,powerbi,2025-02,77,555,0.13873873873873874,0.02673611111111111,0.7385722136184243
hive,powerbi,2025-03,74,537,0.1378026070763501,0.025694444444444443,0.7545085710644264
hive,powerbi,2025-04,90,553,0.162748643761302,0.03125,0.8744703246875928
hive,powerbi,2025-05,75,532,0.14097744360902256,0.026041666666666668,0.6940427993059572
hive,powerbi,2025-06,64,527,0.12144212523719165,0.022222222222222223,0.6981104205251736
hive,python,2024-01,89,558,0.15949820788530467,0.03090277777777778,0.8650750258186015
hive,python,2024-02,72,504,0.14285714285714285,0.025,0.7256235827664399
hive,python,2024-03,79,491,0.16089613034623218,0.027430555555555555,0.8440452739474475
hive,python,2024-04,95,555,0.17117117117117117,0.03298611111111111,0.8946877912395155
hive,python,2024-05,84,529,0.15879017013232513,0.029166666666666667,0.8375745237749018
hive,python,2024-06,80,581,0.13769363166953527,0.027777777777777776,0.7468129175296828
hive,python,2024-07,89,543,0.16390423572744015,0.03090277777777778,0.8629692850000505
hive,python,2024-08,72,544,0.1323529411764706,0.025,0.7232950106038621
hive,python,2024-09,84,523,0.16061185468451242,0.029166666666666667,0.8793957062574065
hive,python,2024-10,75,523,0.14340344168260039,0.026041666666666668,0.732272893698385
hive,python,2024-11,77,542,0.14206642066420663,0.02673611111111111,0.7913951479940331
hive,python,2024-12,89,540,0.1648148148148148,0.03090277777777778,0.8677635588056063
hive,python,2025-01,53,545,0.09724770642201835,0.01840277777777778,0.5612693276461179
hive,python,2025-02,90,555,0.16216216216216217,0.03125,0.8354687424454866
hive,python,2025-03,76,537,0.14152700186219738,0.02638888888888889,0.7604435920953889
hive,python,2025-04,72,553,0.1301989150090416,0.025,0.6892883735772791
hive,python,2025-05,90,532,0.16917293233082706,0.03125,0.8972708013126739
hive,python,2025-06,89,527,0.16888045540796964,0.03090277777777778,0.8639000205594184
hive,scala,2024-01,82,558,0.14695340501792115,0.02847222222222222,0.7611974936180088
hive,scala,2024-02,71,504,0.14087301587301587,0.024652777777777777,0.7349896480331263
hive,scala,2024-03,84,491,0.1710794297352342,0.029166666666666667,0.8925883290533958
hive,scala,2024-04,81,555,0.14594594594594595,0.028125,0.7841871722468737
hive,scala,2024-05,81,529,0.15311909262759923,0.028125,0.7931348682868449
hive,scala,2024-06,86,581,0.14802065404475043,0.029861111111111113,0.7850819220053061
hive,scala,2024-07,86,543,0.15837937384898712,0.029861111111111113,0.849408932374456
hive,scala,2024-08,73,544,0.13419117647058823,0.025347222222222222,0.7375392905253705
hive,scala,2024-09,76,523,0.14531548757170173,0.02638888888888889,0.738110413062612
hive,scala,2024-10,81,523,0.15487571701720843,0.028125,0.773036507815529
hive,scala,2024-11,79,542,0.14575645756457564,0.027430555555555555,0.7403502606454636
hive,scala,2024-12,70,540,0.12962962962962962,0.024305555555555556,0.6875383670963782
hive,scala,2025-01,92,545,0.1688073394495413,0.03194444444444444,0.8544202770029506
hive,scala,2025-02,85,555,0.15315315315315314,0.029513888888888888,0.8183322469036755
hive,scala,2025-03,71,537,0.13221601489757914,0.024652777777777777,0.7171038096139886
hive,scala,2025-04,82,553,0.14828209764918626,0.02847222222222222,0.7680799302691662
hive,scala,2025-05,69,532,0.12969924812030076,0.023958333333333335,0.7309859776643174
hive,scala,2025-06,92,527,0.174573055028463,0.03194444444444444,0.9522166637916164
hive,snowflake,2024-01,106,558,0.18996415770609318,0.03680555555555556,1.0521091811414391
hive,snowflake,2024-02,92,504,0.18253968253968253,0.03194444444444444,0.9699525566684238
hive,snowflake,2024-03,87,491,0.17718940936863545,0.030208333333333334,0.9047969840100534
hive,snowflake,2024-04,116,555,0.209009009009009,0.04027777777777778,1.0272115118531502
hive,snowflake,2024-05,108,529,0.20415879017013233,0.0375,0.967067953437469
hive,snowflake,2024-06,104,581,0.17900172117039587,0.03611111111111111,0.8182935824932382
hive,snowflake,2024-07,119,543,0.21915285451197053,0.04131944444444444,0.9680371487645324
hive,snowflake,2024-08,118,544,0.21691176470588236,0.04097222222222222,0.9268633269331472
hive,snowflake,2024-09,133,523,0.25430210325047803,0.04618055555555556,1.0522845651743917
hive,snowflake,2024-10,140,523,0.2676864244741874,0.04861111111111111,1.073728276442423
hive,snowflake,2024-11,121,542,0.22324723247232472,0.04201388888888889,0.8688540939463449
hive,snowflake,2024-12,144,540,0.26666666666666666,0.05,1.0078740157480315
hive,snowflake,2025-01,147,545,0.26972477064220185,0.051041666666666666,0.9908256880733947
hive,snowflake,2025-02,141,555,0.25405405405405407,0.04895833333333333,0.9077861981087788
hive,snowflake,2025-03,167,537,0.31098696461824954,0.05798611111111111,1.0816937899765202
hive,snowflake,2025-04,158,553,0.2857142857142857,0.05486111111111111,0.9680672268907562
hive,snowflake,2025-05,175,532,0.32894736842105265,0.06076388888888889,1.086431675519073
hive,snowflake,2025-06,173,527,0.32827324478178366,0.060069444444444446,1.0575245469480279
hive,spark,2024-01,81,558,0.14516129032258066,0.028125,0.7843611934878654
hive,spark,2024-02,76,504,0.15079365079365079,0.02638888888888889,0.7853267889434253
hive,spark,2024-03,64,491,0.13034623217922606,0.022222222222222223,0.6644197321702142
hive,spark,2024-04,84,555,0.15135135135135136,0.029166666666666667,0.7983367983367984
hive,spark,2024-05,74,529,0.13988657844990549,0.025694444444444443,0.7732693779956388
hive,spark,2024-06,78,581,0.1342512908777969,0.027083333333333334,0.7763930074860544
hive,spark,2024-07,83,543,0.15285451197053407,0.028819444444444446,0.8107200634901255
hive,spark,2024-08,108,544,0.19852941176470587,0.0375,1.0030959752321982
hive,spark,2024-09,74,523,0.14149139579349904,0.025694444444444443,0.7490720953773479
hive,spark,2024-10,89,523,0.1701720841300191,0.03090277777777778,0.8538250911053223
hive,spark,2024-11,80,542,0.14760147601476015,0.027777777777777776,0.7604512538864208
hive,spark,2024-12,72,540,0.13333333333333333,0.025,0.7634194831013916
hive,spark,2025-01,95,545,0.1743119266055046,0.03298611111111111,0.9279451915413184
hive,spark,2025-02,59,555,0.1063063063063063,0.02048611111111111,0.5809528693779168
hive,spark,2025-03,88,537,0.16387337057728119,0.030555555555555555,0.8488404806880752
hive,spark,2025-04,88,553,0.15913200723327306,0.030555555555555555,0.8598502454630889
hive,spark,2025-05,84,532,0.15789473684210525,0.029166666666666667,0.8468097618347544
hive,spark,2025-06,73,527,0.13851992409867173,0.025347222222222222,0.7240242856700083
hive,sql,2024-01,88,558,0.15770609318996415,0.030555555555555555,0.8379954767289608
hive,sql,2024-02,72,504,0.14285714285714285,0.025,0.7661612130885873
hive,sql,2024-03,69,491,0.14052953156822812,0.023958333333333335,0.7738528698212179
hive,sql,2024-04,79,555,0.14234234234234233,0.027430555555555555,0.7914014400500886
hive,sql,2024-05,87,529,0.16446124763705103,0.030208333333333334,0.8565070401350939
hive,sql,2024-06,92,581,0.15834767641996558,0.03194444444444444,0.8158162935411465
hive,sql,2024-07,74,543,0.13627992633517497,0.025694444444444443,0.69837399972474
hive,sql,2024-08,83,544,0.15257352941176472,0.028819444444444446,0.8582261029411765
hive,sql,2024-09,88,523,0.1682600382409178,0.030555555555555555,0.8546541624935506
hive,sql,2024-10,87,523,0.16634799235181644,0.030208333333333334,0.9056374630873938
hive,sql,2024-11,79,542,0.14575645756457564,0.027430555555555555,0.8247123728604673
hive,sql,2024-12,79,540,0.14629629629629629,0.027430555555555555,0.7831474597273853
hive,sql,2025-01,88,545,0.1614678899082569,0.030555555555555555,0.8741118852176313
hive,sql,2025-02,83,555,0.14954954954954955,0.028819444444444446,0.7760409057706354
hive,sql,2025-03,73,537,0.13594040968342644,0.025347222222222222,0.7429001515906417
hive,sql,2025-04,86,553,0.15551537070524413,0.029861111111111113,0.809917301322067
hive,sql,2025-05,75,532,0.14097744360902256,0.026041666666666668,0.7574907417798227
hive,sql,2025-06,73,527,0.13851992409867173,0.025347222222222222,0.7293187959856939
hive,tableau,2024-01,75,558,0.13440860215053763,0.026041666666666668,0.7155208395444517
hive,tableau,2024-02,82,504,0.1626984126984127,0.02847222222222222,0.8308004052684904
hive,tableau,2024-03,74,491,0.15071283095723015,0.025694444444444443,0.7993608713753644
hive,tableau,2024-04,79,555,0.14234234234234233,0.027430555555555555,0.7676890373519586
hive,tableau,2024-05,75,529,0.14177693761814744,0.026041666666666668,0.7505837873901924
hive,tableau,2024-06,68,581,0.11703958691910499,0.02361111111111111,0.6714621719661801
hive,tableau,2024-07,96,543,0.17679558011049723,0.03333333333333333,0.9124933166993405
hive,tableau,2024-08,79,544,0.14522058823529413,0.027430555555555555,0.7415519399249062
hive,tableau,2024-09,67,523,0.12810707456978968,0.02326388888888889,0.7277088259585686
hive,tableau,2024-10,80,523,0.15296367112810708,0.027777777777777776,0.815806246016571
hive,tableau,2024-11,93,542,0.17158671586715868,0.03229166666666667,0.9202416046506834
hive,tableau,2024-12,83,540,0.1537037037037037,0.028819444444444446,0.7933094384707288
hive,tableau,2025-01,94,545,0.1724770642201835,0.03263888888888889,0.9664084532181487
hive,tableau,2025-02,89,555,0.16036036036036036,0.03090277777777778,0.8697511070392426
hive,tableau,2025-03,86,537,0.1601489757914339,0.029861111111111113,0.828059336228599
hive,tableau,2025-04,84,553,0.1518987341772152,0.029166666666666667,0.779800988289447
hive,tableau,2025-05,81,532,0.15225563909774437,0.028125,0.8384249342284967
hive,tableau,2025-06,75,527,0.14231499051233396,0.026041666666666668,0.7411702941691172
hive,terraform,2024-01,60,558,0.10752688172043011,0.020833333333333332,0.6218422075398368
hive,terraform,2024-02,86,504,0.17063492063492064,0.029861111111111113,0.862155388471178
hive,terraform,2024-03,78,491,0.15885947046843177,0.027083333333333334,0.8333611565557076
hive,terraform,2024-04,65,555,0.11711711711711711,0.022569444444444444,0.6001731268635183
hive,terraform,2024-05,75,529,0.14177693761814744,0.026041666666666668,0.7959407024176698
hive,terraform,2024-06,103,581,0.17728055077452667,0.03576388888888889,0.8802896314321325
hive,terraform,2024-07,75,543,0.13812154696132597,0.026041666666666668,0.7040531951302987
hive,terraform,2024-08,78,544,0.14338235294117646,0.027083333333333334,0.7647058823529411
hive,terraform,2024-09,87,523,0.16634799235181644,0.030208333333333334,0.8954807812583763
hive,terraform,2024-10,72,523,0.13766730401529637,0.025,0.706741239864623
hive,terraform,2024-11,85,542,0.15682656826568267,0.029513888888888888,0.824198023002128
hive,terraform,2024-12,70,540,0.12962962962962962,0.024305555555555556,0.7004377736085052
hive,terraform,2025-01,89,545,0.163302752293578,0.03090277777777778,0.879087713281317
hive,terraform,2025-02,79,555,0.14234234234234233,0.027430555555555555,0.7549649096610422
hive,terraform,2025-03,86,537,0.1601489757914339,0.029861111111111113,0.8478475188958265
hive,terraform,2025-04,69,553,0.12477396021699819,0.023958333333333335,0.692387293689701
hive,terraform,2025-05,88,532,0.16541353383458646,0.030555555555555555,0.8599115116310632
hive,terraform,2025-06,73,527,0.13851992409867173,0.025347222222222222,0.7671872719311049
java,airflow,2024-01,73,517,0.14119922630560927,0.025347222222222222,0.7586824100002886
java,airflow,2024-02,70,539,0.12987012987012986,0.024305555555555556,0.7262640272349009
java,airflow,2024-03,68,524,0.1297709923664122,0.02361111111111111,0.705170675500504
java,airflow,2024-04,74,489,0.15132924335378323,0.025694444444444443,0.8381311939594148
java,airflow,2024-05,74,569,0.13005272407732865,0.025694444444444443,0.7315465729349736
java,airflow,2024-06,90,520,0.17307692307692307,0.03125,0.9146083274523642
java,airflow,2024-07,97,557,0.1741472172351885,0.033680555555555554,0.923653748871718
java,airflow,2024-08,74,581,0.12736660929432014,0.025694444444444443,0.7351018732818477
java,airflow,2024-09,84,551,0.15245009074410162,0.029166666666666667,0.8362976406533575
java,airflow,2024-10,96,539,0.17810760667903525,0.03333333333333333,0.9030808225979252
java,airflow,2024-11,70,536,0.13059701492537312,0.024305555555555556,0.708322792815583
java,airflow,2024-12,80,528,0.15151515151515152,0.027777777777777776,0.8110848259547144
java,airflow,2025-01,78,537,0.1452513966480447,0.027083333333333334,0.7313357034027426
java,airflow,2025-02,75,506,0.1482213438735178,0.026041666666666668,0.8353766543164994
java,airflow,2025-03,80,517,0.15473887814313347,0.027777777777777776,0.8177026955086687
java,airflow,2025-04,86,566,0.1519434628975265,0.029861111111111113,0.8256550436695779
java,airflow,2025-05,69,527,0.13092979127134724,0.023958333333333335,0.6781974799666907
java,airflow,2025-06,77,494,0.15587044534412955,0.02673611111111111,0.8313090418353576
java,aws,2024-01,77,517,0.14893617021276595,0.02673611111111111,0.8264666092731521
java,aws,2024-02,81,539,0.150278293135436,0.028125,0.7633183143387225
java,aws,2024-03,66,524,0.12595419847328243,0.022916666666666665,0.6949197157146617
java,aws,2024-04,68,489,0.1390593047034765,0.02361111111111111,0.7585052983825991
java,aws,2024-05,83,569,0.14586994727592267,0.028819444444444446,0.8002008536279187
java,aws,2024-06,77,520,0.14807692307692308,0.02673611111111111,0.8092249306670559
java,aws,2024-07,74,557,0.13285457809694792,0.025694444444444443,0.7329907757072989
java,aws,2024-08,85,581,0.14629948364888123,0.029513888888888888,0.816555257575151
java,aws,2024-09,91,551,0.16515426497277677,0.03159722222222222,0.9025508218626132
java,aws,2024-10,84,539,0.15584415584415584,0.029166666666666667,0.8235434290480163
java,aws,2024-11,73,536,0.13619402985074627,0.025347222222222222,0.8087398061240191
java,aws,2024-12,87,528,0.16477272727272727,0.030208333333333334,0.8310778538449292
java,aws,2025-01,66,537,0.12290502793296089,0.022916666666666665,0.6628585776159688
java,aws,2025-02,85,506,0.16798418972332016,0.029513888888888888,0.9180160652811424
java,aws,2025-03,71,517,0.13733075435203096,0.024652777777777777,0.7533572810168556
java,aws,2025-04,82,566,0.14487632508833923,0.02847222222222222,0.7712455013944861
java,aws,2025-05,91,527,0.17267552182163187,0.03159722222222222,0.9009157660259054
java,aws,2025-06,69,494,0.1396761133603239,0.023958333333333335,0.7575653605983669
java,azure,2024-01,99,517,0.19148936170212766,0.034375,1.0008881337606674
java,azure,2024-02,80,539,0.14842300556586271,0.027777777777777776,0.8316308483067794
java,azure,2024-03,85,524,0.16221374045801526,0.029513888888888888,0.8732253691945494
java,azure,2024-04,68,489,0.1390593047034765,0.02361111111111111,0.725526807148573
java,azure,2024-05,74,569,0.13005272407732865,0.025694444444444443,0.6810033551685574
java,azure,2024-06,79,520,0.1519230769230769,0.027430555555555555,0.847942754919499
java,azure,2024-07,76,557,0.13644524236983843,0.02638888888888889,0.7414382981606314
java,azure,2024-08,80,581,0.13769363166953527,0.027777777777777776,0.6957151915934414
java,azure,2024-09,87,551,0.15789473684210525,0.030208333333333334,0.8034219825181328
java,azure,2024-10,87,539,0.1614100185528757,0.030208333333333334,0.8737985966772218
java,azure,2024-11,67,536,0.125,0.02326388888888889,0.6557377049180328
java,azure,2024-12,78,528,0.14772727272727273,0.027083333333333334,0.80731412799724
java,azure,2025-01,79,537,0.14711359404096835,0.027430555555555555,0.7675491863007045
java,azure,2025-02,81,506,0.1600790513833992,0.028125,0.7595183986559962
java,azure,2025-03,79,517,0.1528046421663443,0.027430555555555555,0.8001406717074029
java,azure,2025-04,75,566,0.13250883392226148,0.026041666666666668,0.7527129027536746
java,azure,2025-05,85,527,0.16129032258064516,0.029513888888888888,0.9422233854609696
java,azure,2025-06,79,494,0.15991902834008098,0.027430555555555555,0.8253885333681599
java,databricks,2024-01,72,517,0.13926499032882012,0.025,1.0027079303675048
java,databricks,2024-02,81,539,0.150278293135436,0.028125,1.0354102493542001
java,databricks,2024-03,79,524,0.15076335877862596,0.027430555555555555,0.9958680579872541
java,databricks,2024-04,98,489,0.20040899795501022,0.034027777777777775,1.2713169914326639
java,databricks,2024-05,118,569,0.20738137082601055,0.04097222222222222,1.265377855887522
java,databricks,2024-06,83,520,0.1596153846153846,0.028819444444444446,0.9381475667189952
java,databricks,2024-07,83,557,0.1490125673249551,0.028819444444444446,0.844795657275336
java,databricks,2024-08,113,581,0.1944922547332186,0.03923611111111111,1.0649005582351132
java,databricks,2024-09,110,551,0.1996370235934664,0.03819444444444445,1.0569018896124693
java,databricks,2024-10,95,539,0.17625231910946196,0.03298611111111111,0.9032147313794492
java,databricks,2024-11,114,536,0.2126865671641791,0.03958333333333333,1.05609881626351
java,databricks,2024-12,110,528,0.20833333333333334,0.03819444444444445,1.0033444816053512
java,databricks,2025-01,115,537,0.21415270018621974,0.03993055555555555,1.0012334034680404
java,databricks,2025-02,104,506,0.20553359683794467,0.03611111111111111,0.9336541938379821
java,databricks,2025-03,118,517,0.22823984526112184,0.04097222222222222,1.0081760036074094
java,databricks,2025-04,125,566,0.22084805653710246,0.043402777777777776,0.9493170191445598
java,databricks,2025-05,125,527,0.23719165085388993,0.043402777777777776,0.9928952826441904
java,databricks,2025-06,131,494,0.2651821862348178,0.04548611111111111,1.08176302600039
java,dbt,2024-01,43,517,0.08317214700193423,0.014930555555555556,0.9212914744829638
java,dbt,2024-02,51,539,0.09461966604823747,0.017708333333333333,1.0055521705495347
java,dbt,2024-03,47,524,0.08969465648854962,0.016319444444444445,0.916030534351145
java,dbt,2024-04,57,489,0.1165644171779141,0.019791666666666666,1.1457526330115788
java,dbt,2024-05,66,569,0.11599297012302284,0.022916666666666665,1.0988807695865321
java,dbt,2024-06,60,520,0.11538461538461539,0.020833333333333332,1.054945054945055
java,dbt,2024-07,68,557,0.12208258527827648,0.02361111111111111,1.0785209987774118
java,dbt,2024-08,59,581,0.10154905335628227,0.02048611111111111,0.8678376073177831
java,dbt,2024-09,75,551,0.13611615245009073,0.026041666666666668,1.1264785030352336
java,dbt,2024-10,70,539,0.12987012987012986,0.024305555555555556,1.0418550808522953
java,dbt,2024-11,66,536,0.12313432835820895,0.022916666666666665,0.9584509883017346
java,dbt,2024-12,63,528,0.11931818181818182,0.021875,0.901932712956335
java,dbt,2025-01,81,537,0.15083798882681565,0.028125,1.108197468931707
java,dbt,2025-02,79,506,0.15612648221343872,0.027430555555555555,1.1157426024186192
java,dbt,2025-03,72,517,0.13926499032882012,0.025,0.968799932722227
java,dbt,2025-04,75,566,0.13250883392226148,0.026041666666666668,0.8979422157555601
java,dbt,2025-05,67,527,0.127134724857685,0.02326388888888889,0.8397890082342496
java,dbt,2025-06,73,494,0.14777327935222673,0.025347222222222222,0.9520962964975681
java,docker,2024-01,81,517,0.15667311411992263,0.028125,0.8233915486594474
java,docker,2024-02,68,539,0.1261595547309833,0.02361111111111111,0.7266790352504638
java,docker,2024-03,72,524,0.13740458015267176,0.025,0.6834631966143259
java,docker,2024-04,66,489,0.13496932515337423,0.022916666666666665,0.704187783408909
java,docker,2024-05,93,569,0.1634446397188049,0.03229166666666667,0.9069760354338308
java,docker,2024-06,81,520,0.15576923076923077,0.028125,0.8677280166641869
java,docker,2024-07,83,557,0.1490125673249551,0.028819444444444446,0.800664540850505
java,docker,2024-08,70,581,0.12048192771084337,0.024305555555555556,0.6685702346960095
java,docker,2024-09,99,551,0.17967332123411978,0.034375,0.9564864420596395
java,docker,2024-10,85,539,0.15769944341372913,0.029513888888888888,0.8139326111676342
java,docker,2024-11,81,536,0.15111940298507462,0.028125,0.7758001436666933
java,docker,2024-12,69,528,0.13068181818181818,0.023958333333333335,0.7527272727272727
java,docker,2025-01,92,537,0.1713221601489758,0.03194444444444444,0.8391289476684529
java,docker,2025-02,64,506,0.12648221343873517,0.022222222222222223,0.6758233296912008
java,docker,2025-03,72,517,0.13926499032882012,0.025,0.7713137925903883
java,docker,2025-04,72,566,0.127208480565371,0.025,0.7197650766763625
java,docker,2025-05,84,527,0.15939278937381404,0.029166666666666667,0.7997408247327255
java,docker,2025-06,76,494,0.15384615384615385,0.02638888888888889,0.7969009407858328
java,gcp,2024-01,68,517,0.13152804642166344,0.02361111111111111,0.6976073180375519
java,gcp,2024-02,92,539,0.17068645640074212,0.03194444444444444,0.9003241656302882
java,gcp,2024-03,78,524,0.14885496183206107,0.027083333333333334,0.7794587092297016
java,gcp,2024-04,74,489,0.15132924335378323,0.025694444444444443,0.7895438783675646
java,gcp,2024-05,89,569,0.15641476274165203,0.03090277777777778,0.832670086314155
java,gcp,2024-06,71,520,0.13653846153846153,0.024652777777777777,0.7268590928480022
java,gcp,2024-07,75,557,0.13464991023339318,0.026041666666666668,0.7755834829443448
java,gcp,2024-08,90,581,0.1549053356282272,0.03125,0.7882108950694247
java,gcp,2024-09,82,551,0.14882032667876588,0.02847222222222222,0.793708408953418
java,gcp,2024-10,73,539,0.13543599257884972,0.025347222222222222,0.7801113172541745
java,gcp,2024-11,85,536,0.15858208955223882,0.029513888888888888,0.8349477475510929
java,gcp,2024-12,95,528,0.17992424242424243,0.03298611111111111,0.972198533174143
java,gcp,2025-01,90,537,0.16759776536312848,0.03125,0.8971776287096841
java,gcp,2025-02,88,506,0.17391304347826086,0.030555555555555555,0.9669296625818364
java,gcp,2025-03,66,517,0.1276595744680851,0.022916666666666665,0.6885010757829308
java,gcp,2025-04,82,566,0.14487632508833923,0.02847222222222222,0.7993176556598026
java,gcp,2025-05,68,527,0.12903225806451613,0.02361111111111111,0.731521463042926
java,gcp,2025-06,70,494,0.1417004048582996,0.024305555555555556,0.7460642888334604
java,hadoop,2024-01,153,517,0.29593810444874274,0.053125,0.9910485358283478
java,hadoop,2024-02,146,539,0.27087198515769945,0.050694444444444445,0.949040531939385
java,hadoop,2024-03,140,524,0.26717557251908397,0.04861111111111111,0.9814612868047984
java,hadoop,2024-04,127,489,0.25971370143149286,0.044097222222222225,1.0026480698695701
java,hadoop,2024-05,137,569,0.24077328646748683,0.04756944444444444,0.9794167585118109
java,hadoop,2024-06,124,520,0.23846153846153847,0.043055555555555555,1.025028702640643
java,hadoop,2024-07,125,557,0.2244165170556553,0.043402777777777776,1.0226575460764038
java,hadoop,2024-08,122,581,0.2099827882960413,0.04236111111111111,1.0180983674959578
java,hadoop,2024-09,113,551,0.20508166969147004,0.03923611111111111,1.0622935408479024
java,hadoop,2024-10,106,539,0.19666048237476808,0.03680555555555556,1.0934019097284402
java,hadoop,2024-11,87,536,0.1623134328358209,0.030208333333333334,0.9738805970149254
java,hadoop,2024-12,83,528,0.1571969696969697,0.028819444444444446,1.0242698477992596
java,hadoop,2025-01,78,537,0.1452513966480447,0.027083333333333334,1.0354555008573485
java,hadoop,2025-02,53,506,0.10474308300395258,0.01840277777777778,0.8242078662606105
java,hadoop,2025-03,61,517,0.11798839458413926,0.021180555555555557,1.035995659763174
java,hadoop,2025-04,53,566,0.09363957597173145,0.01840277777777778,0.9299378579261606
java,hadoop,2025-05,49,527,0.09297912713472485,0.017013888888888887,1.0626185958254268
java,hadoop,2025-06,33,494,0.06680161943319839,0.011458333333333333,0.8990124484467821
java,hive,2024-01,74,517,0.14313346228239845,0.025694444444444443,0.7387533537156049
java,hive,2024-02,77,539,0.14285714285714285,0.02673611111111111,0.8163265306122449
java,hive,2024-03,74,524,0.14122137404580154,0.025694444444444443,0.828345330451952
java,hive,2024-04,89,489,0.18200408997955012,0.03090277777777778,0.9444536561100979
java,hive,2024-05,95,569,0.16695957820738136,0.03298611111111111,0.9089670798435884
java,hive,2024-06,86,520,0.16538461538461538,0.029861111111111113,0.8198066993247716
java,hive,2024-07,85,557,0.1526032315978456,0.029513888888888888,0.8093873057123303
java,hive,2024-08,89,581,0.153184165232358,0.03090277777777778,0.8109749924066012
java,hive,2024-09,84,551,0.15245009074410162,0.029166666666666667,0.8394957195851103
java,hive,2024-10,72,539,0.13358070500927643,0.025,0.7355878210835872
java,hive,2024-11,74,536,0.13805970149253732,0.025694444444444443,0.7336013658644049
java,hive,2024-12,65,528,0.12310606060606061,0.022569444444444444,0.6565656565656566
java,hive,2025-01,73,537,0.13594040968342644,0.025347222222222222,0.7183639997949874
java,hive,2025-02,71,506,0.14031620553359683,0.024652777777777777,0.7281273368229889
java,hive,2025-03,82,517,0.15860735009671179,0.02847222222222222,0.8506315982840409
java,hive,2025-04,90,566,0.15901060070671377,0.03125,0.8281203074780029
java,hive,2025-05,82,527,0.1555977229601518,0.02847222222222222,0.8423335378293932
java,hive,2025-06,84,494,0.1700404858299595,0.029166666666666667,0.9292535088999685
java,kafka,2024-01,76,517,0.1470019342359768,0.02638888888888889,0.8204759120147542
java,kafka,2024-02,92,539,0.17068645640074212,0.03194444444444444,0.9453403739118025
java,kafka,2024-03,84,524,0.16030534351145037,0.029166666666666667,0.8533814959574437
java,kafka,2024-04,67,489,0.13701431492842536,0.02326388888888889,0.7459380472473819
java,kafka,2024-05,93,569,0.1634446397188049,0.03229166666666667,0.8881520045097323
java,kafka,2024-06,73,520,0.14038461538461539,0.025347222222222222,0.7642867529445979
java,kafka,2024-07,80,557,0.1436265709156194,0.027777777777777776,0.7819367187844685
java,kafka,2024-08,95,581,0.16351118760757316,0.03298611111111111,0.8469644250176451
java,kafka,2024-09,63,551,0.11433756805807622,0.021875,0.5976264900313241
java,kafka,2024-10,66,539,0.12244897959183673,0.022916666666666665,0.6506514044732284
java,kafka,2024-11,97,536,0.18097014925373134,0.033680555555555554,0.9633900736612685
java,kafka,2024-12,77,528,0.14583333333333334,0.02673611111111111,0.7540394973070018
java,kafka,2025-01,77,537,0.14338919925512103,0.02673611111111111,0.7535782734575704
java,kafka,2025-02,69,506,0.13636363636363635,0.023958333333333335,0.6841938549255622
java,kafka,2025-03,80,517,0.15473887814313347,0.027777777777777776,0.7873639029191244
java,kafka,2025-04,84,566,0.14840989399293286,0.029166666666666667,0.8235462325619396
java,kafka,2025-05,76,527,0.1442125237191651,0.02638888888888889,0.7648841037038591
java,kafka,2025-06,62,494,0.12550607287449392,0.021527777777777778,0.6884904569115096
java,kubernetes,2024-01,89,517,0.172147001934236,0.03090277777777778,0.8682720938189136
java,kubernetes,2024-02,81,539,0.150278293135436,0.028125,0.7883451443170414
java,kubernetes,2024-03,81,524,0.15458015267175573,0.028125,0.8065051443743777
java,kubernetes,2024-04,78,489,0.15950920245398773,0.027083333333333334,0.8444604835799351
java,kubernetes,2024-05,76,569,0.1335676625659051,0.02638888888888889,0.7058254462198288
java,kubernetes,2024-06,74,520,0.1423076923076923,0.025694444444444443,0.7689421272910953
java,kubernetes,2024-07,82,557,0.14721723518850988,0.02847222222222222,0.828096947935368
java,kubernetes,2024-08,88,581,0.1514629948364888,0.030555555555555555,0.7902417121903763
java,kubernetes,2024-09,74,551,0.13430127041742287,0.025694444444444443,0.7466943220119264
java,kubernetes,2024-10,89,539,0.16512059369202226,0.03090277777777778,0.9198207153443406
java,kubernetes,2024-11,74,536,0.13805970149253732,0.025694444444444443,0.7559162363089497
java,kubernetes,2024-12,68,528,0.12878787878787878,0.02361111111111111,0.6362077031030718
java,kubernetes,2025-01,75,537,0.13966480446927373,0.026041666666666668,0.7661612130885874
java,kubernetes,2025-02,62,506,0.1225296442687747,0.021527777777777778,0.6312797414920772
java,kubernetes,2025-03,68,517,0.13152804642166344,0.02361111111111111,0.6963249516441006
java,kubernetes,2025-04,86,566,0.1519434628975265,0.029861111111111113,0.7913149604789806
java,kubernetes,2025-05,79,527,0.14990512333965844,0.027430555555555555,0.8009772824085646
java,kubernetes,2025-06,69,494,0.1396761133603239,0.023958333333333335,0.7934264427568695
java,powerbi,2024-01,85,517,0.1644100580270793,0.029513888888888888,0.895086894362927
java,powerbi,2024-02,73,539,0.13543599257884972,0.025347222222222222,0.7401435647572813
java,powerbi,2024-03,73,524,0.13931297709923665,0.025347222222222222,0.7242263069418801
java,powerbi,2024-04,71,489,0.14519427402862986,0.024652777777777777,0.7644597974450713
java,powerbi,2024-05,91,569,0.15992970123022848,0.03159722222222222,0.8210294822514403
java,powerbi,2024-06,91,520,0.175,0.03159722222222222,0.8674698795180722
java,powerbi,2024-07,80,557,0.1436265709156194,0.027777777777777776,0.7453054490756466
java,powerbi,2024-08,98,581,0.1686746987951807,0.034027777777777775,0.8816390790020335
java,powerbi,2024-09,83,551,0.15063520871143377,0.028819444444444446,0.7989491732761128
java,powerbi,2024-10,58,539,0.10760667903525047,0.02013888888888889,0.6017616225660608
java,powerbi,2024-11,80,536,0.14925373134328357,0.027777777777777776,0.7745058491327147
java,powerbi,2024-12,83,528,0.1571969696969697,0.028819444444444446,0.8322192513368984
java,powerbi,2025-01,77,537,0.14338919925512103,0.02673611111111111,0.8097272428524481
java,powerbi,2025-02,66,506,0.13043478260869565,0.022916666666666665,0.6943663103753114
java,powerbi,2025-03,73,517,0.14119922630560927,0.025347222222222222,0.7731060299622713
java,powerbi,2025-04,84,566,0.14840989399293286,0.029166666666666667,0.7974262960814302
java,powerbi,2025-05,89,527,0.16888045540796964,0.03090277777777778,0.8314114727776967
java,powerbi,2025-06,76,494,0.15384615384615385,0.02638888888888889,0.8843850760018426
java,python,2024-01,74,517,0.14313346228239845,0.025694444444444443,0.7763170835655508
java,python,2024-02,78,539,0.14471243042671614,0.027083333333333334,0.7350472656595105
java,python,2024-03,79,524,0.15076335877862596,0.027430555555555555,0.7908897509698412
java,python,2024-04,69,489,0.1411042944785276,0.023958333333333335,0.7375324284903076
java,python,2024-05,77,569,0.13532513181019332,0.02673611111111111,0.713802893064756
java,python,2024-06,77,520,0.14807692307692308,0.02673611111111111,0.803129074315515
java,python,2024-07,85,557,0.1526032315978456,0.029513888888888888,0.8034685685590409
java,python,2024-08,87,581,0.14974182444061962,0.030208333333333334,0.8183234428633482
java,python,2024-09,78,551,0.14156079854809436,0.027083333333333334,0.7750857410998323
java,python,2024-10,87,539,0.1614100185528757,0.030208333333333334,0.8242213713338334
java,python,2024-11,80,536,0.14925373134328357,0.027777777777777776,0.831432778082508
java,python,2024-12,72,528,0.13636363636363635,0.025,0.7179657636696027
java,python,2025-01,74,537,0.1378026070763501,0.025694444444444443,0.7953336841280326
java,python,2025-02,71,506,0.14031620553359683,0.024652777777777777,0.7229171233215722
java,python,2025-03,79,517,0.1528046421663443,0.027430555555555555,0.8210398683564768
java,python,2025-04,89,566,0.15724381625441697,0.03090277777777778,0.832467262523384
java,python,2025-05,74,527,0.14041745730550284,0.025694444444444443,0.7447555746590206
java,python,2025-06,71,494,0.1437246963562753,0.024652777777777777,0.7352169191937351
java,scala,2024-01,73,517,0.14119922630560927,0.025347222222222222,0.7313916758276163
java,scala,2024-02,83,539,0.15398886827458255,0.028819444444444446,0.8034201823021698
java,scala,2024-03,91,524,0.1736641221374046,0.03159722222222222,0.9060736807168934
java,scala,2024-04,80,489,0.16359918200409,0.027777777777777776,0.8790403809174984
java,scala,2024-05,99,569,0.17398945518453426,0.034375,0.9012403434019041
java,scala,2024-06,73,520,0.14038461538461539,0.025347222222222222,0.7445813854653633
java,scala,2024-07,85,557,0.1526032315978456,0.029513888888888888,0.8184307392957083
java,scala,2024-08,85,581,0.14629948364888123,0.029513888888888888,0.8040887650930877
java,scala,2024-09,99,551,0.17967332123411978,0.034375,0.9126263935701322
java,scala,2024-10,85,539,0.15769944341372913,0.029513888888888888,0.7871306707652337
java,scala,2024-11,76,536,0.1417910447761194,0.02638888888888889,0.7202084814025113
java,scala,2024-12,78,528,0.14772727272727273,0.027083333333333334,0.7835258663987946
java,scala,2025-01,85,537,0.15828677839851024,0.029513888888888888,0.8011703370610009
java,scala,2025-02,72,506,0.1422924901185771,0.025,0.7603012459026012
java,scala,2025-03,81,517,0.15667311411992263,0.028125,0.8497524833622921
java,scala,2025-04,88,566,0.15547703180212014,0.030555555555555555,0.8053486539390395
java,scala,2025-05,73,527,0.13851992409867173,0.025347222222222222,0.7806993765248035
java,scala,2025-06,61,494,0.12348178137651822,0.021180555555555557,0.6735369893264631
java,snowflake,2024-01,92,517,0.17794970986460348,0.03194444444444444,0.9855676238654962
java,snowflake,2024-02,105,539,0.19480519480519481,0.036458333333333336,1.035127234389227
java,snowflake,2024-03,109,524,0.20801526717557253,0.03784722222222222,1.0622056196199448
java,snowflake,2024-04,97,489,0.1983640081799591,0.033680555555555554,0.9748947842291505
java,snowflake,2024-05,113,569,0.19859402460456943,0.03923611111111111,0.940708537600592
java,snowflake,2024-06,122,520,0.23461538461538461,0.04236111111111111,1.0725274725274725
java,snowflake,2024-07,129,557,0.23159784560143626,0.04479166666666667,1.0230088885462214
java,snowflake,2024-08,131,581,0.22547332185886404,0.04548611111111111,0.9634468352426238
java,snowflake,2024-09,121,551,0.21960072595281308,0.04201388888888889,0.9086926591150886
java,snowflake,2024-10,137,539,0.2541743970315399,0.04756944444444444,1.0195296148340318
java,snowflake,2024-11,134,536,0.25,0.04652777777777778,0.972972972972973
java,snowflake,2024-12,138,528,0.26136363636363635,0.04791666666666667,0.987831066571224
java,snowflake,2025-01,143,537,0.26629422718808193,0.049652777777777775,0.9782236917113215
java,snowflake,2025-02,156,506,0.308300395256917,0.05416666666666667,1.1016192783373708
java,snowflake,2025-03,153,517,0.29593810444874274,0.053125,1.0293499285173662
java,snowflake,2025-04,162,566,0.2862190812720848,0.05625,0.9697775930160049
java,snowflake,2025-05,166,527,0.31499051233396586,0.05763888888888889,1.0403356370663093
java,snowflake,2025-06,151,494,0.305668016194332,0.05243055555555556,0.9847023340488547
java,spark,2024-01,82,517,0.15860735009671179,0.02847222222222222,0.8570153251004313
java,spark,2024-02,94,539,0.17439703153988867,0.03263888888888889,0.9082521714916444
java,spark,2024-03,86,524,0.16412213740458015,0.029861111111111113,0.836587178274674
java,spark,2024-04,73,489,0.1492842535787321,0.025347222222222222,0.7874334254702353
java,spark,2024-05,77,569,0.13532513181019332,0.02673611111111111,0.7480544714267884
java,spark,2024-06,71,520,0.13653846153846153,0.024652777777777777,0.7896200185356811
java,spark,2024-07,75,557,0.13464991023339318,0.026041666666666668,0.7141652697461738
java,spark,2024-08,79,581,0.1359724612736661,0.027430555555555555,0.6870187516985236
java,spark,2024-09,92,551,0.16696914700544466,0.03194444444444444,0.8839543076758835
java,spark,2024-10,96,539,0.17810760667903525,0.03333333333333333,0.8936409533721629
java,spark,2024-11,78,536,0.1455223880597015,0.027083333333333334,0.7497396737244012
java,spark,2024-12,69,528,0.13068181818181818,0.023958333333333335,0.7482378456533526
java,spark,2025-01,73,537,0.13594040968342644,0.025347222222222222,0.7236753787213829
java,spark,2025-02,83,506,0.16403162055335968,0.028819444444444446,0.8964156872745274
java,spark,2025-03,83,517,0.16054158607350097,0.028819444444444446,0.8315823163519475
java,spark,2025-04,86,566,0.1519434628975265,0.029861111111111113,0.8210078295401056
java,spark,2025-05,84,527,0.15939278937381404,0.029166666666666667,0.8548440100495055
java,spark,2025-06,71,494,0.1437246963562753,0.024652777777777777,0.7512289029148328
java,sql,2024-01,62,517,0.11992263056092843,0.021527777777777778,0.6372272620211695
java,sql,2024-02,75,539,0.1391465677179963,0.026041666666666668,0.7462609218395332
java,sql,2024-03,80,524,0.15267175572519084,0.027777777777777776,0.8407163603987565
java,sql,2024-04,62,489,0.12678936605316973,0.021527777777777778,0.7049292938863491
java,sql,2024-05,85,569,0.14938488576449913,0.029513888888888888,0.7779900018114964
java,sql,2024-06,72,520,0.13846153846153847,0.025,0.7133617723957617
java,sql,2024-07,81,557,0.14542190305206462,0.028125,0.7452225636831782
java,sql,2024-08,77,581,0.13253012048192772,0.02673611111111111,0.7454819277108434
java,sql,2024-09,81,551,0.147005444646098,0.028125,0.7466943220119263
java,sql,2024-10,77,539,0.14285714285714285,0.02673611111111111,0.7777477720766944
java,sql,2024-11,74,536,0.13805970149253732,0.025694444444444443,0.781162947541272
java,sql,2024-12,87,528,0.16477272727272727,0.030208333333333334,0.8820547482257519
java,sql,2025-01,79,537,0.14711359404096835,0.027430555555555555,0.7964044188684001
java,sql,2025-02,82,506,0.16205533596837945,0.02847222222222222,0.8409357974575365
java,sql,2025-03,71,517,0.13733075435203096,0.024652777777777777,0.7504982401021806
java,sql,2025-04,89,566,0.15724381625441697,0.03090277777777778,0.8189189707282475
java,sql,2025-05,85,527,0.16129032258064516,0.029513888888888888,0.8666345690900337
java,sql,2025-06,81,494,0.16396761133603238,0.028125,0.8633029627930042
java,tableau,2024-01,62,517,0.11992263056092843,0.021527777777777778,0.6384051312670497
java,tableau,2024-02,87,539,0.1614100185528757,0.030208333333333334,0.8242213713338334
java,tableau,2024-03,77,524,0.14694656488549618,0.02673611111111111,0.7793850955252836
java,tableau,2024-04,79,489,0.16155419222903886,0.027430555555555555,0.871303508650996
java,tableau,2024-05,86,569,0.15114235500878734,0.029861111111111113,0.8001654088700506
java,tableau,2024-06,76,520,0.14615384615384616,0.02638888888888889,0.838492185105731
java,tableau,2024-07,81,557,0.14542190305206462,0.028125,0.7505646609138819
java,tableau,2024-08,73,581,0.12564543889845095,0.025347222222222222,0.6415937305452815
java,tableau,2024-09,69,551,0.12522686025408347,0.023958333333333335,0.7113478452302966
java,tableau,2024-10,84,539,0.15584415584415584,0.029166666666666667,0.8311688311688311
java,tableau,2024-11,85,536,0.15858208955223882,0.029513888888888888,0.850496122738264
java,tableau,2024-12,92,528,0.17424242424242425,0.03194444444444444,0.8993157380254155
java,tableau,2025-01,67,537,0.12476722532588454,0.02326388888888889,0.6990848422928939
java,tableau,2025-02,72,506,0.1422924901185771,0.025,0.7717558786092316
java,tableau,2025-03,88,517,0.1702127659574468,0.030555555555555555,0.8800947324191145
java,tableau,2025-04,92,566,0.1625441696113074,0.03194444444444444,0.834451352015268
java,tableau,2025-05,66,527,0.1252371916508539,0.022916666666666665,0.6896426614808016
java,tableau,2025-06,80,494,0.16194331983805668,0.027777777777777776,0.8433937814350871
java,terraform,2024-01,62,517,0.11992263056092843,0.021527777777777778,0.6935284658945259
java,terraform,2024-02,69,539,0.1280148423005566,0.023958333333333335,0.6468118347817596
java,terraform,2024-03,89,524,0.16984732824427481,0.03090277777777778,0.8910023776748843
java,terraform,2024-04,83,489,0.16973415132924335,0.028819444444444446,0.8698120210466563
java,terraform,2024-05,85,569,0.14938488576449913,0.029513888888888888,0.8386519902568371
java,terraform,2024-06,87,520,0.1673076923076923,0.030208333333333334,0.8307692307692307
java,terraform,2024-07,91,557,0.16337522441651706,0.03159722222222222,0.8327799049903878
java,terraform,2024-08,93,581,0.16006884681583478,0.03229166666666667,0.8537005163511188
java,terraform,2024-09,71,551,0.12885662431941924,0.024652777777777777,0.6936580897942568
java,terraform,2024-10,81,539,0.150278293135436,0.028125,0.7714821465776394
java,terraform,2024-11,75,536,0.13992537313432835,0.026041666666666668,0.7353742237716526
java,terraform,2024-12,77,528,0.14583333333333334,0.02673611111111111,0.7879924953095685
java,terraform,2025-01,88,537,0.16387337057728119,0.030555555555555555,0.8821594528272333
java,terraform,2025-02,73,506,0.1442687747035573,0.025347222222222222,0.7651824514663813
java,terraform,2025-03,73,517,0.14119922630560927,0.025347222222222222,0.7475253157355786
java,terraform,2025-04,81,566,0.1431095406360424,0.028125,0.7941338671132988
java,terraform,2025-05,73,527,0.13851992409867173,0.025347222222222222,0.7201035765418313
java,terraform,2025-06,73,494,0.14777327935222673,0.025347222222222222,0.8184366241046404
kafka,airflow,2024-01,85,516,0.16472868217054262,0.029513888888888888,0.8851093370357513
kafka,airflow,2024-02,69,520,0.1326923076923077,0.023958333333333335,0.7420463032113518
kafka,airflow,2024-03,71,541,0.13123844731977818,0.024652777777777777,0.7131447703414361
kafka,airflow,2024-04,68,529,0.1285444234404537,0.02361111111111111,0.7119383452086666
kafka,airflow,2024-05,62,530,0.1169811320754717,0.021527777777777778,0.6580188679245282
kafka,airflow,2024-06,84,529,0.15879017013232513,0.029166666666666667,0.8391113577634797
kafka,airflow,2024-07,76,529,0.14366729678638943,0.02638888888888889,0.7619922923477008
kafka,airflow,2024-08,83,556,0.14928057553956833,0.028819444444444446,0.861579273655224
kafka,airflow,2024-09,65,551,0.11796733212341198,0.022569444444444444,0.647135079077003
kafka,airflow,2024-10,91,542,0.16789667896678967,0.03159722222222222,0.851307104620342
kafka,airflow,2024-11,89,541,0.1645101663585952,0.03090277777777778,0.8922585294025501
kafka,airflow,2024-12,82,557,0.14721723518850988,0.02847222222222222,0.7880773928306848
kafka,airflow,2025-01,97,548,0.177007299270073,0.033680555555555554,0.8912255627584096
kafka,airflow,2025-02,85,574,0.1480836236933798,0.029513888888888888,0.8346004623031973
kafka,airflow,2025-03,90,566,0.15901060070671377,0.03125,0.8402762018996985
kafka,airflow,2025-04,89,519,0.17148362235067438,0.03090277777777778,0.9318355327734759
kafka,airflow,2025-05,68,543,0.1252302025782689,0.02361111111111111,0.6486744306212489
kafka,airflow,2025-06,62,525,0.1180952380952381,0.021527777777777778,0.6298412698412699
kafka,aws,2024-01,85,516,0.16472868217054262,0.029513888888888888,0.9141013577093695
kafka,aws,2024-02,73,520,0.14038461538461539,0.025347222222222222,0.7130647130647131
kafka,aws,2024-03,81,541,0.14972273567467653,0.028125,0.8260564726878705
kafka,aws,2024-04,80,529,0.15122873345935728,0.027777777777777776,0.8248840006874034
kafka,aws,2024-05,62,530,0.1169811320754717,0.021527777777777778,0.6417250673854448
kafka,aws,2024-06,94,529,0.1776937618147448,0.03263888888888889,0.9710778634278274
kafka,aws,2024-07,90,529,0.17013232514177692,0.03125,0.9386611042304934
kafka,aws,2024-08,73,556,0.13129496402877697,0.025347222222222222,0.7328091015559645
kafka,aws,2024-09,78,551,0.14156079854809436,0.027083333333333334,0.7736149901679541
kafka,aws,2024-10,85,542,0.15682656826568267,0.029513888888888888,0.8287348928535158
kafka,aws,2024-11,71,541,0.13123844731977818,0.024652777777777777,0.7793128418164147
kafka,aws,2024-12,76,557,0.13644524236983843,0.02638888888888889,0.6882001716727403
kafka,aws,2025-01,84,548,0.15328467153284672,0.029166666666666667,0.8267038464692856
kafka,aws,2025-02,86,574,0.14982578397212543,0.029861111111111113,0.8187822729406475
kafka,aws,2025-03,67,566,0.11837455830388692,0.02326388888888889,0.6493690055527511
kafka,aws,2025-04,86,519,0.16570327552986513,0.029861111111111113,0.8821172523586166
kafka,aws,2025-05,86,543,0.15837937384898712,0.029861111111111113,0.8263271679077588
kafka,aws,2025-06,78,525,0.14857142857142858,0.027083333333333334,0.8058111380145279
kafka,azure,2024-01,76,516,0.14728682170542637,0.02638888888888889,0.7698476343223738
kafka,azure,2024-02,68,520,0.13076923076923078,0.02361111111111111,0.7327147560610596
kafka,azure,2024-03,79,541,0.14602587800369685,0.027430555555555555,0.7860832311227045
kafka,azure,2024-04,91,529,0.1720226843100189,0.03159722222222222,0.8975096572696638
kafka,azure,2024-05,72,530,0.13584905660377358,0.025,0.7113550600343054
kafka,azure,2024-06,81,529,0.15311909262759923,0.028125,0.8546181914098562
kafka,azure,2024-07,70,529,0.1323251417769376,0.024305555555555556,0.7190498270143024
kafka,azure,2024-08,83,556,0.14928057553956833,0.028819444444444446,0.7542597500946611
kafka,azure,2024-09,99,551,0.17967332123411978,0.034375,0.9142388076930477
kafka,azure,2024-10,64,542,0.11808118081180811,0.022222222222222223,0.6392364675526454
kafka,azure,2024-11,81,541,0.14972273567467653,0.028125,0.7854307445228933
kafka,azure,2024-12,85,557,0.1526032315978456,0.029513888888888888,0.8339607343487578
kafka,azure,2025-01,90,548,0.16423357664233576,0.03125,0.8568708346556648
kafka,azure,2025-02,108,574,0.18815331010452963,0.0375,0.8927208123575705
kafka,azure,2025-03,78,566,0.13780918727915195,0.027083333333333334,0.7216190170253776
kafka,azure,2025-04,77,519,0.14836223506743737,0.02673611111111111,0.8427677258268631
kafka,azure,2025-05,81,543,0.14917127071823205,0.028125,0.871426490199814
kafka,azure,2025-06,86,525,0.16380952380952382,0.029861111111111113,0.8454685099846391
kafka,databricks,2024-01,67,516,0.1298449612403101,0.02326388888888889,0.9348837209302325
kafka,databricks,2024-02,59,520,0.11346153846153846,0.02048611111111111,0.7817445712182554
kafka,databricks,2024-03,78,541,0.14417744916820702,0.027083333333333334,0.9523648018450372
kafka,databricks,2024-04,89,529,0.16824196597353497,0.03090277777777778,1.0672618105810148
kafka,databricks,2024-05,83,530,0.15660377358490565,0.028819444444444446,0.9555484489926447
kafka,databricks,2024-06,84,529,0.15879017013232513,0.029166666666666667,0.9332973264920333
kafka,databricks,2024-07,100,529,0.1890359168241966,0.034722222222222224,1.071699685932453
kafka,databricks,2024-08,97,556,0.17446043165467626,0.033680555555555554,0.9552206143830183
kafka,databricks,2024-09,100,551,0.18148820326678766,0.034722222222222224,0.9608198996476994
kafka,databricks,2024-10,104,542,0.1918819188191882,0.03611111111111111,0.9833094772228862
kafka,databricks,2024-11,113,541,0.2088724584103512,0.03923611111111111,1.0371597934858818
kafka,databricks,2024-12,130,557,0.2333931777378815,0.04513888888888889,1.1240340332526735
kafka,databricks,2025-01,110,548,0.20072992700729927,0.03819444444444445,0.9384775808133473
kafka,databricks,2025-02,125,574,0.21777003484320556,0.043402777777777776,0.9892392749975268
kafka,databricks,2025-03,122,566,0.21554770318021202,0.04236111111111111,0.9521125539248629
kafka,databricks,2025-04,122,519,0.2350674373795761,0.04236111111111111,1.0104391338107153
kafka,databricks,2025-05,133,543,0.24493554327808473,0.04618055555555556,1.0253115765129128
kafka,databricks,2025-06,142,525,0.2704761904761905,0.049305555555555554,1.1033589639821935
kafka,dbt,2024-01,40,516,0.07751937984496124,0.013888888888888888,0.8586762075134168
kafka,dbt,2024-02,57,520,0.10961538461538461,0.019791666666666666,1.1649162645472608
kafka,dbt,2024-03,67,541,0.12384473197781885,0.02326388888888889,1.2647972627521926
kafka,dbt,2024-04,52,529,0.09829867674858223,0.018055555555555554,0.9662122492693407
kafka,dbt,2024-05,52,530,0.09811320754716982,0.018055555555555554,0.9294935451837141
kafka,dbt,2024-06,72,529,0.13610586011342155,0.025,1.2443964353227113
kafka,dbt,2024-07,61,529,0.11531190926275993,0.021180555555555557,1.018706437658738
kafka,dbt,2024-08,59,556,0.10611510791366907,0.02048611111111111,0.9068590824669641
kafka,dbt,2024-09,65,551,0.11796733212341198,0.022569444444444444,0.9762813692972027
kafka,dbt,2024-10,70,542,0.12915129151291513,0.024305555555555556,1.0360883553125224
kafka,dbt,2024-11,77,541,0.1423290203327172,0.02673611111111111,1.1078583204276367
kafka,dbt,2024-12,75,557,0.13464991023339318,0.026041666666666668,1.0178260931028145
kafka,dbt,2025-01,66,548,0.12043795620437957,0.022916666666666665,0.884850290481156
kafka,dbt,2025-02,87,574,0.15156794425087108,0.030208333333333334,1.0831654576737189
kafka,dbt,2025-03,76,566,0.13427561837455831,0.02638888888888889,0.934091258257797
kafka,dbt,2025-04,71,519,0.13680154142581888,0.024652777777777777,0.9270316218973138
kafka,dbt,2025-05,63,543,0.11602209944751381,0.021875,0.7663845101120179
kafka,dbt,2025-06,71,525,0.13523809523809524,0.024652777777777777,0.8713326941514861
kafka,docker,2024-01,76,516,0.14728682170542637,0.02638888888888889,0.774062128670854
kafka,docker,2024-02,61,520,0.11730769230769231,0.021180555555555557,0.6756923076923077
kafka,docker,2024-03,89,541,0.1645101663585952,0.03090277777777778,0.8182889103847222
kafka,docker,2024-04,77,529,0.14555765595463138,0.02673611111111111,0.7594312484589463
kafka,docker,2024-05,72,530,0.13584905660377358,0.025,0.753844475951576
kafka,docker,2024-06,54,529,0.10207939508506617,0.01875,0.5686434387717418
kafka,docker,2024-07,76,529,0.14366729678638943,0.02638888888888889,0.771943684225376
kafka,docker,2024-08,79,556,0.1420863309352518,0.027430555555555555,0.7884559404499523
kafka,docker,2024-09,75,551,0.13611615245009073,0.026041666666666668,0.7246109409542723
kafka,docker,2024-10,83,542,0.15313653136531366,0.028819444444444446,0.7903820973693608
kafka,docker,2024-11,93,541,0.17190388170055454,0.03229166666666667,0.882501210869157
kafka,docker,2024-12,77,557,0.13824057450628366,0.02673611111111111,0.7962657091561939
kafka,docker,2025-01,80,548,0.145985401459854,0.027777777777777776,0.7150305377625502
kafka,docker,2025-02,86,574,0.14982578397212543,0.029861111111111113,0.8005533540625626
kafka,docker,2025-03,87,566,0.15371024734982333,0.030208333333333334,0.8513182930144062
kafka,docker,2025-04,82,519,0.1579961464354528,0.02847222222222222,0.8939664081220118
kafka,docker,2025-05,94,543,0.1731123388581952,0.03263888888888889,0.8685775886961711
kafka,docker,2025-06,85,525,0.1619047619047619,0.029513888888888888,0.8386433710174718
kafka,gcp,2024-01,74,516,0.1434108527131783,0.025694444444444443,0.7606321469870231
kafka,gcp,2024-02,77,520,0.14807692307692308,0.02673611111111111,0.7810650887573964
kafka,gcp,2024-03,79,541,0.14602587800369685,0.027430555555555555,0.7646445975466308
kafka,gcp,2024-04,90,529,0.17013232514177692,0.03125,0.8876469137831839
kafka,gcp,2024-05,82,530,0.15471698113207547,0.02847222222222222,0.8236319882816586
kafka,gcp,2024-06,74,529,0.13988657844990549,0.025694444444444443,0.7446827096778702
kafka,gcp,2024-07,63,529,0.11909262759924386,0.021875,0.6859735349716446
kafka,gcp,2024-08,97,556,0.17446043165467626,0.033680555555555554,0.887713857182805
kafka,gcp,2024-09,81,551,0.147005444646098,0.028125,0.7840290381125227
kafka,gcp,2024-10,75,542,0.13837638376383765,0.026041666666666668,0.7970479704797049
kafka,gcp,2024-11,77,541,0.1423290203327172,0.02673611111111111,0.749374001020522
kafka,gcp,2024-12,90,557,0.1615798922800718,0.03125,0.8730770914945718
kafka,gcp,2025-01,69,548,0.1259124087591241,0.023958333333333335,0.674029251349958
kafka,gcp,2025-02,86,574,0.14982578397212543,0.029861111111111113,0.8330082197678016
kafka,gcp,2025-03,101,566,0.1784452296819788,0.035069444444444445,0.9624012387342676
kafka,gcp,2025-04,86,519,0.16570327552986513,0.029861111111111113,0.9142249684406353
kafka,gcp,2025-05,78,543,0.143646408839779,0.027083333333333334,0.8143733414538651
kafka,gcp,2025-06,73,525,0.13904761904761906,0.025347222222222222,0.7320971533037347
kafka,hadoop,2024-01,162,516,0.313953488372093,0.05625,1.0513791238507302
kafka,hadoop,2024-02,153,520,0.29423076923076924,0.053125,1.0308815272318923
kafka,hadoop,2024-03,138,541,0.25508317929759705,0.04791666666666667,0.9370402504809688
kafka,hadoop,2024-04,119,529,0.22495274102079396,0.04131944444444444,0.8684502602411348
kafka,hadoop,2024-05,131,530,0.24716981132075472,0.04548611111111111,1.005436520626799
kafka,hadoop,2024-06,130,529,0.24574669187145556,0.04513888888888889,1.0563439889399882
kafka,hadoop,2024-07,112,529,0.21172022684310018,0.03888888888888889,0.9648010337153933
kafka,hadoop,2024-08,139,556,0.25,0.04826388888888889,1.2121212121212122
kafka,hadoop,2024-09,117,551,0.21234119782214156,0.040625,1.0998968520283592
kafka,hadoop,2024-10,104,542,0.1918819188191882,0.03611111111111111,1.0668338343615098
kafka,hadoop,2024-11,92,541,0.17005545286506468,0.03194444444444444,1.0203327171903882
kafka,hadoop,2024-12,74,557,0.13285457809694792,0.025694444444444443,0.8656587894099773
kafka,hadoop,2025-01,80,548,0.145985401459854,0.027777777777777776,1.04068801040688
kafka,hadoop,2025-02,72,574,0.1254355400696864,0.025,0.9870337579254013
kafka,hadoop,2025-03,70,566,0.12367491166077739,0.024305555555555556,1.0859260536068258
kafka,hadoop,2025-04,57,519,0.10982658959537572,0.019791666666666666,1.0906916483954554
kafka,hadoop,2025-05,46,543,0.0847145488029466,0.01597222222222222,0.9681662720336754
kafka,hadoop,2025-06,32,525,0.06095238095238095,0.011111111111111112,0.8202937249666221
kafka,hive,2024-01,77,516,0.14922480620155038,0.02673611111111111,0.7701925481370342
kafka,hive,2024-02,75,520,0.14423076923076922,0.026041666666666668,0.8241758241758241
kafka,hive,2024-03,75,541,0.13863216266173753,0.026041666666666668,0.8131581027816783
kafka,hive,2024-04,77,529,0.14555765595463138,0.02673611111111111,0.7553262146834926
kafka,hive,2024-05,78,530,0.1471698113207547,0.027083333333333334,0.8012269501016513
kafka,hive,2024-06,77,529,0.14555765595463138,0.02673611111111111,0.7215250415651263
kafka,hive,2024-07,77,529,0.14555765595463138,0.02673611111111111,0.7720185067206968
kafka,hive,2024-08,75,556,0.13489208633093525,0.026041666666666668,0.7141345746931866
kafka,hive,2024-09,73,551,0.132486388384755,0.025347222222222222,0.7295617563061078
kafka,hive,2024-10,73,542,0.13468634686346864,0.025347222222222222,0.7416762504145119
kafka,hive,2024-11,82,541,0.15157116451016636,0.02847222222222222,0.8053965937071571
kafka,hive,2024-12,88,557,0.15798922800718132,0.030555555555555555,0.8426092160383004
kafka,hive,2025-01,77,548,0.14051094890510948,0.02673611111111111,0.7425165740306703
kafka,hive,2025-02,91,574,0.15853658536585366,0.03159722222222222,0.8226763348714567
kafka,hive,2025-03,96,566,0.1696113074204947,0.03333333333333333,0.9096472353277929
kafka,hive,2025-04,73,519,0.14065510597302505,0.025347222222222222,0.732525687526785
kafka,hive,2025-05,66,543,0.12154696132596685,0.022916666666666665,0.6579985876292942
kafka,hive,2025-06,74,525,0.14095238095238094,0.025694444444444443,0.7702900515044727
kafka,java,2024-01,76,516,0.14728682170542637,0.02638888888888889,0.8204759120147542
kafka,java,2024-02,92,520,0.17692307692307693,0.03194444444444444,0.9453403739118025
kafka,java,2024-03,84,541,0.15526802218114602,0.029166666666666667,0.8533814959574438
kafka,java,2024-04,67,529,0.1266540642722117,0.02326388888888889,0.7459380472473818
kafka,java,2024-05,93,530,0.17547169811320754,0.03229166666666667,0.8881520045097324
kafka,java,2024-06,73,529,0.13799621928166353,0.025347222222222222,0.764286752944598
kafka,java,2024-07,80,529,0.15122873345935728,0.027777777777777776,0.7819367187844685
kafka,java,2024-08,95,556,0.17086330935251798,0.03298611111111111,0.846964425017645
kafka,java,2024-09,63,551,0.11433756805807622,0.021875,0.5976264900313241
kafka,java,2024-10,66,542,0.12177121771217712,0.022916666666666665,0.6506514044732284
kafka,java,2024-11,97,541,0.17929759704251386,0.033680555555555554,0.9633900736612685
kafka,java,2024-12,77,557,0.13824057450628366,0.02673611111111111,0.7540394973070018
kafka,java,2025-01,77,548,0.14051094890510948,0.02673611111111111,0.7535782734575704
kafka,java,2025-02,69,574,0.12020905923344948,0.023958333333333335,0.6841938549255623
kafka,java,2025-03,80,566,0.1413427561837456,0.027777777777777776,0.7873639029191244
kafka,java,2025-04,84,519,0.16184971098265896,0.029166666666666667,0.8235462325619396
kafka,java,2025-05,76,543,0.13996316758747698,0.02638888888888889,0.7648841037038591
kafka,java,2025-06,62,525,0.1180952380952381,0.021527777777777778,0.6884904569115096
kafka,kubernetes,2024-01,84,516,0.16279069767441862,0.029166666666666667,0.8210809269743006
kafka,kubernetes,2024-02,83,520,0.1596153846153846,0.028819444444444446,0.8373266078184111
kafka,kubernetes,2024-03,78,541,0.14417744916820702,0.027083333333333334,0.752230169573254
kafka,kubernetes,2024-04,81,529,0.15311909262759923,0.028125,0.8106304903814078
kafka,kubernetes,2024-05,79,530,0.1490566037735849,0.027430555555555555,0.7876752639778432
kafka,kubernetes,2024-06,87,529,0.16446124763705103,0.030208333333333334,0.8886461410782495
kafka,kubernetes,2024-07,67,529,0.1266540642722117,0.02326388888888889,0.7124291115311908
kafka,kubernetes,2024-08,84,556,0.1510791366906475,0.029166666666666667,0.7882389740381608
kafka,kubernetes,2024-09,70,551,0.12704174228675136,0.024305555555555556,0.7063324667680384
kafka,kubernetes,2024-10,69,542,0.12730627306273062,0.023958333333333335,0.7091722754751725
kafka,kubernetes,2024-11,86,541,0.1589648798521257,0.029861111111111113,0.8703780493804602
kafka,kubernetes,2024-12,89,557,0.15978456014362658,0.03090277777777778,0.7893302456494761
kafka,kubernetes,2025-01,73,548,0.1332116788321168,0.025347222222222222,0.7307612095933265
kafka,kubernetes,2025-02,89,574,0.15505226480836237,0.03090277777777778,0.7988381442720637
kafka,kubernetes,2025-03,78,566,0.13780918727915195,0.027083333333333334,0.7295780503013927
kafka,kubernetes,2025-04,81,519,0.15606936416184972,0.028125,0.8128024752009533
kafka,kubernetes,2025-05,89,543,0.16390423572744015,0.03090277777777778,0.8757777344991236
kafka,kubernetes,2025-06,75,525,0.14285714285714285,0.026041666666666668,0.8114961961115806
kafka,powerbi,2024-01,77,516,0.14922480620155038,0.02673611111111111,0.8124148239328262
kafka,powerbi,2024-02,71,520,0.13653846153846153,0.024652777777777777,0.7461684425631294
kafka,powerbi,2024-03,77,541,0.1423290203327172,0.02673611111111111,0.7399053764588908
kafka,powerbi,2024-04,82,529,0.15500945179584122,0.02847222222222222,0.8161375158537892
kafka,powerbi,2024-05,78,530,0.1471698113207547,0.027083333333333334,0.7555241650691151
kafka,powerbi,2024-06,86,529,0.16257088846880907,0.029861111111111113,0.8058591373324787
kafka,powerbi,2024-07,81,529,0.15311909262759923,0.028125,0.794563940121596
kafka,powerbi,2024-08,73,556,0.13129496402877697,0.025347222222222222,0.6862604290433352
kafka,powerbi,2024-09,71,551,0.12885662431941924,0.024652777777777777,0.6834384494289639
kafka,powerbi,2024-10,69,542,0.12730627306273062,0.023958333333333335,0.7119263425643965
kafka,powerbi,2024-11,75,541,0.13863216266173753,0.026041666666666668,0.7193885197582055
kafka,powerbi,2024-12,89,557,0.15978456014362658,0.03090277777777778,0.8459182595839054
kafka,powerbi,2025-01,82,548,0.14963503649635038,0.02847222222222222,0.844997853155861
kafka,powerbi,2025-02,90,574,0.156794425087108,0.03125,0.8346912093361757
kafka,powerbi,2025-03,83,566,0.14664310954063603,0.028819444444444446,0.8029128431122278
kafka,powerbi,2025-04,62,519,0.11946050096339114,0.021527777777777778,0.6418773186092658
kafka,powerbi,2025-05,89,543,0.16390423572744015,0.03090277777777778,0.8069131605043207
kafka,powerbi,2025-06,75,525,0.14285714285714285,0.026041666666666668,0.8212147134302823
kafka,python,2024-01,75,516,0.14534883720930233,0.026041666666666668,0.7883326763894364
kafka,python,2024-02,93,520,0.17884615384615385,0.03229166666666667,0.9084249084249084
kafka,python,2024-03,87,541,0.16081330868761554,0.030208333333333334,0.8436107996727373
kafka,python,2024-04,76,529,0.14366729678638943,0.02638888888888889,0.7509288833843949
kafka,python,2024-05,81,530,0.15283018867924528,0.028125,0.8061372589674477
kafka,python,2024-06,69,529,0.13043478260869565,0.023958333333333335,0.707442888725129
kafka,python,2024-07,88,529,0.166351606805293,0.030555555555555555,0.8758548950626031
kafka,python,2024-08,85,556,0.1528776978417266,0.029513888888888888,0.8354606637270828
kafka,python,2024-09,80,551,0.14519056261343014,0.027777777777777776,0.7949597344613666
kafka,python,2024-10,82,542,0.15129151291512916,0.02847222222222222,0.7725524063751276
kafka,python,2024-11,83,541,0.1534195933456562,0.028819444444444446,0.8546391273413729
kafka,python,2024-12,81,557,0.14542190305206462,0.028125,0.7656582829797919
kafka,python,2025-01,84,548,0.15328467153284672,0.029166666666666667,0.8846890862016004
kafka,python,2025-02,72,574,0.1254355400696864,0.025,0.6462510830066133
kafka,python,2025-03,91,566,0.1607773851590106,0.03159722222222222,0.8638784874215495
kafka,python,2025-04,75,519,0.14450867052023122,0.026041666666666668,0.7650459027541653
kafka,python,2025-05,64,543,0.11786372007366483,0.022222222222222223,0.625133542932145
kafka,python,2025-06,77,525,0.14666666666666667,0.02673611111111111,0.7502664298401421
kafka,scala,2024-01,74,516,0.1434108527131783,0.025694444444444443,0.7428475823991969
kafka,scala,2024-02,84,520,0.16153846153846155,0.029166666666666667,0.842809364548495
kafka,scala,2024-03,84,541,0.15526802218114602,0.029166666666666667,0.8100940287711966
kafka,scala,2024-04,77,529,0.14555765595463138,0.02673611111111111,0.7821008379651835
kafka,scala,2024-05,79,530,0.1490566037735849,0.027430555555555555,0.772091760553821
kafka,scala,2024-06,91,529,0.1720226843100189,0.03159722222222222,0.9123855079426417
kafka,scala,2024-07,67,529,0.1266540642722117,0.02326388888888889,0.6792620206777834
kafka,scala,2024-08,67,556,0.12050359712230216,0.02326388888888889,0.6623098467790653
kafka,scala,2024-09,94,551,0.1705989110707804,0.03263888888888889,0.8665341514706306
kafka,scala,2024-10,72,542,0.13284132841328414,0.025,0.6630555040385759
kafka,scala,2024-11,69,541,0.12754158964879853,0.023958333333333335,0.647830296628818
kafka,scala,2024-12,80,557,0.1436265709156194,0.027777777777777776,0.7617762877292521
kafka,scala,2025-01,90,548,0.16423357664233576,0.03125,0.8312701243056714
kafka,scala,2025-02,91,574,0.15853658536585366,0.03159722222222222,0.8470971537173628
kafka,scala,2025-03,81,566,0.1431095406360424,0.028125,0.7761873390429418
kafka,scala,2025-04,74,519,0.14258188824662812,0.025694444444444443,0.7385536657379298
kafka,scala,2025-05,82,543,0.15101289134438306,0.02847222222222222,0.8511098377139397
kafka,scala,2025-06,76,525,0.14476190476190476,0.02638888888888889,0.7896103896103897
kafka,snowflake,2024-01,84,516,0.16279069767441862,0.029166666666666667,0.9016100178890878
kafka,snowflake,2024-02,104,520,0.2,0.03611111111111111,1.062730627306273
kafka,snowflake,2024-03,120,541,0.22181146025878004,0.041666666666666664,1.1326542651512173
kafka,snowflake,2024-04,112,529,0.21172022684310018,0.03888888888888889,1.0405362684439055
kafka,snowflake,2024-05,119,530,0.22452830188679246,0.04131944444444444,1.063555114200596
kafka,snowflake,2024-06,130,529,0.24574669187145556,0.04513888888888889,1.1234134485552254
kafka,snowflake,2024-07,122,529,0.23062381852551986,0.04236111111111111,1.018706437658738
kafka,snowflake,2024-08,111,556,0.19964028776978418,0.03854166666666667,0.8530623572358731
kafka,snowflake,2024-09,126,551,0.22867513611615245,0.04375,0.9462419425495964
kafka,snowflake,2024-10,134,542,0.24723247232472326,0.04652777777777778,0.9916845686562715
kafka,snowflake,2024-11,133,541,0.24584103512014788,0.04618055555555556,0.9567867312784134
kafka,snowflake,2024-12,153,557,0.2746858168761221,0.053125,1.038182614964871
kafka,snowflake,2025-01,145,548,0.2645985401459854,0.050347222222222224,0.9719946372709668
kafka,snowflake,2025-02,167,574,0.29094076655052264,0.05798611111111111,1.0395898358132818
kafka,snowflake,2025-03,160,566,0.2826855123674912,0.05555555555555555,0.983253956060839
kafka,snowflake,2025-04,146,519,0.2813102119460501,0.050694444444444445,0.9531451887113227
kafka,snowflake,2025-05,152,543,0.27992633517495397,0.05277777777777778,0.9245273455319581
kafka,snowflake,2025-06,155,525,0.29523809523809524,0.05381944444444445,0.9511025886864813
kafka,spark,2024-01,70,516,0.13565891472868216,0.024305555555555556,0.7330162747065753
kafka,spark,2024-02,61,520,0.11730769230769231,0.021180555555555557,0.6109333704270413
kafka,spark,2024-03,81,541,0.14972273567467653,0.028125,0.7631884579523335
kafka,spark,2024-04,72,529,0.13610586011342155,0.025,0.7179210203784873
kafka,spark,2024-05,77,530,0.14528301886792452,0.02673611111111111,0.8030999891355521
kafka,spark,2024-06,65,529,0.12287334593572778,0.022569444444444444,0.7105928439656547
kafka,spark,2024-07,87,529,0.16446124763705103,0.030208333333333334,0.8722806504506574
kafka,spark,2024-08,91,556,0.16366906474820145,0.03159722222222222,0.8269594850435442
kafka,spark,2024-09,99,551,0.17967332123411978,0.034375,0.9512117006512224
kafka,spark,2024-10,92,542,0.16974169741697417,0.03194444444444444,0.851665659513738
kafka,spark,2024-11,89,541,0.1645101663585952,0.03090277777777778,0.8475657944771988
kafka,spark,2024-12,79,557,0.14183123877917414,0.027430555555555555,0.8120754824732038
kafka,spark,2025-01,85,548,0.1551094890510949,0.029513888888888888,0.8257214943939987
kafka,spark,2025-02,82,574,0.14285714285714285,0.02847222222222222,0.7806993765248035
kafka,spark,2025-03,89,566,0.15724381625441697,0.03090277777777778,0.8145003431883469
kafka,spark,2025-04,78,519,0.15028901734104047,0.027083333333333334,0.8120682362892994
kafka,spark,2025-05,90,543,0.16574585635359115,0.03125,0.888916324577919
kafka,spark,2025-06,85,525,0.1619047619047619,0.029513888888888888,0.84625356494685
kafka,sql,2024-01,77,516,0.14922480620155038,0.02673611111111111,0.7929288595211533
kafka,sql,2024-02,72,520,0.13846153846153847,0.025,0.7425870219166308
kafka,sql,2024-03,80,541,0.1478743068391867,0.027777777777777776,0.8142982862272614
kafka,sql,2024-04,68,529,0.1285444234404537,0.02361111111111111,0.714687141908314
kafka,sql,2024-05,80,530,0.1509433962264151,0.027777777777777776,0.7861066566583642
kafka,sql,2024-06,76,529,0.14366729678638943,0.02638888888888889,0.7401821372894481
kafka,sql,2024-07,80,529,0.15122873345935728,0.027777777777777776,0.7749799864109412
kafka,sql,2024-08,73,556,0.13129496402877697,0.025347222222222222,0.7385341726618704
kafka,sql,2024-09,88,551,0.15970961887477314,0.030555555555555555,0.8112234609512287
kafka,sql,2024-10,85,542,0.15682656826568267,0.029513888888888888,0.8538005984974784
kafka,sql,2024-11,73,541,0.13493530499075784,0.025347222222222222,0.7634846333465276
kafka,sql,2024-12,80,557,0.1436265709156194,0.027777777777777776,0.7688559930055462
kafka,sql,2025-01,66,548,0.12043795620437957,0.022916666666666665,0.6519949508808518
kafka,sql,2025-02,96,574,0.1672473867595819,0.03333333333333333,0.8678783312929654
kafka,sql,2025-03,84,566,0.14840989399293286,0.029166666666666667,0.8110445819727641
kafka,sql,2025-04,68,519,0.13102119460500963,0.02361111111111111,0.6823526952304299
kafka,sql,2025-05,93,543,0.1712707182320442,0.03229166666666667,0.9202605755751628
kafka,sql,2025-06,74,525,0.14095238095238094,0.025694444444444443,0.7421258814311831
kafka,tableau,2024-01,68,516,0.13178294573643412,0.02361111111111111,0.7015432231440486
kafka,tableau,2024-02,87,520,0.1673076923076923,0.030208333333333334,0.8543371522094926
kafka,tableau,2024-03,88,541,0.16266173752310537,0.030555555555555555,0.8627362874153655
kafka,tableau,2024-04,80,529,0.15122873345935728,0.027777777777777776,0.8156156411291179
kafka,tableau,2024-05,76,530,0.14339622641509434,0.02638888888888889,0.7591564927857936
kafka,tableau,2024-06,74,529,0.13988657844990549,0.025694444444444443,0.8025365456887008
kafka,tableau,2024-07,71,529,0.1342155009451796,0.024652777777777777,0.6927251661686689
kafka,tableau,2024-08,96,556,0.17266187050359713,0.03333333333333333,0.881677636614113
kafka,tableau,2024-09,85,551,0.1542649727767695,0.029513888888888888,0.8762980702112351
kafka,tableau,2024-10,88,542,0.16236162361623616,0.030555555555555555,0.8659286592865928
kafka,tableau,2024-11,89,541,0.1645101663585952,0.03090277777777778,0.8822891603589462
kafka,tableau,2024-12,91,557,0.16337522441651706,0.03159722222222222,0.8432269647304106
kafka,tableau,2025-01,75,548,0.13686131386861314,0.026041666666666668,0.7668493851004005
kafka,tableau,2025-02,81,574,0.14111498257839722,0.028125,0.7653693970353747
kafka,tableau,2025-03,84,566,0.14840989399293286,0.029166666666666667,0.7673617499095989
kafka,tableau,2025-04,75,519,0.14450867052023122,0.026041666666666668,0.7418626935797966
kafka,tableau,2025-05,74,543,0.13627992633517497,0.025694444444444443,0.7504516019986691
kafka,tableau,2025-06,91,525,0.17333333333333334,0.03159722222222222,0.9027124773960217
kafka,terraform,2024-01,62,516,0.12015503875968993,0.021527777777777778,0.6948725133090502
kafka,terraform,2024-02,90,520,0.17307692307692307,0.03125,0.8744939271255061
kafka,terraform,2024-03,77,541,0.1423290203327172,0.02673611111111111,0.746644041089664
kafka,terraform,2024-04,94,529,0.1776937618147448,0.03263888888888889,0.9106014840328559
kafka,terraform,2024-05,73,530,0.13773584905660377,0.025347222222222222,0.7732538894405826
kafka,terraform,2024-06,91,529,0.1720226843100189,0.03159722222222222,0.854181604849749
kafka,terraform,2024-07,82,529,0.15500945179584122,0.02847222222222222,0.7901366746407482
kafka,terraform,2024-08,84,556,0.1510791366906475,0.029166666666666667,0.8057553956834532
kafka,terraform,2024-09,84,551,0.15245009074410162,0.029166666666666667,0.8206659090523601
kafka,terraform,2024-10,99,542,0.18265682656826568,0.034375,0.9377034946820056
kafka,terraform,2024-11,78,541,0.14417744916820702,0.027083333333333334,0.7577209007380223
kafka,terraform,2024-12,75,557,0.13464991023339318,0.026041666666666668,0.7275642429121432
kafka,terraform,2025-01,86,548,0.15693430656934307,0.029861111111111113,0.844805239102258
kafka,terraform,2025-02,81,574,0.14111498257839722,0.028125,0.7484551562169134
kafka,terraform,2025-03,84,566,0.14840989399293286,0.029166666666666667,0.7856994387861151
kafka,terraform,2025-04,68,519,0.13102119460500963,0.02361111111111111,0.7270540278659494
kafka,terraform,2025-05,80,543,0.14732965009208104,0.027777777777777776,0.7659014300815765
kafka,terraform,2025-06,75,525,0.14285714285714285,0.026041666666666668,0.7912087912087912
kubernetes,airflow,2024-01,73,571,0.12784588441331,0.025347222222222222,0.6869331102804715
kubernetes,airflow,2024-02,64,549,0.11657559198542805,0.022222222222222223,0.6519178736272481
kubernetes,airflow,2024-03,81,552,0.14673913043478262,0.028125,0.7973748974569319
kubernetes,airflow,2024-04,73,544,0.13419117647058823,0.025347222222222222,0.7432126696832579
kubernetes,airflow,2024-05,83,545,0.15229357798165138,0.028819444444444446,0.856651376146789
kubernetes,airflow,2024-06,71,533,0.13320825515947468,0.024652777777777777,0.7039261924023617
kubernetes,airflow,2024-07,72,512,0.140625,0.025,0.7458563535911602
kubernetes,airflow,2024-08,75,552,0.1358695652173913,0.026041666666666668,0.7841770497516772
kubernetes,airflow,2024-09,72,518,0.138996138996139,0.025,0.7624931053502483
kubernetes,airflow,2024-10,87,517,0.16827852998065765,0.030208333333333334,0.8532432506061515
kubernetes,airflow,2024-11,70,526,0.13307984790874525,0.024305555555555556,0.7217890056067539
kubernetes,airflow,2024-12,93,583,0.1595197255574614,0.03229166666666667,0.8539345903447748
kubernetes,airflow,2025-01,80,525,0.1523809523809524,0.027777777777777776,0.7672327672327673
kubernetes,airflow,2025-02,82,559,0.14669051878354203,0.02847222222222222,0.8267489121264208
kubernetes,airflow,2025-03,79,544,0.14522058823529413,0.027430555555555555,0.7674042093901782
kubernetes,airflow,2025-04,69,553,0.12477396021699819,0.023958333333333335,0.6780169913678391
kubernetes,airflow,2025-05,88,539,0.16326530612244897,0.030555555555555555,0.8456907943033327
kubernetes,airflow,2025-06,71,507,0.14003944773175542,0.024652777777777777,0.7468770545693623
kubernetes,aws,2024-01,65,571,0.1138353765323993,0.022569444444444444,0.6316876385612908
kubernetes,aws,2024-02,91,549,0.1657559198542805,0.03159722222222222,0.8419348310058693
kubernetes,aws,2024-03,81,552,0.14673913043478262,0.028125,0.8095952023988007
kubernetes,aws,2024-04,78,544,0.14338235294117646,0.027083333333333334,0.7820855614973262
kubernetes,aws,2024-05,78,545,0.14311926605504588,0.027083333333333334,0.7851114023591088
kubernetes,aws,2024-06,75,533,0.14071294559099437,0.026041666666666668,0.7689815622430053
kubernetes,aws,2024-07,77,512,0.150390625,0.02673611111111111,0.8297413793103449
kubernetes,aws,2024-08,98,552,0.17753623188405798,0.034027777777777775,0.9908998988877654
kubernetes,aws,2024-09,63,518,0.12162162162162163,0.021875,0.664649469203549
kubernetes,aws,2024-10,62,517,0.11992263056092843,0.021527777777777778,0.6337195890192181
kubernetes,aws,2024-11,77,526,0.14638783269961977,0.02673611111111111,0.8692720787111442
kubernetes,aws,2024-12,97,583,0.16638078902229847,0.033680555555555554,0.8391885680984582
kubernetes,aws,2025-01,75,525,0.14285714285714285,0.026041666666666668,0.7704654895666131
kubernetes,aws,2025-02,79,559,0.1413237924865832,0.027430555555555555,0.7723197767767734
kubernetes,aws,2025-03,72,544,0.1323529411764706,0.025,0.7260504201680673
kubernetes,aws,2025-04,80,553,0.14466546112115733,0.027777777777777776,0.7701229723270483
kubernetes,aws,2025-05,67,539,0.12430426716141002,0.02326388888888889,0.6485440025812697
kubernetes,aws,2025-06,74,507,0.14595660749506903,0.025694444444444443,0.7916290576003744
kubernetes,azure,2024-01,85,571,0.14886164623467601,0.029513888888888888,0.7780790220614645
kubernetes,azure,2024-02,78,549,0.14207650273224043,0.027083333333333334,0.7960706767876506
kubernetes,azure,2024-03,73,552,0.1322463768115942,0.025347222222222222,0.7119057293783015
kubernetes,azure,2024-04,90,544,0.16544117647058823,0.03125,0.8631713554987211
kubernetes,azure,2024-05,103,545,0.1889908256880734,0.03576388888888889,0.9896246872393663
kubernetes,azure,2024-06,70,533,0.13133208255159476,0.024305555555555556,0.7330162747065754
kubernetes,azure,2024-07,80,512,0.15625,0.027777777777777776,0.8490566037735848
kubernetes,azure,2024-08,78,552,0.14130434782608695,0.027083333333333334,0.7139588100686499
kubernetes,azure,2024-09,84,518,0.16216216216216217,0.029166666666666667,0.8251360901537581
kubernetes,azure,2024-10,85,517,0.1644100580270793,0.029513888888888888,0.8900394118759181
kubernetes,azure,2024-11,94,526,0.17870722433460076,0.03263888888888889,0.937480521099545
kubernetes,azure,2024-12,90,583,0.15437392795883362,0.03125,0.8436374051640244
kubernetes,azure,2025-01,80,525,0.1523809523809524,0.027777777777777776,0.7950310559006212
kubernetes,azure,2025-02,102,559,0.18246869409660108,0.035416666666666666,0.8657493228965586
kubernetes,azure,2025-03,79,544,0.14522058823529413,0.027430555555555555,0.7604278074866311
kubernetes,azure,2025-04,79,553,0.14285714285714285,0.027430555555555555,0.8114961961115806
kubernetes,azure,2025-05,59,539,0.10946196660482375,0.02048611111111111,0.6394532734723984
kubernetes,azure,2025-06,79,507,0.15581854043392504,0.027430555555555555,0.8042247248202582
kubernetes,databricks,2024-01,78,571,0.13660245183887915,0.027083333333333334,0.9835376532399298
kubernetes,databricks,2024-02,78,549,0.14207650273224043,0.027083333333333334,0.9789003059063455
kubernetes,databricks,2024-03,77,552,0.13949275362318841,0.02673611111111111,0.9214200239329877
kubernetes,databricks,2024-04,82,544,0.15073529411764705,0.02847222222222222,0.9562062710546774
kubernetes,databricks,2024-05,95,545,0.1743119266055046,0.03298611111111111,1.0635981962369772
kubernetes,databricks,2024-06,87,533,0.16322701688555347,0.030208333333333334,0.9593751196538652
kubernetes,databricks,2024-07,80,512,0.15625,0.027777777777777776,0.8858267716535433
kubernetes,databricks,2024-08,111,552,0.20108695652173914,0.03854166666666667,1.101008431145644
kubernetes,databricks,2024-09,97,518,0.18725868725868725,0.033680555555555554,0.9913695207812855
kubernetes,databricks,2024-10,100,517,0.19342359767891681,0.034722222222222224,0.9912098955787908
kubernetes,databricks,2024-11,110,526,0.20912547528517111,0.03819444444444445,1.03841615314016
kubernetes,databricks,2024-12,129,583,0.22126929674099485,0.04479166666666667,1.0656447736021155
kubernetes,databricks,2025-01,114,525,0.21714285714285714,0.03958333333333333,1.015213358070501
kubernetes,databricks,2025-02,110,559,0.1967799642218247,0.03819444444444445,0.8938900582947242
kubernetes,databricks,2025-03,113,544,0.20772058823529413,0.03923611111111111,0.9175387946589679
kubernetes,databricks,2025-04,121,553,0.21880650994575046,0.04201388888888889,0.9405414158862109
kubernetes,databricks,2025-05,142,539,0.2634508348794063,0.049305555555555554,1.1028174483323985
kubernetes,databricks,2025-06,125,507,0.2465483234714004,0.043402777777777776,1.0057495348408403
kubernetes,dbt,2024-01,54,571,0.09457092819614711,0.01875,1.0475548969419373
kubernetes,dbt,2024-02,59,549,0.10746812386156648,0.02048611111111111,1.1420966668683081
kubernetes,dbt,2024-03,67,552,0.1213768115942029,0.02326388888888889,1.2395929694727104
kubernetes,dbt,2024-04,45,544,0.08272058823529412,0.015625,0.8130897410158603
kubernetes,dbt,2024-05,58,545,0.10642201834862386,0.02013888888888889,1.0082085948816997
kubernetes,dbt,2024-06,66,533,0.12382739212007504,0.022916666666666665,1.1321361565264003
kubernetes,dbt,2024-07,70,512,0.13671875,0.024305555555555556,1.2078220858895705
kubernetes,dbt,2024-08,68,552,0.12318840579710146,0.02361111111111111,1.0527673848535672
kubernetes,dbt,2024-09,57,518,0.11003861003861004,0.019791666666666666,0.910664358940221
kubernetes,dbt,2024-10,60,517,0.11605415860735009,0.020833333333333332,0.9310194339531149
kubernetes,dbt,2024-11,67,526,0.12737642585551331,0.02326388888888889,0.9914705580104821
kubernetes,dbt,2024-12,80,583,0.137221269296741,0.027777777777777776,1.037263137991113
kubernetes,dbt,2025-01,76,525,0.14476190476190476,0.02638888888888889,1.0635568513119533
kubernetes,dbt,2025-02,79,559,0.1413237924865832,0.027430555555555555,1.0099566311696269
kubernetes,dbt,2025-03,79,544,0.14522058823529413,0.027430555555555555,1.0102301790281332
kubernetes,dbt,2025-04,92,553,0.16636528028933092,0.03194444444444444,1.1273694287841718
kubernetes,dbt,2025-05,73,539,0.13543599257884972,0.025347222222222222,0.8946230702456129
kubernetes,dbt,2025-06,64,507,0.126232741617357,0.022222222222222223,0.813311623843374
kubernetes,docker,2024-01,80,571,0.14010507880910683,0.027777777777777776,0.7363186623544301
kubernetes,docker,2024-02,73,549,0.13296903460837886,0.025347222222222222,0.7659016393442623
kubernetes,docker,2024-03,81,552,0.14673913043478262,0.028125,0.7298941202973643
kubernetes,docker,2024-04,75,544,0.13786764705882354,0.026041666666666668,0.719309462915601
kubernetes,docker,2024-05,87,545,0.1596330275229358,0.030208333333333334,0.8858248926128229
kubernetes,docker,2024-06,66,533,0.12382739212007504,0.022916666666666665,0.6897928226418106
kubernetes,docker,2024-07,78,512,0.15234375,0.027083333333333334,0.8185634328358209
kubernetes,docker,2024-08,72,552,0.13043478260869565,0.025,0.7237999497361146
kubernetes,docker,2024-09,80,518,0.15444015444015444,0.027777777777777776,0.8221583082950921
kubernetes,docker,2024-10,87,517,0.16827852998065765,0.030208333333333334,0.8685343482872653
kubernetes,docker,2024-11,83,526,0.15779467680608364,0.028819444444444446,0.8100689290579695
kubernetes,docker,2024-12,92,583,0.15780445969125215,0.03194444444444444,0.9089536878216123
kubernetes,docker,2025-01,83,525,0.1580952380952381,0.028819444444444446,0.7743440233236152
kubernetes,docker,2025-02,75,559,0.13416815742397137,0.026041666666666668,0.7168910823395873
kubernetes,docker,2025-03,81,544,0.1488970588235294,0.028125,0.8246606334841629
kubernetes,docker,2025-04,84,553,0.1518987341772152,0.029166666666666667,0.8594663151873865
kubernetes,docker,2025-05,84,539,0.15584415584415584,0.029166666666666667,0.7819358342006425
kubernetes,docker,2025-06,75,507,0.14792899408284024,0.026041666666666668,0.7662509046017624
kubernetes,gcp,2024-01,81,571,0.14185639229422067,0.028125,0.7523874950411704
kubernetes,gcp,2024-02,85,549,0.15482695810564662,0.029513888888888888,0.8166696691286854
kubernetes,gcp,2024-03,84,552,0.15217391304347827,0.029166666666666667,0.7968379446640317
kubernetes,gcp,2024-04,82,544,0.15073529411764705,0.02847222222222222,0.7864450127877237
kubernetes,gcp,2024-05,82,545,0.15045871559633028,0.02847222222222222,0.8009632179619801
kubernetes,gcp,2024-06,90,533,0.16885553470919323,0.03125,0.8988982254389585
kubernetes,gcp,2024-07,68,512,0.1328125,0.02361111111111111,0.765
kubernetes,gcp,2024-08,80,552,0.14492753623188406,0.027777777777777776,0.7374404670456292
kubernetes,gcp,2024-09,68,518,0.13127413127413126,0.02361111111111111,0.7001287001287001
kubernetes,gcp,2024-10,71,517,0.13733075435203096,0.024652777777777777,0.7910251450676984
kubernetes,gcp,2024-11,76,526,0.1444866920152091,0.02638888888888889,0.760734319933825
kubernetes,gcp,2024-12,83,583,0.1423670668953688,0.028819444444444446,0.7692629505791034
kubernetes,gcp,2025-01,68,525,0.1295238095238095,0.02361111111111111,0.6933616569304301
kubernetes,gcp,2025-02,76,559,0.13595706618962433,0.02638888888888889,0.7559002907840118
kubernetes,gcp,2025-03,86,544,0.15808823529411764,0.029861111111111113,0.8526107072042299
kubernetes,gcp,2025-04,81,553,0.14647377938517178,0.028125,0.8081311966078444
kubernetes,gcp,2025-05,87,539,0.1614100185528757,0.030208333333333334,0.9150804201422874
kubernetes,gcp,2025-06,76,507,0.14990138067061143,0.02638888888888889,0.7892431011542247
kubernetes,hadoop,2024-01,183,571,0.3204903677758319,0.06354166666666666,1.0732700688306929
kubernetes,hadoop,2024-02,167,549,0.30418943533697634,0.05798611111111111,1.0657732041003551
kubernetes,hadoop,2024-03,156,552,0.2826086956521739,0.05416666666666667,1.0381543921916594
kubernetes,hadoop,2024-04,149,544,0.27389705882352944,0.05173611111111111,1.0574041949219366
kubernetes,hadoop,2024-05,137,545,0.25137614678899084,0.04756944444444444,1.0225470377857255
kubernetes,hadoop,2024-06,118,533,0.22138836772983114,0.04097222222222222,0.9516395508386771
kubernetes,hadoop,2024-07,126,512,0.24609375,0.04375,1.1214398734177216
kubernetes,hadoop,2024-08,109,552,0.19746376811594202,0.03784722222222222,0.9574000878348704
kubernetes,hadoop,2024-09,99,518,0.19111969111969113,0.034375,0.9899725007638677
kubernetes,hadoop,2024-10,102,517,0.19729206963249515,0.035416666666666666,1.0969134373389693
kubernetes,hadoop,2024-11,87,526,0.16539923954372623,0.030208333333333334,0.9923954372623575
kubernetes,hadoop,2024-12,89,583,0.15265866209262435,0.03090277777777778,0.9946989747211722
kubernetes,hadoop,2025-01,67,525,0.12761904761904763,0.02326388888888889,0.9097595473833099
kubernetes,hadoop,2025-02,78,559,0.13953488372093023,0.027083333333333334,1.0979794128860085
kubernetes,hadoop,2025-03,65,544,0.11948529411764706,0.022569444444444444,1.049139167862267
kubernetes,hadoop,2025-04,59,553,0.10669077757685352,0.02048611111111111,1.0595497911080625
kubernetes,hadoop,2025-05,37,539,0.0686456400742115,0.012847222222222222,0.7845216008481315
kubernetes,hadoop,2025-06,51,507,0.10059171597633136,0.017708333333333333,1.353757672952497
kubernetes,hive,2024-01,94,571,0.1646234676007005,0.03263888888888889,0.8496695101971639
kubernetes,hive,2024-02,64,549,0.11657559198542805,0.022222222222222223,0.6661462399167317
kubernetes,hive,2024-03,65,552,0.11775362318840579,0.022569444444444444,0.6906933498627468
kubernetes,hive,2024-04,95,544,0.17463235294117646,0.03298611111111111,0.9062003179650238
kubernetes,hive,2024-05,80,545,0.14678899082568808,0.027777777777777776,0.7991536740604568
kubernetes,hive,2024-06,90,533,0.16885553470919323,0.03125,0.837011944857963
kubernetes,hive,2024-07,77,512,0.150390625,0.02673611111111111,0.7976519337016574
kubernetes,hive,2024-08,90,552,0.16304347826086957,0.03125,0.8631713554987213
kubernetes,hive,2024-09,67,518,0.12934362934362933,0.02326388888888889,0.7122555497316492
kubernetes,hive,2024-10,84,517,0.16247582205029013,0.029166666666666667,0.8947043355732994
kubernetes,hive,2024-11,78,526,0.1482889733840304,0.027083333333333334,0.7879561685350693
kubernetes,hive,2024-12,89,583,0.15265866209262435,0.03090277777777778,0.8141795311606632
kubernetes,hive,2025-01,76,525,0.14476190476190476,0.02638888888888889,0.7649803407601573
kubernetes,hive,2025-02,106,559,0.18962432915921287,0.03680555555555556,0.9839965188802398
kubernetes,hive,2025-03,79,544,0.14522058823529413,0.027430555555555555,0.7788366743345383
kubernetes,hive,2025-04,76,553,0.13743218806509946,0.02638888888888889,0.7157408709357802
kubernetes,hive,2025-05,75,539,0.1391465677179963,0.026041666666666668,0.7532746523079499
kubernetes,hive,2025-06,68,507,0.1341222879684418,0.02361111111111111,0.7329643061652987
kubernetes,java,2024-01,89,571,0.15586690017513136,0.03090277777777778,0.8682720938189136
kubernetes,java,2024-02,81,549,0.14754098360655737,0.028125,0.7883451443170413
kubernetes,java,2024-03,81,552,0.14673913043478262,0.028125,0.8065051443743778
kubernetes,java,2024-04,78,544,0.14338235294117646,0.027083333333333334,0.844460483579935
kubernetes,java,2024-05,76,545,0.13944954128440368,0.02638888888888889,0.7058254462198288
kubernetes,java,2024-06,74,533,0.13883677298311445,0.025694444444444443,0.7689421272910955
kubernetes,java,2024-07,82,512,0.16015625,0.02847222222222222,0.828096947935368
kubernetes,java,2024-08,88,552,0.15942028985507245,0.030555555555555555,0.7902417121903763
kubernetes,java,2024-09,74,518,0.14285714285714285,0.025694444444444443,0.7466943220119264
kubernetes,java,2024-10,89,517,0.172147001934236,0.03090277777777778,0.9198207153443407
kubernetes,java,2024-11,74,526,0.14068441064638784,0.025694444444444443,0.7559162363089496
kubernetes,java,2024-12,68,583,0.11663807890222985,0.02361111111111111,0.636207703103072
kubernetes,java,2025-01,75,525,0.14285714285714285,0.026041666666666668,0.7661612130885873
kubernetes,java,2025-02,62,559,0.11091234347048301,0.021527777777777778,0.6312797414920772
kubernetes,java,2025-03,68,544,0.125,0.02361111111111111,0.6963249516441006
kubernetes,java,2025-04,86,553,0.15551537070524413,0.029861111111111113,0.7913149604789808
kubernetes,java,2025-05,79,539,0.14656771799628943,0.027430555555555555,0.8009772824085647
kubernetes,java,2025-06,69,507,0.13609467455621302,0.023958333333333335,0.7934264427568695
kubernetes,kafka,2024-01,84,571,0.14711033274956217,0.029166666666666667,0.8210809269743005
kubernetes,kafka,2024-02,83,549,0.151183970856102,0.028819444444444446,0.8373266078184111
kubernetes,kafka,2024-03,78,552,0.14130434782608695,0.027083333333333334,0.752230169573254
kubernetes,kafka,2024-04,81,544,0.1488970588235294,0.028125,0.8106304903814077
kubernetes,kafka,2024-05,79,545,0.14495412844036698,0.027430555555555555,0.7876752639778432
kubernetes,kafka,2024-06,87,533,0.16322701688555347,0.030208333333333334,0.8886461410782495
kubernetes,kafka,2024-07,67,512,0.130859375,0.02326388888888889,0.7124291115311909
kubernetes,kafka,2024-08,84,552,0.15217391304347827,0.029166666666666667,0.7882389740381608
kubernetes,kafka,2024-09,70,518,0.13513513513513514,0.024305555555555556,0.7063324667680385
kubernetes,kafka,2024-10,69,517,0.13346228239845262,0.023958333333333335,0.7091722754751726
kubernetes,kafka,2024-11,86,526,0.1634980988593156,0.029861111111111113,0.8703780493804602
kubernetes,kafka,2024-12,89,583,0.15265866209262435,0.03090277777777778,0.789330245649476
kubernetes,kafka,2025-01,73,525,0.13904761904761906,0.025347222222222222,0.7307612095933265
kubernetes,kafka,2025-02,89,559,0.1592128801431127,0.03090277777777778,0.7988381442720636
kubernetes,kafka,2025-03,78,544,0.14338235294117646,0.027083333333333334,0.7295780503013926
kubernetes,kafka,2025-04,81,553,0.14647377938517178,0.028125,0.8128024752009533
kubernetes,kafka,2025-05,89,539,0.16512059369202226,0.03090277777777778,0.8757777344991236
kubernetes,kafka,2025-06,75,507,0.14792899408284024,0.026041666666666668,0.8114961961115807
kubernetes,powerbi,2024-01,88,571,0.15411558669001751,0.030555555555555555,0.8390413793331766
kubernetes,powerbi,2024-02,74,549,0.13479052823315119,0.025694444444444443,0.7366161694714904
kubernetes,powerbi,2024-03,82,552,0.14855072463768115,0.02847222222222222,0.7722492544341547
kubernetes,powerbi,2024-04,79,544,0.14522058823529413,0.027430555555555555,0.7645983439079472
kubernetes,powerbi,2024-05,76,545,0.13944954128440368,0.02638888888888889,0.7158906932247462
kubernetes,powerbi,2024-06,85,533,0.15947467166979362,0.029513888888888888,0.7905112812547429
kubernetes,powerbi,2024-07,76,512,0.1484375,0.02638888888888889,0.7702702702702703
kubernetes,powerbi,2024-08,80,552,0.14492753623188406,0.027777777777777776,0.757515978852679
kubernetes,powerbi,2024-09,75,518,0.14478764478764478,0.026041666666666668,0.7679344695919281
kubernetes,powerbi,2024-10,70,517,0.13539651837524178,0.024305555555555556,0.7571688794576628
kubernetes,powerbi,2024-11,73,526,0.13878326996197718,0.025347222222222222,0.7201726441270166
kubernetes,powerbi,2024-12,91,583,0.15608919382504288,0.03159722222222222,0.8263545555443447
kubernetes,powerbi,2025-01,76,525,0.14476190476190476,0.02638888888888889,0.8174789915966386
kubernetes,powerbi,2025-02,99,559,0.1771019677996422,0.034375,0.94279790621621
kubernetes,powerbi,2025-03,74,544,0.13602941176470587,0.025694444444444443,0.744799821069112
kubernetes,powerbi,2025-04,76,553,0.13743218806509946,0.02638888888888889,0.7384416075139673
kubernetes,powerbi,2025-05,91,539,0.16883116883116883,0.03159722222222222,0.8311688311688312
kubernetes,powerbi,2025-06,74,507,0.14595660749506903,0.025694444444444443,0.8390319951812352
kubernetes,python,2024-01,82,571,0.1436077057793345,0.02847222222222222,0.7788892516845259
kubernetes,python,2024-02,97,549,0.1766848816029144,0.033680555555555554,0.897447017665597
kubernetes,python,2024-03,90,552,0.16304347826086957,0.03125,0.8553100498930863
kubernetes,python,2024-04,87,544,0.15992647058823528,0.030208333333333334,0.8359133126934984
kubernetes,python,2024-05,65,545,0.11926605504587157,0.022569444444444444,0.6290956749672346
kubernetes,python,2024-06,79,533,0.14821763602251406,0.027430555555555555,0.8038922631729576
kubernetes,python,2024-07,71,512,0.138671875,0.024652777777777777,0.7301188299817185
kubernetes,python,2024-08,80,552,0.14492753623188406,0.027777777777777776,0.7920138602425544
kubernetes,python,2024-09,79,518,0.1525096525096525,0.027430555555555555,0.8350338388361203
kubernetes,python,2024-10,83,517,0.16054158607350097,0.028819444444444446,0.8197868225029836
kubernetes,python,2024-11,86,526,0.1634980988593156,0.029861111111111113,0.9107824462569225
kubernetes,python,2024-12,100,583,0.17152658662092624,0.034722222222222224,0.903101589521513
kubernetes,python,2025-01,68,525,0.1295238095238095,0.02361111111111111,0.7475522473518466
kubernetes,python,2025-02,82,559,0.14669051878354203,0.02847222222222222,0.755757950083365
kubernetes,python,2025-03,98,544,0.1801470588235294,0.034027777777777775,0.9679543459174714
kubernetes,python,2025-04,84,553,0.1518987341772152,0.029166666666666667,0.8041697691734923
kubernetes,python,2025-05,79,539,0.14656771799628943,0.027430555555555555,0.7773757418587727
kubernetes,python,2025-06,65,507,0.1282051282051282,0.022569444444444444,0.655827298811313
kubernetes,scala,2024-01,82,571,0.1436077057793345,0.02847222222222222,0.7438672529577038
kubernetes,scala,2024-02,84,549,0.15300546448087432,0.029166666666666667,0.7982893799002138
kubernetes,scala,2024-03,69,552,0.125,0.023958333333333335,0.6521739130434783
kubernetes,scala,2024-04,87,544,0.15992647058823528,0.030208333333333334,0.8593064091308165
kubernetes,scala,2024-05,89,545,0.163302752293578,0.03090277777777778,0.8458847600818428
kubernetes,scala,2024-06,79,533,0.14821763602251406,0.027430555555555555,0.7861266882962071
kubernetes,scala,2024-07,95,512,0.185546875,0.03298611111111111,0.9951117318435754
kubernetes,scala,2024-08,75,552,0.1358695652173913,0.026041666666666668,0.7467640225688682
kubernetes,scala,2024-09,73,518,0.14092664092664092,0.025347222222222222,0.7158178586750016
kubernetes,scala,2024-10,69,517,0.13346228239845262,0.023958333333333335,0.6661548930806647
kubernetes,scala,2024-11,81,526,0.15399239543726237,0.028125,0.7821835958718089
kubernetes,scala,2024-12,64,583,0.1097770154373928,0.022222222222222223,0.5822427338115861
kubernetes,scala,2025-01,99,525,0.18857142857142858,0.034375,0.9544564398694453
kubernetes,scala,2025-02,86,559,0.15384615384615385,0.029861111111111113,0.8220351077493935
kubernetes,scala,2025-03,83,544,0.15257352941176472,0.028819444444444446,0.827517447657029
kubernetes,scala,2025-04,76,553,0.13743218806509946,0.02638888888888889,0.7118789597616663
kubernetes,scala,2025-05,66,539,0.12244897959183673,0.022916666666666665,0.6901234074843244
kubernetes,scala,2025-06,65,507,0.1282051282051282,0.022569444444444444,0.6993006993006993
kubernetes,snowflake,2024-01,100,571,0.17513134851138354,0.034722222222222224,0.9699582379092011
kubernetes,snowflake,2024-02,115,549,0.20947176684881602,0.03993055555555555,1.1130603109309782
kubernetes,snowflake,2024-03,119,552,0.21557971014492755,0.04131944444444444,1.1008325624421833
kubernetes,snowflake,2024-04,101,544,0.18566176470588236,0.035069444444444445,0.9124673760289099
kubernetes,snowflake,2024-05,105,545,0.1926605504587156,0.036458333333333336,0.9126026074360213
kubernetes,snowflake,2024-06,122,533,0.22889305816135083,0.04236111111111111,1.046368265880461
kubernetes,snowflake,2024-07,117,512,0.228515625,0.040625,1.009394171779141
kubernetes,snowflake,2024-08,123,552,0.22282608695652173,0.042708333333333334,0.9521352083602116
kubernetes,snowflake,2024-09,126,518,0.24324324324324326,0.04375,1.0065237651444547
kubernetes,snowflake,2024-10,127,517,0.24564796905222436,0.044097222222222225,0.9853289009337133
kubernetes,snowflake,2024-11,139,526,0.26425855513307983,0.04826388888888889,1.0284657280855
kubernetes,snowflake,2024-12,157,583,0.2692967409948542,0.05451388888888889,1.0178144541537795
kubernetes,snowflake,2025-01,147,525,0.28,0.051041666666666666,1.0285714285714287
kubernetes,snowflake,2025-02,165,559,0.295169946332737,0.057291666666666664,1.0547015452087873
kubernetes,snowflake,2025-03,152,544,0.27941176470588236,0.05277777777777778,0.9718670076726343
kubernetes,snowflake,2025-04,174,553,0.31464737793851716,0.06041666666666667,1.066099351132858
kubernetes,snowflake,2025-05,173,539,0.3209647495361781,0.060069444444444446,1.0600670626882946
kubernetes,snowflake,2025-06,138,507,0.27218934911242604,0.04791666666666667,0.8768515944561376
kubernetes,spark,2024-01,100,571,0.17513134851138354,0.034722222222222224,0.9463007199114157
kubernetes,spark,2024-02,93,549,0.16939890710382513,0.03229166666666667,0.8822221563454183
kubernetes,spark,2024-03,97,552,0.17572463768115942,0.033680555555555554,0.895729126587149
kubernetes,spark,2024-04,84,544,0.15441176470588236,0.029166666666666667,0.8144796380090499
kubernetes,spark,2024-05,71,545,0.13027522935779817,0.024652777777777777,0.7201394636285197
kubernetes,spark,2024-06,68,533,0.1275797373358349,0.02361111111111111,0.7378105291710934
kubernetes,spark,2024-07,72,512,0.140625,0.025,0.7458563535911602
kubernetes,spark,2024-08,92,552,0.16666666666666666,0.03194444444444444,0.8421052631578947
kubernetes,spark,2024-09,67,518,0.12934362934362933,0.02326388888888889,0.6847603906427435
kubernetes,spark,2024-10,86,517,0.16634429400386846,0.029861111111111113,0.8346194542354375
kubernetes,spark,2024-11,71,526,0.13498098859315588,0.024652777777777777,0.6954297802294972
kubernetes,spark,2024-12,76,583,0.13036020583190394,0.02638888888888889,0.7463964071488735
kubernetes,spark,2025-01,77,525,0.14666666666666667,0.02673611111111111,0.7807763401109057
kubernetes,spark,2025-02,84,559,0.15026833631484796,0.029166666666666667,0.821200775306949
kubernetes,spark,2025-03,99,544,0.18198529411764705,0.034375,0.9426576385950063
kubernetes,spark,2025-04,79,553,0.14285714285714285,0.027430555555555555,0.7719110158134548
kubernetes,spark,2025-05,94,539,0.17439703153988867,0.03263888888888889,0.9353136887055482
kubernetes,spark,2025-06,79,507,0.15581854043392504,0.027430555555555555,0.8144417358433832
kubernetes,sql,2024-01,83,571,0.14535901926444833,0.028819444444444446,0.7723874086376591
kubernetes,sql,2024-02,81,549,0.14754098360655737,0.028125,0.7912812528619837
kubernetes,sql,2024-03,73,552,0.1322463768115942,0.025347222222222222,0.7282400864577272
kubernetes,sql,2024-04,66,544,0.1213235294117647,0.022916666666666665,0.6745400863047922
kubernetes,sql,2024-05,83,545,0.15229357798165138,0.028819444444444446,0.793138344642235
kubernetes,sql,2024-06,80,533,0.150093808630394,0.027777777777777776,0.7732918941959477
kubernetes,sql,2024-07,71,512,0.138671875,0.024652777777777777,0.7106316725978647
kubernetes,sql,2024-08,82,552,0.14855072463768115,0.02847222222222222,0.8355978260869564
kubernetes,sql,2024-09,77,518,0.14864864864864866,0.02673611111111111,0.7550407550407551
kubernetes,sql,2024-10,73,517,0.14119922630560927,0.025347222222222222,0.7687216857469843
kubernetes,sql,2024-11,79,526,0.15019011406844107,0.027430555555555555,0.8497986807801773
kubernetes,sql,2024-12,85,583,0.1457975986277873,0.029513888888888888,0.7804778513903855
kubernetes,sql,2025-01,84,525,0.16,0.029166666666666667,0.8661654135338346
kubernetes,sql,2025-02,85,559,0.1520572450805009,0.029513888888888888,0.7890538123096262
kubernetes,sql,2025-03,93,544,0.17095588235294118,0.03229166666666667,0.9342560553633219
kubernetes,sql,2025-04,72,553,0.1301989150090416,0.025,0.6780702987812655
kubernetes,sql,2025-05,70,539,0.12987012987012986,0.024305555555555556,0.6978096530335336
kubernetes,sql,2025-06,79,507,0.15581854043392504,0.027430555555555555,0.8203974340945231
kubernetes,tableau,2024-01,93,571,0.1628721541155867,0.03229166666666667,0.8670458481569125
kubernetes,tableau,2024-02,82,549,0.1493624772313297,0.02847222222222222,0.762702011394024
kubernetes,tableau,2024-03,91,552,0.16485507246376813,0.03159722222222222,0.8743694451116983
kubernetes,tableau,2024-04,78,544,0.14338235294117646,0.027083333333333334,0.773298083278255
kubernetes,tableau,2024-05,91,545,0.1669724770642202,0.03159722222222222,0.8839719373988129
kubernetes,tableau,2024-06,66,533,0.12382739212007504,0.022916666666666665,0.7104041619637772
kubernetes,tableau,2024-07,76,512,0.1484375,0.02638888888888889,0.7661290322580645
kubernetes,tableau,2024-08,84,552,0.15217391304347827,0.029166666666666667,0.7770582793709528
kubernetes,tableau,2024-09,88,518,0.16988416988416988,0.030555555555555555,0.9650225034840418
kubernetes,tableau,2024-10,81,517,0.15667311411992263,0.028125,0.8355899419729207
kubernetes,tableau,2024-11,69,526,0.1311787072243346,0.023958333333333335,0.7035282622087219
kubernetes,tableau,2024-12,104,583,0.1783876500857633,0.03611111111111111,0.9207104520555525
kubernetes,tableau,2025-01,91,525,0.17333333333333334,0.03159722222222222,0.9712062256809338
kubernetes,tableau,2025-02,76,559,0.13595706618962433,0.02638888888888889,0.7373942572996574
kubernetes,tableau,2025-03,74,544,0.13602941176470587,0.025694444444444443,0.7033477663956066
kubernetes,tableau,2025-04,95,553,0.1717902350813743,0.03298611111111111,0.8819177843749697
kubernetes,tableau,2025-05,81,539,0.150278293135436,0.028125,0.8275362987190358
kubernetes,tableau,2025-06,78,507,0.15384615384615385,0.027083333333333334,0.8012240923633329
kubernetes,terraform,2024-01,69,571,0.12084063047285463,0.023958333333333335,0.698837381047834
kubernetes,terraform,2024-02,96,549,0.17486338797814208,0.03333333333333333,0.8835202761000863
kubernetes,terraform,2024-03,85,552,0.1539855072463768,0.029513888888888888,0.8077928248990259
kubernetes,terraform,2024-04,84,544,0.15441176470588236,0.029166666666666667,0.7912916056102156
kubernetes,terraform,2024-05,70,545,0.12844036697247707,0.024305555555555556,0.7210687268630291
kubernetes,terraform,2024-06,87,533,0.16322701688555347,0.030208333333333334,0.8105065666041276
kubernetes,terraform,2024-07,76,512,0.1484375,0.02638888888888889,0.756637168141593
kubernetes,terraform,2024-08,85,552,0.1539855072463768,0.029513888888888888,0.821256038647343
kubernetes,terraform,2024-09,75,518,0.14478764478764478,0.026041666666666668,0.7794176018475083
kubernetes,terraform,2024-10,78,517,0.15087040618955513,0.027083333333333334,0.7745218713474488
kubernetes,terraform,2024-11,83,526,0.15779467680608364,0.028819444444444446,0.8292858927035053
kubernetes,terraform,2024-12,91,583,0.15608919382504288,0.03159722222222222,0.8434087771409446
kubernetes,terraform,2025-01,79,525,0.15047619047619049,0.027430555555555555,0.8100400534045394
kubernetes,terraform,2025-02,78,559,0.13953488372093023,0.027083333333333334,0.7400745213927792
kubernetes,terraform,2025-03,80,544,0.14705882352941177,0.027777777777777776,0.7785467128027682
kubernetes,terraform,2025-04,75,553,0.13562386980108498,0.026041666666666668,0.7525948844453271
kubernetes,terraform,2025-05,79,539,0.14656771799628943,0.027430555555555555,0.7619404834464143
kubernetes,terraform,2025-06,83,507,0.16370808678500987,0.028819444444444446,0.9066909421939008
powerbi,airflow,2024-01,71,529,0.1342155009451796,0.024652777777777777,0.7211579155263381
powerbi,airflow,2024-02,73,527,0.13851992409867173,0.025347222222222222,0.7746356920469409
powerbi,airflow,2024-03,90,554,0.1624548736462094,0.03125,0.8827736530209114
powerbi,airflow,2024-04,75,547,0.13711151736745886,0.026041666666666668,0.7593868654197722
powerbi,airflow,2024-05,85,561,0.15151515151515152,0.029513888888888888,0.8522727272727273
powerbi,airflow,2024-06,95,581,0.16351118760757316,0.03298611111111111,0.8640591198345151
powerbi,airflow,2024-07,73,555,0.13153153153153152,0.025347222222222222,0.6976258025981782
powerbi,airflow,2024-08,74,551,0.13430127041742287,0.025694444444444443,0.7751255687418395
powerbi,airflow,2024-09,86,543,0.15837937384898712,0.029861111111111113,0.8688239936858723
powerbi,airflow,2024-10,69,515,0.13398058252427184,0.023958333333333335,0.6793381649118009
powerbi,airflow,2024-11,65,555,0.11711711711711711,0.022569444444444444,0.6352114826691098
powerbi,airflow,2024-12,72,544,0.1323529411764706,0.025,0.7085064509075005
powerbi,airflow,2025-01,77,510,0.15098039215686274,0.02673611111111111,0.7601809954751131
powerbi,airflow,2025-02,76,541,0.14048059149722736,0.02638888888888889,0.791749713330753
powerbi,airflow,2025-03,73,526,0.13878326996197718,0.025347222222222222,0.7333868210834757
powerbi,airflow,2025-04,85,536,0.15858208955223882,0.029513888888888888,0.8617290903970712
powerbi,airflow,2025-05,99,585,0.16923076923076924,0.034375,0.8765910348644161
powerbi,airflow,2025-06,72,501,0.1437125748502994,0.025,0.7664670658682634
powerbi,aws,2024-01,73,529,0.13799621928166353,0.025347222222222222,0.7657593671121213
powerbi,aws,2024-02,81,527,0.15370018975332067,0.028125,0.7806993765248035
powerbi,aws,2024-03,77,554,0.13898916967509026,0.02673611111111111,0.7668367982073946
powerbi,aws,2024-04,86,547,0.15722120658135283,0.029861111111111113,0.85757021771647
powerbi,aws,2024-05,78,561,0.13903743315508021,0.027083333333333334,0.7627196333078686
powerbi,aws,2024-06,88,581,0.1514629948364888,0.030555555555555555,0.8277294594479845
powerbi,aws,2024-07,81,555,0.14594594594594595,0.028125,0.8052190121155639
powerbi,aws,2024-08,84,551,0.15245009074410162,0.029166666666666667,0.8508842274089393
powerbi,aws,2024-09,73,543,0.13443830570902393,0.025347222222222222,0.7346913101366014
powerbi,aws,2024-10,82,515,0.15922330097087378,0.02847222222222222,0.8414001959561771
powerbi,aws,2024-11,70,555,0.12612612612612611,0.024305555555555556,0.748955140707718
powerbi,aws,2024-12,97,544,0.17830882352941177,0.033680555555555554,0.8993509838261049
powerbi,aws,2025-01,85,510,0.16666666666666666,0.029513888888888888,0.8988764044943819
powerbi,aws,2025-02,82,541,0.15157116451016636,0.02847222222222222,0.8283205954255771
powerbi,aws,2025-03,65,526,0.12357414448669202,0.022569444444444444,0.6778924497555676
powerbi,aws,2025-04,75,536,0.13992537313432835,0.026041666666666668,0.744889232212321
powerbi,aws,2025-05,88,585,0.15042735042735042,0.030555555555555555,0.7848383500557413
powerbi,aws,2025-06,76,501,0.15169660678642716,0.02638888888888889,0.8227612571467235
powerbi,azure,2024-01,67,529,0.1266540642722117,0.02326388888888889,0.6620030945625586
powerbi,azure,2024-02,77,527,0.1461100569259962,0.02673611111111111,0.8186711360834029
powerbi,azure,2024-03,93,554,0.16787003610108303,0.03229166666666667,0.9036742130301292
powerbi,azure,2024-04,75,547,0.13711151736745886,0.026041666666666668,0.7153644384389157
powerbi,azure,2024-05,84,561,0.1497326203208556,0.029166666666666667,0.7840544482255712
powerbi,azure,2024-06,86,581,0.14802065404475043,0.029861111111111113,0.8261617900172117
powerbi,azure,2024-07,76,555,0.13693693693693693,0.02638888888888889,0.7441101478837326
powerbi,azure,2024-08,89,551,0.16152450090744103,0.03090277777777778,0.8161237940586494
powerbi,azure,2024-09,83,543,0.15285451197053407,0.028819444444444446,0.7777756086133183
powerbi,azure,2024-10,66,515,0.12815533980582525,0.022916666666666665,0.6937732681217607
powerbi,azure,2024-11,92,555,0.16576576576576577,0.03194444444444444,0.8695909023777877
powerbi,azure,2024-12,72,544,0.1323529411764706,0.025,0.7232950106038621
powerbi,azure,2025-01,80,510,0.1568627450980392,0.027777777777777776,0.8184143222506394
powerbi,azure,2025-02,74,541,0.1367837338262477,0.025694444444444443,0.6489903680718178
powerbi,azure,2025-03,81,526,0.15399239543726237,0.028125,0.8063601797442103
powerbi,azure,2025-04,70,536,0.13059701492537312,0.024305555555555556,0.7418528658482733
powerbi,azure,2025-05,85,585,0.1452991452991453,0.029513888888888888,0.8488063660477454
powerbi,azure,2025-06,85,501,0.16966067864271456,0.029513888888888888,0.8756680188011073
powerbi,databricks,2024-01,75,529,0.14177693761814744,0.026041666666666668,1.0207939508506616
powerbi,databricks,2024-02,90,527,0.17077798861480076,0.03125,1.1766521703603496
powerbi,databricks,2024-03,85,554,0.15342960288808663,0.029513888888888888,1.013479945682774
powerbi,databricks,2024-04,85,547,0.15539305301645337,0.029513888888888888,0.9857532878576778
powerbi,databricks,2024-05,98,561,0.1746880570409982,0.034027777777777775,1.065893229402701
powerbi,databricks,2024-06,104,581,0.17900172117039587,0.03611111111111111,1.0520917489198778
powerbi,databricks,2024-07,95,555,0.17117117117117117,0.03298611111111111,0.9704192381357735
powerbi,databricks,2024-08,93,551,0.16878402903811252,0.03229166666666667,0.9241406913113386
powerbi,databricks,2024-09,131,543,0.24125230202578268,0.04548611111111111,1.2772180695482613
powerbi,databricks,2024-10,91,515,0.1766990291262136,0.03159722222222222,0.9055039215008811
powerbi,databricks,2024-11,112,555,0.2018018018018018,0.03888888888888889,1.0020503261882572
powerbi,databricks,2024-12,115,544,0.2113970588235294,0.03993055555555555,1.0180995475113122
powerbi,databricks,2025-01,113,510,0.22156862745098038,0.03923611111111111,1.0359052711993888
powerbi,databricks,2025-02,123,541,0.22735674676524953,0.042708333333333334,1.0327877455582313
powerbi,databricks,2025-03,123,526,0.2338403041825095,0.042708333333333334,1.0329142270638456
powerbi,databricks,2025-04,124,536,0.23134328358208955,0.043055555555555555,0.9944308309200267
powerbi,databricks,2025-05,124,585,0.21196581196581196,0.043055555555555555,0.887298747763864
powerbi,databricks,2025-06,138,501,0.2754491017964072,0.04791666666666667,1.1236450611524826
powerbi,dbt,2024-01,41,529,0.07750472589792061,0.01423611111111111,0.8585138868692744
powerbi,dbt,2024-02,60,527,0.11385199240986717,0.020833333333333332,1.2099399931380717
powerbi,dbt,2024-03,54,554,0.09747292418772563,0.01875,0.9954681619171979
powerbi,dbt,2024-04,53,547,0.09689213893967093,0.01840277777777778,0.9523868946971067
powerbi,dbt,2024-05,52,561,0.09269162210338681,0.018055555555555554,0.8781311567689277
powerbi,dbt,2024-06,68,581,0.11703958691910499,0.02361111111111111,1.0700762232603884
powerbi,dbt,2024-07,58,555,0.1045045045045045,0.02013888888888889,0.9232299784447023
powerbi,dbt,2024-08,59,551,0.10707803992740472,0.02048611111111111,0.915088293741619
powerbi,dbt,2024-09,83,543,0.15285451197053407,0.028819444444444446,1.2650028576871786
powerbi,dbt,2024-10,73,515,0.141747572815534,0.025347222222222222,1.1371393028098549
powerbi,dbt,2024-11,68,555,0.12252252252252252,0.02361111111111111,0.9536888239590943
powerbi,dbt,2024-12,80,544,0.14705882352941177,0.027777777777777776,1.11162575266327
powerbi,dbt,2025-01,66,510,0.12941176470588237,0.022916666666666665,0.9507803121248501
powerbi,dbt,2025-02,72,541,0.133086876155268,0.025,0.9510923159483173
powerbi,dbt,2025-03,73,526,0.13878326996197718,0.025347222222222222,0.9654488345181022
powerbi,dbt,2025-04,68,536,0.12686567164179105,0.02361111111111111,0.8597014925373134
powerbi,dbt,2025-05,91,585,0.15555555555555556,0.03159722222222222,1.0275229357798166
powerbi,dbt,2025-06,83,501,0.1656686626746507,0.028819444444444446,1.0673954105212393
powerbi,docker,2024-01,72,529,0.13610586011342155,0.025,0.7153008706690768
powerbi,docker,2024-02,74,527,0.14041745730550284,0.025694444444444443,0.8088045540796964
powerbi,docker,2024-03,76,554,0.1371841155234657,0.02638888888888889,0.6823665849871869
powerbi,docker,2024-04,79,547,0.14442413162705667,0.027430555555555555,0.7535172084889913
powerbi,docker,2024-05,69,561,0.12299465240641712,0.023958333333333335,0.6825136780934129
powerbi,docker,2024-06,71,581,0.12220309810671257,0.024652777777777777,0.6807445310393272
powerbi,docker,2024-07,74,555,0.13333333333333333,0.025694444444444443,0.7164179104477612
powerbi,docker,2024-08,90,551,0.16333938294010888,0.03125,0.9063919515751707
powerbi,docker,2024-09,72,543,0.13259668508287292,0.025,0.7058751442489354
powerbi,docker,2024-10,82,515,0.15922330097087378,0.02847222222222222,0.8217976824303163
powerbi,docker,2024-11,79,555,0.14234234234234233,0.027430555555555555,0.7307414366237895
powerbi,docker,2024-12,61,544,0.11213235294117647,0.021180555555555557,0.6458823529411765
powerbi,docker,2025-01,71,510,0.1392156862745098,0.024652777777777777,0.6818727490996399
powerbi,docker,2025-02,75,541,0.13863216266173753,0.026041666666666668,0.7407432810126235
powerbi,docker,2025-03,82,526,0.155893536121673,0.02847222222222222,0.8634103539046505
powerbi,docker,2025-04,78,536,0.1455223880597015,0.027083333333333334,0.8233879717326921
powerbi,docker,2025-05,86,585,0.147008547008547,0.029861111111111113,0.737603859555079
powerbi,docker,2025-06,74,501,0.14770459081836326,0.025694444444444443,0.7650885279800111
powerbi,gcp,2024-01,75,529,0.14177693761814744,0.026041666666666668,0.7519660779747047
powerbi,gcp,2024-02,70,527,0.13282732447817835,0.024305555555555556,0.7006276455991826
powerbi,gcp,2024-03,82,554,0.148014440433213,0.02847222222222222,0.7750574335411881
powerbi,gcp,2024-04,72,547,0.1316270566727605,0.025,0.6867498609013591
powerbi,gcp,2024-05,94,561,0.16755793226381463,0.03263888888888889,0.8919904712010834
powerbi,gcp,2024-06,76,581,0.13080895008605853,0.02638888888888889,0.6963581816041563
powerbi,gcp,2024-07,71,555,0.12792792792792793,0.024652777777777777,0.7368648648648649
powerbi,gcp,2024-08,72,551,0.1306715063520871,0.025,0.6649009510494892
powerbi,gcp,2024-09,81,543,0.14917127071823205,0.028125,0.7955801104972376
powerbi,gcp,2024-10,75,515,0.14563106796116504,0.026041666666666668,0.8388349514563107
powerbi,gcp,2024-11,102,555,0.1837837837837838,0.035416666666666666,0.967636740945699
powerbi,gcp,2024-12,81,544,0.1488970588235294,0.028125,0.8045469594967443
powerbi,gcp,2025-01,79,510,0.15490196078431373,0.027430555555555555,0.8292149573584081
powerbi,gcp,2025-02,76,541,0.14048059149722736,0.02638888888888889,0.7810503928803374
powerbi,gcp,2025-03,82,526,0.155893536121673,0.02847222222222222,0.840774127397787
powerbi,gcp,2025-04,64,536,0.11940298507462686,0.022222222222222223,0.6587750900669068
powerbi,gcp,2025-05,64,585,0.1094017094017094,0.022222222222222223,0.6202301635372501
powerbi,gcp,2025-06,76,501,0.15169660678642716,0.02638888888888889,0.7986951143417006
powerbi,hadoop,2024-01,159,529,0.3005671077504726,0.05520833333333333,1.006550314327164
powerbi,hadoop,2024-02,148,527,0.2808349146110057,0.05138888888888889,0.9839471460823557
powerbi,hadoop,2024-03,154,554,0.2779783393501805,0.05347222222222222,1.0211449200618876
powerbi,hadoop,2024-04,142,547,0.2595978062157221,0.049305555555555554,1.0022006459802675
powerbi,hadoop,2024-05,136,561,0.24242424242424243,0.04722222222222222,0.9861325115562405
powerbi,hadoop,2024-06,133,581,0.2289156626506024,0.04618055555555556,0.983995684229455
powerbi,hadoop,2024-07,123,555,0.22162162162162163,0.042708333333333334,1.0099213137187821
powerbi,hadoop,2024-08,108,551,0.19600725952813067,0.0375,0.9503382280151791
powerbi,hadoop,2024-09,89,543,0.16390423572744015,0.03090277777777778,0.8490003577248698
powerbi,hadoop,2024-10,95,515,0.18446601941747573,0.03298611111111111,1.0256025790006373
powerbi,hadoop,2024-11,97,555,0.17477477477477477,0.033680555555555554,1.0486486486486486
powerbi,hadoop,2024-12,74,544,0.13602941176470587,0.025694444444444443,0.8863454884216129
powerbi,hadoop,2025-01,72,510,0.1411764705882353,0.025,1.0064065230052417
powerbi,hadoop,2025-02,58,541,0.10720887245841035,0.02013888888888889,0.8436107996727372
powerbi,hadoop,2025-03,48,526,0.09125475285171103,0.016666666666666666,0.8012612445516091
powerbi,hadoop,2025-04,55,536,0.10261194029850747,0.019097222222222224,1.0190427174472465
powerbi,hadoop,2025-05,60,585,0.10256410256410256,0.020833333333333332,1.1721611721611722
powerbi,hadoop,2025-06,42,501,0.08383233532934131,0.014583333333333334,1.1282108679836589
powerbi,hive,2024-01,83,529,0.15689981096408318,0.028819444444444446,0.809805475943655
powerbi,hive,2024-02,74,527,0.14041745730550284,0.025694444444444443,0.8023854703171591
powerbi,hive,2024-03,80,554,0.1444043321299639,0.027777777777777776,0.8470152271574257
powerbi,hive,2024-04,79,547,0.14442413162705667,0.027430555555555555,0.7494441424971588
powerbi,hive,2024-05,83,561,0.14795008912655971,0.028819444444444446,0.8054749653771114
powerbi,hive,2024-06,92,581,0.15834767641996558,0.03194444444444444,0.78492479877711
powerbi,hive,2024-07,85,555,0.15315315315315314,0.029513888888888888,0.8123040167239062
powerbi,hive,2024-08,91,551,0.16515426497277677,0.03159722222222222,0.8743461086794064
powerbi,hive,2024-09,69,543,0.1270718232044199,0.023958333333333335,0.6997454126744347
powerbi,hive,2024-10,79,515,0.1533980582524272,0.027430555555555555,0.8447158848317214
powerbi,hive,2024-11,72,555,0.12972972972972974,0.025,0.6893387852797447
powerbi,hive,2024-12,100,544,0.18382352941176472,0.034722222222222224,0.9803921568627452
powerbi,hive,2025-01,68,510,0.13333333333333333,0.02361111111111111,0.7045871559633028
powerbi,hive,2025-02,77,541,0.1423290203327172,0.02673611111111111,0.7385722136184243
powerbi,hive,2025-03,74,526,0.14068441064638784,0.025694444444444443,0.7545085710644264
powerbi,hive,2025-04,90,536,0.16791044776119404,0.03125,0.8744703246875928
powerbi,hive,2025-05,75,585,0.1282051282051282,0.026041666666666668,0.6940427993059571
powerbi,hive,2025-06,64,501,0.1277445109780439,0.022222222222222223,0.6981104205251736
powerbi,java,2024-01,85,529,0.16068052930056712,0.029513888888888888,0.8950868943629271
powerbi,java,2024-02,73,527,0.13851992409867173,0.025347222222222222,0.7401435647572812
powerbi,java,2024-03,73,554,0.13176895306859207,0.025347222222222222,0.7242263069418801
powerbi,java,2024-04,71,547,0.12979890310786105,0.024652777777777777,0.7644597974450712
powerbi,java,2024-05,91,561,0.1622103386809269,0.03159722222222222,0.8210294822514402
powerbi,java,2024-06,91,581,0.1566265060240964,0.03159722222222222,0.8674698795180723
powerbi,java,2024-07,80,555,0.14414414414414414,0.027777777777777776,0.7453054490756466
powerbi,java,2024-08,98,551,0.17785843920145192,0.034027777777777775,0.8816390790020335
powerbi,java,2024-09,83,543,0.15285451197053407,0.028819444444444446,0.7989491732761128
powerbi,java,2024-10,58,515,0.11262135922330097,0.02013888888888889,0.6017616225660608
powerbi,java,2024-11,80,555,0.14414414414414414,0.027777777777777776,0.7745058491327148
powerbi,java,2024-12,83,544,0.15257352941176472,0.028819444444444446,0.8322192513368986
powerbi,java,2025-01,77,510,0.15098039215686274,0.02673611111111111,0.8097272428524481
powerbi,java,2025-02,66,541,0.12199630314232902,0.022916666666666665,0.6943663103753115
powerbi,java,2025-03,73,526,0.13878326996197718,0.025347222222222222,0.7731060299622713
powerbi,java,2025-04,84,536,0.15671641791044777,0.029166666666666667,0.7974262960814303
powerbi,java,2025-05,89,585,0.15213675213675212,0.03090277777777778,0.8314114727776967
powerbi,java,2025-06,76,501,0.15169660678642716,0.02638888888888889,0.8843850760018426
powerbi,kafka,2024-01,77,529,0.14555765595463138,0.02673611111111111,0.8124148239328263
powerbi,kafka,2024-02,71,527,0.1347248576850095,0.024652777777777777,0.7461684425631295
powerbi,kafka,2024-03,77,554,0.13898916967509026,0.02673611111111111,0.7399053764588909
powerbi,kafka,2024-04,82,547,0.14990859232175502,0.02847222222222222,0.8161375158537891
powerbi,kafka,2024-05,78,561,0.13903743315508021,0.027083333333333334,0.7555241650691151
powerbi,kafka,2024-06,86,581,0.14802065404475043,0.029861111111111113,0.8058591373324786
powerbi,kafka,2024-07,81,555,0.14594594594594595,0.028125,0.794563940121596
powerbi,kafka,2024-08,73,551,0.132486388384755,0.025347222222222222,0.6862604290433352
powerbi,kafka,2024-09,71,543,0.13075506445672191,0.024652777777777777,0.6834384494289639
powerbi,kafka,2024-10,69,515,0.13398058252427184,0.023958333333333335,0.7119263425643965
powerbi,kafka,2024-11,75,555,0.13513513513513514,0.026041666666666668,0.7193885197582056
powerbi,kafka,2024-12,89,544,0.1636029411764706,0.03090277777777778,0.8459182595839053
powerbi,kafka,2025-01,82,510,0.1607843137254902,0.02847222222222222,0.844997853155861
powerbi,kafka,2025-02,90,541,0.16635859519408502,0.03125,0.8346912093361757
powerbi,kafka,2025-03,83,526,0.15779467680608364,0.028819444444444446,0.8029128431122278
powerbi,kafka,2025-04,62,536,0.11567164179104478,0.021527777777777778,0.6418773186092658
powerbi,kafka,2025-05,89,585,0.15213675213675212,0.03090277777777778,0.8069131605043207
powerbi,kafka,2025-06,75,501,0.1497005988023952,0.026041666666666668,0.8212147134302823
powerbi,kubernetes,2024-01,88,529,0.166351606805293,0.030555555555555555,0.8390413793331767
powerbi,kubernetes,2024-02,74,527,0.14041745730550284,0.025694444444444443,0.7366161694714903
powerbi,kubernetes,2024-03,82,554,0.148014440433213,0.02847222222222222,0.7722492544341547
powerbi,kubernetes,2024-04,79,547,0.14442413162705667,0.027430555555555555,0.7645983439079471
powerbi,kubernetes,2024-05,76,561,0.1354723707664884,0.02638888888888889,0.7158906932247461
powerbi,kubernetes,2024-06,85,581,0.14629948364888123,0.029513888888888888,0.7905112812547428
powerbi,kubernetes,2024-07,76,555,0.13693693693693693,0.02638888888888889,0.7702702702702702
powerbi,kubernetes,2024-08,80,551,0.14519056261343014,0.027777777777777776,0.757515978852679
powerbi,kubernetes,2024-09,75,543,0.13812154696132597,0.026041666666666668,0.7679344695919282
powerbi,kubernetes,2024-10,70,515,0.13592233009708737,0.024305555555555556,0.7571688794576628
powerbi,kubernetes,2024-11,73,555,0.13153153153153152,0.025347222222222222,0.7201726441270168
powerbi,kubernetes,2024-12,91,544,0.16727941176470587,0.03159722222222222,0.8263545555443446
powerbi,kubernetes,2025-01,76,510,0.14901960784313725,0.02638888888888889,0.8174789915966387
powerbi,kubernetes,2025-02,99,541,0.18299445471349354,0.034375,0.94279790621621
powerbi,kubernetes,2025-03,74,526,0.14068441064638784,0.025694444444444443,0.7447998210691121
powerbi,kubernetes,2025-04,76,536,0.1417910447761194,0.02638888888888889,0.7384416075139671
powerbi,kubernetes,2025-05,91,585,0.15555555555555556,0.03159722222222222,0.8311688311688312
powerbi,kubernetes,2025-06,74,501,0.14770459081836326,0.025694444444444443,0.8390319951812351
powerbi,python,2024-01,63,529,0.11909262759924386,0.021875,0.645926115792509
powerbi,python,2024-02,77,527,0.1461100569259962,0.02673611111111111,0.742146320893949
powerbi,python,2024-03,83,554,0.14981949458483754,0.028819444444444446,0.7859383322483281
powerbi,python,2024-04,80,547,0.14625228519195613,0.027777777777777776,0.764440256538718
powerbi,python,2024-05,88,561,0.1568627450980392,0.030555555555555555,0.8274078862314157
powerbi,python,2024-06,77,581,0.13253012048192772,0.02673611111111111,0.7188074331223198
powerbi,python,2024-07,73,555,0.13153153153153152,0.025347222222222222,0.6925243342062355
powerbi,python,2024-08,88,551,0.15970961887477314,0.030555555555555555,0.8727963991638457
powerbi,python,2024-09,68,543,0.1252302025782689,0.02361111111111111,0.685671071150978
powerbi,python,2024-10,70,515,0.13592233009708737,0.024305555555555556,0.6940714728361909
powerbi,python,2024-11,84,555,0.15135135135135136,0.029166666666666667,0.8431177792879921
powerbi,python,2024-12,80,544,0.14705882352941177,0.027777777777777776,0.7742768039574148
powerbi,python,2025-01,89,510,0.17450980392156862,0.03090277777777778,1.007190852292821
powerbi,python,2025-02,85,541,0.15711645101663585,0.029513888888888888,0.8094729497815943
powerbi,python,2025-03,73,526,0.13878326996197718,0.025347222222222222,0.7457011520345043
powerbi,python,2025-04,78,536,0.1455223880597015,0.027083333333333334,0.770412642669008
powerbi,python,2025-05,90,585,0.15384615384615385,0.03125,0.8159796005099873
powerbi,python,2025-06,77,501,0.1536926147704591,0.02673611111111111,0.7862073366588316
powerbi,scala,2024-01,91,529,0.1720226843100189,0.03159722222222222,0.8910527532605296
powerbi,scala,2024-02,82,527,0.1555977229601518,0.02847222222222222,0.8118142067486182
powerbi,scala,2024-03,81,554,0.14620938628158844,0.028125,0.7628315805995918
powerbi,scala,2024-04,79,547,0.14442413162705667,0.027430555555555555,0.7760102594886626
powerbi,scala,2024-05,93,561,0.1657754010695187,0.03229166666666667,0.8586927249644134
powerbi,scala,2024-06,91,581,0.1566265060240964,0.03159722222222222,0.8307262197963123
powerbi,scala,2024-07,89,555,0.16036036036036036,0.03090277777777778,0.860033217575117
powerbi,scala,2024-08,85,551,0.1542649727767695,0.029513888888888888,0.8478685526662142
powerbi,scala,2024-09,85,543,0.15653775322283608,0.029513888888888888,0.7951123973223421
powerbi,scala,2024-10,84,515,0.16310679611650486,0.029166666666666667,0.8141205768033518
powerbi,scala,2024-11,87,555,0.15675675675675677,0.030208333333333334,0.7962247962247962
powerbi,scala,2024-12,71,544,0.13051470588235295,0.024652777777777777,0.6922326941826454
powerbi,scala,2025-01,70,510,0.13725490196078433,0.024305555555555556,0.6947172542127572
powerbi,scala,2025-02,75,541,0.13863216266173753,0.026041666666666668,0.7407432810126235
powerbi,scala,2025-03,79,526,0.15019011406844107,0.027430555555555555,0.8145904491847651
powerbi,scala,2025-04,100,536,0.1865671641791045,0.034722222222222224,0.9663910662514764
powerbi,scala,2025-05,71,585,0.12136752136752137,0.024652777777777777,0.6840283004666566
powerbi,scala,2025-06,85,501,0.16966067864271456,0.029513888888888888,0.9254218835057159
powerbi,snowflake,2024-01,90,529,0.17013232514177692,0.03125,0.9422713392467645
powerbi,snowflake,2024-02,109,527,0.20683111954459202,0.03784722222222222,1.0990288271004152
powerbi,snowflake,2024-03,106,554,0.19133574007220217,0.03680555555555556,0.9770335663261387
powerbi,snowflake,2024-04,103,547,0.1882998171846435,0.03576388888888889,0.9254325486207735
powerbi,snowflake,2024-05,104,561,0.18538324420677363,0.03611111111111111,0.8781311567689277
powerbi,snowflake,2024-06,131,581,0.22547332185886404,0.04548611111111111,1.0307351856405214
powerbi,snowflake,2024-07,123,555,0.22162162162162163,0.042708333333333334,0.9789421323163655
powerbi,snowflake,2024-08,125,551,0.22686025408348456,0.043402777777777776,0.9693731925229014
powerbi,snowflake,2024-09,147,543,0.27071823204419887,0.051041666666666666,1.1202133739759954
powerbi,snowflake,2024-10,144,515,0.2796116504854369,0.05,1.1215620520864322
powerbi,snowflake,2024-11,145,555,0.26126126126126126,0.050347222222222224,1.016800584368152
powerbi,snowflake,2024-12,146,544,0.26838235294117646,0.050694444444444445,1.014358499305234
powerbi,snowflake,2025-01,142,510,0.2784313725490196,0.049305555555555554,1.0228091236494599
powerbi,snowflake,2025-02,152,541,0.2809611829944547,0.05277777777777778,1.003930777945446
powerbi,snowflake,2025-03,154,526,0.29277566539923955,0.05347222222222222,1.0183501405190942
powerbi,snowflake,2025-04,148,536,0.27611940298507465,0.05138888888888889,0.9355575065847235
powerbi,snowflake,2025-05,186,585,0.31794871794871793,0.06458333333333334,1.050105857445307
powerbi,snowflake,2025-06,157,501,0.313373253493014,0.05451388888888889,1.0095245750110518
powerbi,spark,2024-01,86,529,0.16257088846880907,0.029861111111111113,0.8784318176175799
powerbi,spark,2024-02,79,527,0.14990512333965844,0.027430555555555555,0.7806993765248034
powerbi,spark,2024-03,89,554,0.16064981949458484,0.03090277777777778,0.8188875754768219
powerbi,spark,2024-04,74,547,0.13528336380255943,0.025694444444444443,0.7135825782992146
powerbi,spark,2024-05,68,561,0.12121212121212122,0.02361111111111111,0.6700401326121096
powerbi,spark,2024-06,81,581,0.13941480206540446,0.028125,0.8062542770047487
powerbi,spark,2024-07,94,555,0.16936936936936936,0.03263888888888889,0.8983126773182022
powerbi,spark,2024-08,74,551,0.13430127041742287,0.025694444444444443,0.6785748400038208
powerbi,spark,2024-09,79,543,0.14548802946593,0.027430555555555555,0.7702307442313941
powerbi,spark,2024-10,76,515,0.14757281553398058,0.02638888888888889,0.7404350326443624
powerbi,spark,2024-11,91,555,0.16396396396396395,0.03159722222222222,0.8447517284726587
powerbi,spark,2024-12,82,544,0.15073529411764705,0.02847222222222222,0.8630569524032277
powerbi,spark,2025-01,69,510,0.13529411764705881,0.023958333333333335,0.7202348591932152
powerbi,spark,2025-02,69,541,0.12754158964879853,0.023958333333333335,0.6970014766385954
powerbi,spark,2025-03,75,526,0.14258555133079848,0.026041666666666668,0.7385726399868697
powerbi,spark,2025-04,90,536,0.16791044776119404,0.03125,0.9072834700792474
powerbi,spark,2025-05,87,585,0.14871794871794872,0.030208333333333334,0.7975934679845295
powerbi,spark,2025-06,60,501,0.11976047904191617,0.020833333333333332,0.6259712879141898
powerbi,sql,2024-01,84,529,0.15879017013232513,0.029166666666666667,0.8437558855739785
powerbi,sql,2024-02,65,527,0.12333965844402277,0.022569444444444444,0.6614864363478316
powerbi,sql,2024-03,77,554,0.13898916967509026,0.02673611111111111,0.7653705710597705
powerbi,sql,2024-04,83,547,0.15173674588665448,0.028819444444444446,0.8436328728833299
powerbi,sql,2024-05,80,561,0.14260249554367202,0.027777777777777776,0.7426676078947114
powerbi,sql,2024-06,76,581,0.13080895008605853,0.02638888888888889,0.6739351990122514
powerbi,sql,2024-07,82,555,0.14774774774774774,0.02847222222222222,0.7571414831201307
powerbi,sql,2024-08,67,551,0.12159709618874773,0.02326388888888889,0.6839836660617059
powerbi,sql,2024-09,107,543,0.19705340699815838,0.03715277777777778,1.00090619427636
powerbi,sql,2024-10,78,515,0.15145631067961166,0.027083333333333334,0.8245636573861654
powerbi,sql,2024-11,72,555,0.12972972972972974,0.025,0.7340306908086869
powerbi,sql,2024-12,75,544,0.13786764705882354,0.026041666666666668,0.7380275530286464
powerbi,sql,2025-01,70,510,0.13725490196078433,0.024305555555555556,0.7430340557275542
powerbi,sql,2025-02,88,541,0.16266173752310537,0.030555555555555555,0.8440825298496278
powerbi,sql,2025-03,83,526,0.15779467680608364,0.028819444444444446,0.8623314406100966
powerbi,sql,2025-04,84,536,0.15671641791044777,0.029166666666666667,0.8161723030417533
powerbi,sql,2025-05,82,585,0.14017094017094017,0.02847222222222222,0.7531572904707233
powerbi,sql,2025-06,74,501,0.14770459081836326,0.025694444444444443,0.7776768218590242
powerbi,tableau,2024-01,71,529,0.1342155009451796,0.024652777777777777,0.714492870096335
powerbi,tableau,2024-02,76,527,0.1442125237191651,0.02638888888888889,0.7364043764382898
powerbi,tableau,2024-03,92,554,0.16606498194945848,0.03194444444444444,0.880786644593813
powerbi,tableau,2024-04,74,547,0.13528336380255943,0.025694444444444443,0.7296181418565002
powerbi,tableau,2024-05,75,561,0.13368983957219252,0.026041666666666668,0.7077697389116074
powerbi,tableau,2024-06,89,581,0.153184165232358,0.03090277777777778,0.8788254897792651
powerbi,tableau,2024-07,96,555,0.17297297297297298,0.03333333333333333,0.8927637314734089
powerbi,tableau,2024-08,80,551,0.14519056261343014,0.027777777777777776,0.7413986176004943
powerbi,tableau,2024-09,63,543,0.11602209944751381,0.021875,0.6590604465657589
powerbi,tableau,2024-10,64,515,0.12427184466019417,0.022222222222222223,0.6627831715210356
powerbi,tableau,2024-11,82,555,0.14774774774774774,0.02847222222222222,0.7923901555186471
powerbi,tableau,2024-12,75,544,0.13786764705882354,0.026041666666666668,0.7115749525616698
powerbi,tableau,2025-01,62,510,0.12156862745098039,0.021527777777777778,0.6811627374685283
powerbi,tableau,2025-02,81,541,0.14972273567467653,0.028125,0.8120555155236693
powerbi,tableau,2025-03,84,526,0.1596958174904943,0.029166666666666667,0.8257162556061465
powerbi,tableau,2025-04,90,536,0.16791044776119404,0.03125,0.8620001596296593
powerbi,tableau,2025-05,84,585,0.14358974358974358,0.029166666666666667,0.7907045153699073
powerbi,tableau,2025-06,78,501,0.15568862275449102,0.027083333333333334,0.8108195904754686
powerbi,terraform,2024-01,62,529,0.11720226843100189,0.021527777777777778,0.6777962511672398
powerbi,terraform,2024-02,90,527,0.17077798861480076,0.03125,0.8628782582642565
powerbi,terraform,2024-03,87,554,0.15703971119133575,0.030208333333333334,0.8238148783807777
powerbi,terraform,2024-04,97,547,0.1773308957952468,0.033680555555555554,0.9087419571001971
powerbi,terraform,2024-05,88,561,0.1568627450980392,0.030555555555555555,0.8806329549363605
powerbi,terraform,2024-06,88,581,0.1514629948364888,0.030555555555555555,0.7520921122915306
powerbi,terraform,2024-07,84,555,0.15135135135135136,0.029166666666666667,0.7714900741449414
powerbi,terraform,2024-08,78,551,0.14156079854809436,0.027083333333333334,0.7549909255898366
powerbi,terraform,2024-09,97,543,0.17863720073664824,0.033680555555555554,0.9616357721898073
powerbi,terraform,2024-10,86,515,0.1669902912621359,0.029861111111111113,0.8572763615596282
powerbi,terraform,2024-11,90,555,0.16216216216216217,0.03125,0.852239100414283
powerbi,terraform,2024-12,80,544,0.14705882352941177,0.027777777777777776,0.7946142809844388
powerbi,terraform,2025-01,75,510,0.14705882352941177,0.026041666666666668,0.7916437603078614
powerbi,terraform,2025-02,83,541,0.1534195933456562,0.028819444444444446,0.813717180175856
powerbi,terraform,2025-03,72,526,0.13688212927756654,0.025,0.7246700961753523
powerbi,terraform,2025-04,83,536,0.15485074626865672,0.028819444444444446,0.8592873781382107
powerbi,terraform,2025-05,91,585,0.15555555555555556,0.03159722222222222,0.8086642599277978
powerbi,terraform,2025-06,70,501,0.13972055888223553,0.024305555555555556,0.7738369415016122
python,airflow,2024-01,78,531,0.14689265536723164,0.027083333333333334,0.789273969137364
python,airflow,2024-02,73,567,0.12874779541446207,0.025347222222222222,0.7199876714439821
python,airflow,2024-03,94,549,0.17122040072859745,0.03263888888888889,0.9304051964120013
python,airflow,2024-04,66,551,0.11978221415607986,0.022916666666666665,0.6634091860952115
python,airflow,2024-05,88,546,0.16117216117216118,0.030555555555555555,0.9065934065934066
python,airflow,2024-06,82,531,0.1544256120527307,0.02847222222222222,0.8160472710309439
python,airflow,2024-07,78,547,0.1425959780621572,0.027083333333333334,0.7563101598876847
python,airflow,2024-08,82,527,0.1555977229601518,0.02847222222222222,0.8980389621748242
python,airflow,2024-09,85,526,0.16159695817490494,0.029513888888888888,0.88647474198805
python,airflow,2024-10,99,564,0.17553191489361702,0.034375,0.8900209769253822
python,airflow,2024-11,81,517,0.15667311411992263,0.028125,0.8497524833622921
python,airflow,2024-12,87,547,0.1590493601462523,0.030208333333333334,0.8514166491100494
python,airflow,2025-01,85,499,0.17034068136272545,0.029513888888888888,0.8576593746934429
python,airflow,2025-02,90,559,0.16100178890876565,0.03125,0.907407342577779
python,airflow,2025-03,81,536,0.15111940298507462,0.028125,0.7985759277009448
python,airflow,2025-04,85,544,0.15625,0.029513888888888888,0.8490566037735848
python,airflow,2025-05,97,543,0.17863720073664824,0.033680555555555554,0.9253149966214872
python,airflow,2025-06,82,563,0.14564831261101244,0.02847222222222222,0.7767910005920663
python,aws,2024-01,72,531,0.13559322033898305,0.025,0.7524248065053395
python,aws,2024-02,87,567,0.15343915343915343,0.030208333333333334,0.7793734777861762
python,aws,2024-03,77,549,0.14025500910746813,0.02673611111111111,0.7738207399032725
python,aws,2024-04,69,551,0.12522686025408347,0.023958333333333335,0.6830556013859099
python,aws,2024-05,85,546,0.15567765567765568,0.029513888888888888,0.8540031397174255
python,aws,2024-06,89,531,0.16760828625235405,0.03090277777777778,0.9159617920432253
python,aws,2024-07,69,547,0.12614259597806216,0.023958333333333335,0.6959591502237912
python,aws,2024-08,74,527,0.14041745730550284,0.025694444444444443,0.7837253431004809
python,aws,2024-09,73,526,0.13878326996197718,0.025347222222222222,0.7584360863197235
python,aws,2024-10,79,564,0.1400709219858156,0.027430555555555555,0.7401912941635761
python,aws,2024-11,59,517,0.11411992263056092,0.02048611111111111,0.677660571496939
python,aws,2024-12,79,547,0.14442413162705667,0.027430555555555555,0.7284439563676414
python,aws,2025-01,51,499,0.10220440881763528,0.017708333333333333,0.5512147891288195
python,aws,2025-02,79,559,0.1413237924865832,0.027430555555555555,0.7723197767767734
python,aws,2025-03,66,536,0.12313432835820895,0.022916666666666665,0.6754797441364606
python,aws,2025-04,85,544,0.15625,0.029513888888888888,0.8317929759704251
python,aws,2025-05,83,543,0.15285451197053407,0.028819444444444446,0.7975018015853951
python,aws,2025-06,87,563,0.15452930728241562,0.030208333333333334,0.838125056447
python,azure,2024-01,89,531,0.16760828625235405,0.03090277777777778,0.8760650896674768
python,azure,2024-02,82,567,0.14462081128747795,0.02847222222222222,0.8103267247236118
python,azure,2024-03,71,549,0.12932604735883424,0.024652777777777777,0.6961850773709207
python,azure,2024-04,105,551,0.19056261343012704,0.036458333333333336,0.994239722244141
python,azure,2024-05,98,546,0.1794871794871795,0.034027777777777775,0.9398601398601399
python,azure,2024-06,82,531,0.1544256120527307,0.02847222222222222,0.8619103928524504
python,azure,2024-07,78,547,0.1425959780621572,0.027083333333333334,0.774861163809458
python,azure,2024-08,82,527,0.1555977229601518,0.02847222222222222,0.786177968640767
python,azure,2024-09,90,526,0.17110266159695817,0.03125,0.8706283840975964
python,azure,2024-10,96,564,0.1702127659574468,0.03333333333333333,0.9214525675891857
python,azure,2024-11,77,517,0.14893617021276595,0.02673611111111111,0.781304499476805
python,azure,2024-12,74,547,0.13528336380255943,0.025694444444444443,0.7393094644238543
python,azure,2025-01,76,499,0.1523046092184369,0.02638888888888889,0.7946327437483663
python,azure,2025-02,92,559,0.16457960644007155,0.03194444444444444,0.7808719382988568
python,azure,2025-03,72,536,0.13432835820895522,0.025,0.7033921302578019
python,azure,2025-04,73,544,0.13419117647058823,0.025347222222222222,0.7622694048033414
python,azure,2025-05,62,543,0.1141804788213628,0.021527777777777778,0.6670178073134378
python,azure,2025-06,69,563,0.12255772646536411,0.023958333333333335,0.6325560075631697
python,databricks,2024-01,78,531,0.14689265536723164,0.027083333333333334,1.0576271186440678
python,databricks,2024-02,69,567,0.12169312169312169,0.023958333333333335,0.8384597858282068
python,databricks,2024-03,79,549,0.14389799635701275,0.027430555555555555,0.9505188750188
python,databricks,2024-04,93,551,0.16878402903811252,0.03229166666666667,1.0707004485237095
python,databricks,2024-05,85,546,0.15567765567765568,0.029513888888888888,0.9498975600670516
python,databricks,2024-06,82,531,0.1544256120527307,0.02847222222222222,0.9076444136976825
python,databricks,2024-07,103,547,0.1882998171846435,0.03576388888888889,1.0675265226216009
python,databricks,2024-08,101,527,0.19165085388994307,0.035069444444444445,1.0493430783327682
python,databricks,2024-09,95,526,0.1806083650190114,0.03298611111111111,0.9561619324535898
python,databricks,2024-10,94,564,0.16666666666666666,0.03263888888888889,0.8540925266903914
python,databricks,2024-11,110,517,0.2127659574468085,0.03819444444444445,1.0564930300807043
python,databricks,2024-12,117,547,0.21389396709323583,0.040625,1.0301247913520386
python,databricks,2025-01,100,499,0.20040080160320642,0.034722222222222224,0.9369388126903158
python,databricks,2025-02,131,559,0.23434704830053668,0.04548611111111111,1.0645417966964443
python,databricks,2025-03,114,536,0.2126865671641791,0.03958333333333333,0.9394744071055764
python,databricks,2025-04,131,544,0.24080882352941177,0.04548611111111111,1.035118525021949
python,databricks,2025-05,141,543,0.2596685082872928,0.04895833333333333,1.0869844532956443
python,databricks,2025-06,148,563,0.26287744227353466,0.05138888888888889,1.0723612376030875
python,dbt,2024-01,50,531,0.09416195856873823,0.017361111111111112,1.0430247718383312
python,dbt,2024-02,55,567,0.09700176366843033,0.019097222222222224,1.030867451531658
python,dbt,2024-03,54,549,0.09836065573770492,0.01875,1.0045343564701779
python,dbt,2024-04,53,551,0.09618874773139746,0.01840277777777778,0.9454730152437703
python,dbt,2024-05,59,546,0.10805860805860806,0.02048611111111111,1.0237131289762869
python,dbt,2024-06,63,531,0.11864406779661017,0.021875,1.0847457627118644
python,dbt,2024-07,55,547,0.10054844606946983,0.019097222222222224,0.8882807505523715
python,dbt,2024-08,68,527,0.12903225806451613,0.02361111111111111,1.1027089116492772
python,dbt,2024-09,65,526,0.12357414448669202,0.022569444444444444,1.0226825750622788
python,dbt,2024-10,76,564,0.1347517730496454,0.02638888888888889,1.0810170094233391
python,dbt,2024-11,59,517,0.11411992263056092,0.02048611111111111,0.8882848031784202
python,dbt,2024-12,78,547,0.1425959780621572,0.027083333333333334,1.0778908577926845
python,dbt,2025-01,67,499,0.1342685370741483,0.02326388888888889,0.9864627213610896
python,dbt,2025-02,81,559,0.1449016100178891,0.028125,1.0355251534777186
python,dbt,2025-03,78,536,0.1455223880597015,0.027083333333333334,1.0123296560674888
python,dbt,2025-04,89,544,0.1636029411764706,0.03090277777777778,1.1086505190311418
python,dbt,2025-05,88,543,0.16206261510128914,0.030555555555555555,1.0705053474580568
python,dbt,2025-06,80,563,0.14209591474245115,0.027777777777777776,0.9155173030386113
python,docker,2024-01,79,531,0.1487758945386064,0.027430555555555555,0.7818879129036249
python,docker,2024-02,72,567,0.12698412698412698,0.025,0.7314285714285714
python,docker,2024-03,80,549,0.14571948998178508,0.027777777777777776,0.7248223335881537
python,docker,2024-04,85,551,0.1542649727767695,0.029513888888888888,0.8048607275309713
python,docker,2024-05,81,546,0.14835164835164835,0.028125,0.8232230197548117
python,docker,2024-06,77,531,0.14500941619585686,0.02673611111111111,0.8077893977641543
python,docker,2024-07,86,547,0.15722120658135283,0.029861111111111113,0.8447706622281644
python,docker,2024-08,69,527,0.13092979127134724,0.023958333333333335,0.7265468186155685
python,docker,2024-09,70,526,0.13307984790874525,0.024305555555555556,0.7084472494957234
python,docker,2024-10,91,564,0.16134751773049646,0.03159722222222222,0.8327613818348204
python,docker,2024-11,68,517,0.13152804642166344,0.02361111111111111,0.6752241955336733
python,docker,2024-12,71,547,0.12979890310786105,0.024652777777777777,0.7476416819012797
python,docker,2025-01,82,499,0.16432865731462926,0.02847222222222222,0.8048750562349188
python,docker,2025-02,83,559,0.148479427549195,0.028819444444444446,0.79335946445581
python,docker,2025-03,71,536,0.13246268656716417,0.024652777777777777,0.7336394948335246
python,docker,2025-04,72,544,0.1323529411764706,0.025,0.7488732231595978
python,docker,2025-05,92,543,0.1694290976058932,0.03194444444444444,0.850097214468593
python,docker,2025-06,94,563,0.1669626998223801,0.03263888888888889,0.8648427616698825
python,gcp,2024-01,67,531,0.12617702448210924,0.02326388888888889,0.6692262071979275
python,gcp,2024-02,80,567,0.14109347442680775,0.027777777777777776,0.7442293156578871
python,gcp,2024-03,86,549,0.15664845173041894,0.029861111111111113,0.8202682563338302
python,gcp,2024-04,86,551,0.1560798548094374,0.029861111111111113,0.8143296772666299
python,gcp,2024-05,70,546,0.1282051282051282,0.024305555555555556,0.6824968007962462
python,gcp,2024-06,76,531,0.1431261770244821,0.02638888888888889,0.7619286318493687
python,gcp,2024-07,62,547,0.113345521023766,0.021527777777777778,0.6528702010968922
python,gcp,2024-08,87,527,0.1650853889943074,0.030208333333333334,0.8400104599003628
python,gcp,2024-09,78,526,0.1482889733840304,0.027083333333333334,0.7908745247148289
python,gcp,2024-10,77,564,0.13652482269503546,0.02673611111111111,0.7863829787234043
python,gcp,2024-11,65,517,0.12572533849129594,0.022569444444444444,0.6619542501918324
python,gcp,2024-12,72,547,0.1316270566727605,0.025,0.7112306251736402
python,gcp,2025-01,76,499,0.1523046092184369,0.02638888888888889,0.8153109192362421
python,gcp,2025-02,85,559,0.1520572450805009,0.029513888888888888,0.845414798903171
python,gcp,2025-03,90,536,0.16791044776119404,0.03125,0.9055844373637432
python,gcp,2025-04,82,544,0.15073529411764705,0.02847222222222222,0.8316430020283976
python,gcp,2025-05,77,543,0.141804788213628,0.02673611111111111,0.8039326575890721
python,gcp,2025-06,91,563,0.16163410301953818,0.03159722222222222,0.8510168495361425
python,hadoop,2024-01,162,531,0.3050847457627119,0.05625,1.0216791486007095
python,hadoop,2024-02,152,567,0.26807760141093473,0.05277777777777778,0.9392499903448809
python,hadoop,2024-03,152,549,0.2768670309653916,0.05277777777777778,1.01706256273001
python,hadoop,2024-04,143,551,0.2595281306715064,0.049652777777777775,1.0019316572840995
python,hadoop,2024-05,138,546,0.25274725274725274,0.04791666666666667,1.0281244179549265
python,hadoop,2024-06,123,531,0.23163841807909605,0.042708333333333334,0.9956994687579054
python,hadoop,2024-07,118,547,0.21572212065813529,0.04097222222222222,0.983037511859857
python,hadoop,2024-08,92,527,0.174573055028463,0.03194444444444444,0.8464148122592146
python,hadoop,2024-09,103,526,0.1958174904942966,0.03576388888888889,1.0143064255819678
python,hadoop,2024-10,101,564,0.17907801418439717,0.035069444444444445,0.9956461020290808
python,hadoop,2024-11,77,517,0.14893617021276595,0.02673611111111111,0.8936170212765957
python,hadoop,2024-12,68,547,0.12431444241316271,0.02361111111111111,0.810012656447757
python,hadoop,2025-01,72,499,0.14428857715430862,0.025,1.0285918371396259
python,hadoop,2025-02,70,559,0.1252236135957066,0.024305555555555556,0.9853661397694947
python,hadoop,2025-03,60,536,0.11194029850746269,0.020833333333333332,0.9828904259191846
python,hadoop,2025-04,50,544,0.09191176470588236,0.017361111111111112,0.9127789046653144
python,hadoop,2025-05,52,543,0.09576427255985268,0.018055555555555554,1.0944488292554593
python,hadoop,2025-06,32,563,0.056838365896980464,0.011111111111111112,0.7649275410434754
python,hive,2024-01,89,531,0.16760828625235405,0.03090277777777778,0.8650750258186015
python,hive,2024-02,72,567,0.12698412698412698,0.025,0.7256235827664399
python,hive,2024-03,79,549,0.14389799635701275,0.027430555555555555,0.8440452739474474
python,hive,2024-04,95,551,0.1724137931034483,0.03298611111111111,0.8946877912395154
python,hive,2024-05,84,546,0.15384615384615385,0.029166666666666667,0.8375745237749018
python,hive,2024-06,80,531,0.15065913370998116,0.027777777777777776,0.7468129175296828
python,hive,2024-07,89,547,0.16270566727605118,0.03090277777777778,0.8629692850000504
python,hive,2024-08,72,527,0.1366223908918406,0.025,0.723295010603862
python,hive,2024-09,84,526,0.1596958174904943,0.029166666666666667,0.8793957062574065
python,hive,2024-10,75,564,0.13297872340425532,0.026041666666666668,0.732272893698385
python,hive,2024-11,77,517,0.14893617021276595,0.02673611111111111,0.7913951479940331
python,hive,2024-12,89,547,0.16270566727605118,0.03090277777777778,0.8677635588056063
python,hive,2025-01,53,499,0.1062124248496994,0.01840277777777778,0.5612693276461179
python,hive,2025-02,90,559,0.16100178890876565,0.03125,0.8354687424454866
python,hive,2025-03,76,536,0.1417910447761194,0.02638888888888889,0.7604435920953889
python,hive,2025-04,72,544,0.1323529411764706,0.025,0.689288373577279
python,hive,2025-05,90,543,0.16574585635359115,0.03125,0.8972708013126739
python,hive,2025-06,89,563,0.15808170515097691,0.03090277777777778,0.8639000205594185
python,java,2024-01,74,531,0.1393596986817326,0.025694444444444443,0.776317083565551
python,java,2024-02,78,567,0.13756613756613756,0.027083333333333334,0.7350472656595105
python,java,2024-03,79,549,0.14389799635701275,0.027430555555555555,0.7908897509698412
python,java,2024-04,69,551,0.12522686025408347,0.023958333333333335,0.7375324284903075
python,java,2024-05,77,546,0.14102564102564102,0.02673611111111111,0.713802893064756
python,java,2024-06,77,531,0.14500941619585686,0.02673611111111111,0.803129074315515
python,java,2024-07,85,547,0.15539305301645337,0.029513888888888888,0.8034685685590407
python,java,2024-08,87,527,0.1650853889943074,0.030208333333333334,0.8183234428633482
python,java,2024-09,78,526,0.1482889733840304,0.027083333333333334,0.7750857410998323
python,java,2024-10,87,564,0.15425531914893617,0.030208333333333334,0.8242213713338333
python,java,2024-11,80,517,0.15473887814313347,0.027777777777777776,0.8314327780825082
python,java,2024-12,72,547,0.1316270566727605,0.025,0.7179657636696029
python,java,2025-01,74,499,0.14829659318637275,0.025694444444444443,0.7953336841280326
python,java,2025-02,71,559,0.12701252236135957,0.024652777777777777,0.7229171233215723
python,java,2025-03,79,536,0.14738805970149255,0.027430555555555555,0.8210398683564768
python,java,2025-04,89,544,0.1636029411764706,0.03090277777777778,0.832467262523384
python,java,2025-05,74,543,0.13627992633517497,0.025694444444444443,0.7447555746590208
python,java,2025-06,71,563,0.1261101243339254,0.024652777777777777,0.7352169191937351
python,kafka,2024-01,75,531,0.14124293785310735,0.026041666666666668,0.7883326763894364
python,kafka,2024-02,93,567,0.164021164021164,0.03229166666666667,0.9084249084249084
python,kafka,2024-03,87,549,0.15846994535519127,0.030208333333333334,0.8436107996727372
python,kafka,2024-04,76,551,0.13793103448275862,0.02638888888888889,0.7509288833843947
python,kafka,2024-05,81,546,0.14835164835164835,0.028125,0.8061372589674476
python,kafka,2024-06,69,531,0.12994350282485875,0.023958333333333335,0.7074428887251288
python,kafka,2024-07,88,547,0.16087751371115175,0.030555555555555555,0.8758548950626031
python,kafka,2024-08,85,527,0.16129032258064516,0.029513888888888888,0.8354606637270828
python,kafka,2024-09,80,526,0.1520912547528517,0.027777777777777776,0.7949597344613665
python,kafka,2024-10,82,564,0.1453900709219858,0.02847222222222222,0.7725524063751276
python,kafka,2024-11,83,517,0.16054158607350097,0.028819444444444446,0.854639127341373
python,kafka,2024-12,81,547,0.1480804387568556,0.028125,0.7656582829797919
python,kafka,2025-01,84,499,0.1683366733466934,0.029166666666666667,0.8846890862016004
python,kafka,2025-02,72,559,0.12880143112701253,0.025,0.6462510830066134
python,kafka,2025-03,91,536,0.16977611940298507,0.03159722222222222,0.8638784874215495
python,kafka,2025-04,75,544,0.13786764705882354,0.026041666666666668,0.7650459027541653
python,kafka,2025-05,64,543,0.11786372007366483,0.022222222222222223,0.625133542932145
python,kafka,2025-06,77,563,0.13676731793960922,0.02673611111111111,0.750266429840142
python,kubernetes,2024-01,82,531,0.1544256120527307,0.02847222222222222,0.7788892516845262
python,kubernetes,2024-02,97,567,0.1710758377425044,0.033680555555555554,0.8974470176655969
python,kubernetes,2024-03,90,549,0.16393442622950818,0.03125,0.8553100498930861
python,kubernetes,2024-04,87,551,0.15789473684210525,0.030208333333333334,0.8359133126934984
python,kubernetes,2024-05,65,546,0.11904761904761904,0.022569444444444444,0.6290956749672346
python,kubernetes,2024-06,79,531,0.1487758945386064,0.027430555555555555,0.8038922631729576
python,kubernetes,2024-07,71,547,0.12979890310786105,0.024652777777777777,0.7301188299817184
python,kubernetes,2024-08,80,527,0.15180265654648956,0.027777777777777776,0.7920138602425542
python,kubernetes,2024-09,79,526,0.15019011406844107,0.027430555555555555,0.8350338388361203
python,kubernetes,2024-10,83,564,0.14716312056737588,0.028819444444444446,0.8197868225029836
python,kubernetes,2024-11,86,517,0.16634429400386846,0.029861111111111113,0.9107824462569224
python,kubernetes,2024-12,100,547,0.18281535648994515,0.034722222222222224,0.9031015895215129
python,kubernetes,2025-01,68,499,0.13627254509018036,0.02361111111111111,0.7475522473518466
python,kubernetes,2025-02,82,559,0.14669051878354203,0.02847222222222222,0.755757950083365
python,kubernetes,2025-03,98,536,0.1828358208955224,0.034027777777777775,0.9679543459174715
python,kubernetes,2025-04,84,544,0.15441176470588236,0.029166666666666667,0.8041697691734921
python,kubernetes,2025-05,79,543,0.14548802946593,0.027430555555555555,0.7773757418587726
python,kubernetes,2025-06,65,563,0.11545293072824156,0.022569444444444444,0.655827298811313
python,powerbi,2024-01,63,531,0.11864406779661017,0.021875,0.645926115792509
python,powerbi,2024-02,77,567,0.13580246913580246,0.02673611111111111,0.7421463208939489
python,powerbi,2024-03,83,549,0.151183970856102,0.028819444444444446,0.785938332248328
python,powerbi,2024-04,80,551,0.14519056261343014,0.027777777777777776,0.7644402565387182
python,powerbi,2024-05,88,546,0.16117216117216118,0.030555555555555555,0.8274078862314157
python,powerbi,2024-06,77,531,0.14500941619585686,0.02673611111111111,0.7188074331223197
python,powerbi,2024-07,73,547,0.13345521023765997,0.025347222222222222,0.6925243342062355
python,powerbi,2024-08,88,527,0.16698292220113853,0.030555555555555555,0.8727963991638458
python,powerbi,2024-09,68,526,0.12927756653992395,0.02361111111111111,0.6856710711509779
python,powerbi,2024-10,70,564,0.12411347517730496,0.024305555555555556,0.6940714728361909
python,powerbi,2024-11,84,517,0.16247582205029013,0.029166666666666667,0.8431177792879919
python,powerbi,2024-12,80,547,0.14625228519195613,0.027777777777777776,0.7742768039574148
python,powerbi,2025-01,89,499,0.17835671342685372,0.03090277777777778,1.007190852292821
python,powerbi,2025-02,85,559,0.1520572450805009,0.029513888888888888,0.8094729497815945
python,powerbi,2025-03,73,536,0.13619402985074627,0.025347222222222222,0.7457011520345044
python,powerbi,2025-04,78,544,0.14338235294117646,0.027083333333333334,0.7704126426690078
python,powerbi,2025-05,90,543,0.16574585635359115,0.03125,0.8159796005099872
python,powerbi,2025-06,77,563,0.13676731793960922,0.02673611111111111,0.7862073366588315
python,scala,2024-01,92,531,0.17325800376647835,0.03194444444444444,0.8974515303011827
python,scala,2024-02,94,567,0.1657848324514991,0.03263888888888889,0.8649643432252127
python,scala,2024-03,89,549,0.1621129326047359,0.03090277777777778,0.8458066048942742
python,scala,2024-04,96,551,0.17422867513611615,0.03333333333333333,0.936154075358236
python,scala,2024-05,70,546,0.1282051282051282,0.024305555555555556,0.6640841173215273
python,scala,2024-06,75,531,0.14124293785310735,0.026041666666666668,0.7491338140275307
python,scala,2024-07,77,547,0.14076782449725778,0.02673611111111111,0.7549559302646227
python,scala,2024-08,78,527,0.14800759013282733,0.027083333333333334,0.8134768312643945
python,scala,2024-09,77,526,0.14638783269961977,0.02673611111111111,0.7435572454583862
python,scala,2024-10,75,564,0.13297872340425532,0.026041666666666668,0.6637412883955898
python,scala,2024-11,82,517,0.15860735009671179,0.02847222222222222,0.8056246354118695
python,scala,2024-12,83,547,0.15173674588665448,0.028819444444444446,0.8047915803933056
python,scala,2025-01,83,499,0.16633266533066132,0.028819444444444446,0.8418946856806759
python,scala,2025-02,86,559,0.15384615384615385,0.029861111111111113,0.8220351077493935
python,scala,2025-03,81,536,0.15111940298507462,0.028125,0.8196306602580318
python,scala,2025-04,91,544,0.16727941176470587,0.03159722222222222,0.8664832839610663
python,scala,2025-05,85,543,0.15653775322283608,0.029513888888888888,0.8822480025083521
python,scala,2025-06,84,563,0.1492007104795737,0.029166666666666667,0.8138220571613112
python,snowflake,2024-01,99,531,0.1864406779661017,0.034375,1.032594524119948
python,snowflake,2024-02,120,567,0.21164021164021163,0.041666666666666664,1.1245826743981726
python,snowflake,2024-03,115,549,0.20947176684881602,0.03993055555555555,1.0696430647599116
python,snowflake,2024-04,116,551,0.21052631578947367,0.04027777777777778,1.0346685827195976
python,snowflake,2024-05,112,546,0.20512820512820512,0.03888888888888889,0.97165991902834
python,snowflake,2024-06,121,531,0.2278719397363465,0.04201388888888889,1.041700295937584
python,snowflake,2024-07,122,547,0.2230347349177331,0.04236111111111111,0.9851841051580849
python,snowflake,2024-08,125,527,0.23719165085388993,0.043402777777777776,1.0135192202658798
python,snowflake,2024-09,124,526,0.23574144486692014,0.043055555555555555,0.9754818408286351
python,snowflake,2024-10,150,564,0.26595744680851063,0.052083333333333336,1.0667931014046108
python,snowflake,2024-11,125,517,0.24177949709864605,0.043402777777777776,0.9409796643839199
python,snowflake,2024-12,153,547,0.2797074954296161,0.053125,1.0571621874505175
python,snowflake,2025-01,147,499,0.29458917835671344,0.051041666666666666,1.0821643286573148
python,snowflake,2025-02,155,559,0.2772808586762075,0.05381944444444445,0.9907802394385578
python,snowflake,2025-03,153,536,0.28544776119402987,0.053125,0.9928617780661909
python,snowflake,2025-04,153,544,0.28125,0.053125,0.9529411764705882
python,snowflake,2025-05,157,543,0.289134438305709,0.05451388888888889,0.954939429266562
python,snowflake,2025-06,162,563,0.2877442273534636,0.05625,0.9269612693265942
python,spark,2024-01,78,531,0.14689265536723164,0.027083333333333334,0.7937164117403885
python,spark,2024-02,84,567,0.14814814814814814,0.029166666666666667,0.7715491259795056
python,spark,2024-03,100,549,0.18214936247723132,0.034722222222222224,0.9284781662556216
python,spark,2024-04,83,551,0.15063520871143377,0.028819444444444446,0.7945593426537166
python,spark,2024-05,97,546,0.17765567765567766,0.033680555555555554,0.9820505789795617
python,spark,2024-06,64,531,0.12052730696798493,0.022222222222222223,0.6970253896943707
python,spark,2024-07,75,547,0.13711151736745886,0.026041666666666668,0.7272213075843121
python,spark,2024-08,81,527,0.15370018975332067,0.028125,0.7765904324378308
python,spark,2024-09,80,526,0.1520912547528517,0.027777777777777776,0.8051889957503914
python,spark,2024-10,89,564,0.15780141843971632,0.03090277777777778,0.7917562458299354
python,spark,2024-11,80,517,0.15473887814313347,0.027777777777777776,0.7972235582329595
python,spark,2024-12,87,547,0.1590493601462523,0.030208333333333334,0.9106603523284426
python,spark,2025-01,81,499,0.1623246492985972,0.028125,0.8641312199259887
python,spark,2025-02,81,559,0.1449016100178891,0.028125,0.7918721761888436
python,spark,2025-03,80,536,0.14925373134328357,0.027777777777777776,0.773112853001181
python,spark,2025-04,80,544,0.14705882352941177,0.027777777777777776,0.7946142809844388
python,spark,2025-05,80,543,0.14732965009208104,0.027777777777777776,0.7901478440692614
python,spark,2025-06,90,563,0.15985790408525755,0.03125,0.8355549251643226
python,sql,2024-01,78,531,0.14689265536723164,0.027083333333333334,0.7805366189255113
python,sql,2024-02,71,567,0.12522045855379188,0.024652777777777777,0.6715734090035765
python,sql,2024-03,86,549,0.15664845173041894,0.029861111111111113,0.8626148011158825
python,sql,2024-04,76,551,0.13793103448275862,0.02638888888888889,0.7668752496338703
python,sql,2024-05,78,546,0.14285714285714285,0.027083333333333334,0.7439938000516662
python,sql,2024-06,74,531,0.1393596986817326,0.025694444444444443,0.7179891452654559
python,sql,2024-07,86,547,0.15722120658135283,0.029861111111111113,0.8056887454702778
python,sql,2024-08,63,527,0.11954459203036052,0.021875,0.6724383301707779
python,sql,2024-09,84,526,0.1596958174904943,0.029166666666666667,0.8111533586818759
python,sql,2024-10,77,564,0.13652482269503546,0.02673611111111111,0.743273136789607
python,sql,2024-11,72,517,0.13926499032882012,0.025,0.7879826564774104
python,sql,2024-12,73,547,0.13345521023765997,0.025347222222222222,0.7144070733911909
python,sql,2025-01,62,499,0.12424849699398798,0.021527777777777778,0.6726234423734687
python,sql,2025-02,83,559,0.148479427549195,0.028819444444444446,0.770487840255282
python,sql,2025-03,72,536,0.13432835820895522,0.025,0.7340904585233227
python,sql,2025-04,74,544,0.13602941176470587,0.025694444444444443,0.7084352728433144
python,sql,2025-05,71,543,0.13075506445672191,0.024652777777777777,0.7025645254391029
python,sql,2025-06,89,563,0.15808170515097691,0.03090277777777778,0.8323131825133703
python,tableau,2024-01,90,531,0.1694915254237288,0.03125,0.9022839061374103
python,tableau,2024-02,97,567,0.1710758377425044,0.033680555555555554,0.8735787459191714
python,tableau,2024-03,81,549,0.14754098360655737,0.028125,0.7825378136038402
python,tableau,2024-04,80,551,0.14519056261343014,0.027777777777777776,0.7830502253308591
python,tableau,2024-05,92,546,0.1684981684981685,0.03194444444444444,0.892049127343245
python,tableau,2024-06,84,531,0.15819209039548024,0.029166666666666667,0.9075562158147074
python,tableau,2024-07,92,547,0.16819012797074953,0.03194444444444444,0.8680780798490298
python,tableau,2024-08,82,527,0.1555977229601518,0.02847222222222222,0.7945415640518391
python,tableau,2024-09,78,526,0.1482889733840304,0.027083333333333334,0.8423515647850247
python,tableau,2024-10,95,564,0.16843971631205673,0.03298611111111111,0.8983451536643026
python,tableau,2024-11,74,517,0.14313346228239845,0.025694444444444443,0.7676431496709638
python,tableau,2024-12,84,547,0.15356489945155394,0.029166666666666667,0.7925930294273752
python,tableau,2025-01,68,499,0.13627254509018036,0.02361111111111111,0.7635504471978977
python,tableau,2025-02,84,559,0.15026833631484796,0.029166666666666667,0.8150147054364635
python,tableau,2025-03,72,536,0.13432835820895522,0.025,0.6945523727859803
python,tableau,2025-04,83,544,0.15257352941176472,0.028819444444444446,0.7832651777288456
python,tableau,2025-05,83,543,0.15285451197053407,0.028819444444444446,0.8417227427822909
python,tableau,2025-06,84,563,0.1492007104795737,0.029166666666666667,0.7770308249207455
python,terraform,2024-01,76,531,0.1431261770244821,0.02638888888888889,0.8277176502620652
python,terraform,2024-02,83,567,0.14638447971781304,0.028819444444444446,0.7396268448900027
python,terraform,2024-03,71,549,0.12932604735883424,0.024652777777777777,0.6784317238496222
python,terraform,2024-04,95,551,0.1724137931034483,0.03298611111111111,0.8835439931279913
python,terraform,2024-05,75,546,0.13736263736263737,0.026041666666666668,0.7711586658955081
python,terraform,2024-06,87,531,0.1638418079096045,0.030208333333333334,0.8135593220338982
python,terraform,2024-07,87,547,0.1590493601462523,0.030208333333333334,0.8107294818074453
python,terraform,2024-08,86,527,0.16318785578747627,0.029861111111111113,0.8703352308665401
python,terraform,2024-09,69,526,0.1311787072243346,0.023958333333333335,0.7061582744038947
python,terraform,2024-10,85,564,0.15070921985815602,0.029513888888888888,0.7736943907156673
python,terraform,2024-11,79,517,0.1528046421663443,0.027430555555555555,0.8030608931369919
python,terraform,2024-12,93,547,0.170018281535649,0.03229166666666667,0.9186728908492853
python,terraform,2025-01,81,499,0.1623246492985972,0.028125,0.8738224111774952
python,terraform,2025-02,82,559,0.14669051878354203,0.02847222222222222,0.7780270609513832
python,terraform,2025-03,73,536,0.13619402985074627,0.025347222222222222,0.7210272168568921
python,terraform,2025-04,65,544,0.11948529411764706,0.022569444444444444,0.6630397823869433
python,terraform,2025-05,74,543,0.13627992633517497,0.025694444444444443,0.7084588228254582
python,terraform,2025-06,81,563,0.1438721136767318,0.028125,0.7968301680557454
scala,airflow,2024-01,74,556,0.13309352517985612,0.025694444444444443,0.7151293890260926
scala,airflow,2024-02,83,552,0.1503623188405797,0.028819444444444446,0.8408611228366399
scala,airflow,2024-03,71,552,0.1286231884057971,0.024652777777777777,0.6989335520918785
scala,airflow,2024-04,77,536,0.14365671641791045,0.02673611111111111,0.7956371986222732
scala,airflow,2024-05,73,556,0.13129496402877697,0.025347222222222222,0.7385341726618704
scala,airflow,2024-06,75,543,0.13812154696132597,0.026041666666666668,0.7298900096304932
scala,airflow,2024-07,86,537,0.1601489757914339,0.029861111111111113,0.849408932374456
scala,airflow,2024-08,68,524,0.1297709923664122,0.02361111111111111,0.7489788737780905
scala,airflow,2024-09,77,567,0.13580246913580246,0.02673611111111111,0.744973544973545
scala,airflow,2024-10,97,577,0.1681109185441941,0.033680555555555554,0.8523933898015476
scala,airflow,2024-11,82,567,0.14462081128747795,0.02847222222222222,0.7843840612202193
scala,airflow,2024-12,72,543,0.13259668508287292,0.025,0.7098112510012529
scala,airflow,2025-01,85,569,0.14938488576449913,0.029513888888888888,0.7521476765764992
scala,airflow,2025-02,64,539,0.11873840445269017,0.022222222222222223,0.6692105769544964
scala,airflow,2025-03,86,531,0.16195856873822975,0.029861111111111113,0.8558544549836729
scala,airflow,2025-04,74,556,0.13309352517985612,0.025694444444444443,0.7232251934301616
scala,airflow,2025-05,81,511,0.15851272015655576,0.028125,0.8210730828253248
scala,airflow,2025-06,72,528,0.13636363636363635,0.025,0.7272727272727272
scala,aws,2024-01,75,556,0.13489208633093525,0.026041666666666668,0.7485341206803343
scala,aws,2024-02,90,552,0.16304347826086957,0.03125,0.8281573498964804
scala,aws,2024-03,83,552,0.1503623188405797,0.028819444444444446,0.8295852073963019
scala,aws,2024-04,66,536,0.12313432835820895,0.022916666666666665,0.6716417910447762
scala,aws,2024-05,78,556,0.14028776978417265,0.027083333333333334,0.7695786228160328
scala,aws,2024-06,74,543,0.13627992633517497,0.025694444444444443,0.7447555746590208
scala,aws,2024-07,70,537,0.1303538175046555,0.024305555555555556,0.7191934758877545
scala,aws,2024-08,80,524,0.15267175572519084,0.027777777777777776,0.8521214273033908
scala,aws,2024-09,88,567,0.15520282186948853,0.030555555555555555,0.8481672238787988
scala,aws,2024-10,79,577,0.1369150779896014,0.027430555555555555,0.7235145405689029
scala,aws,2024-11,75,567,0.13227513227513227,0.026041666666666668,0.78546882670594
scala,aws,2024-12,76,543,0.13996316758747698,0.02638888888888889,0.7059438225077649
scala,aws,2025-01,92,569,0.1616871704745167,0.03194444444444444,0.8720206946940225
scala,aws,2025-02,77,539,0.14285714285714285,0.02673611111111111,0.7806993765248035
scala,aws,2025-03,77,531,0.14500941619585686,0.02673611111111111,0.7954802259887005
scala,aws,2025-04,70,556,0.12589928057553956,0.024305555555555556,0.670221678479767
scala,aws,2025-05,74,511,0.14481409001956946,0.025694444444444443,0.755551774015145
scala,aws,2025-06,70,528,0.13257575757575757,0.024305555555555556,0.7190549563430919
scala,azure,2024-01,87,556,0.1564748201438849,0.030208333333333334,0.8178720181749338
scala,azure,2024-02,61,552,0.1105072463768116,0.021180555555555557,0.6191845711385553
scala,azure,2024-03,86,552,0.15579710144927536,0.029861111111111113,0.838683462007314
scala,azure,2024-04,67,536,0.125,0.02326388888888889,0.6521739130434783
scala,azure,2024-05,85,556,0.1528776978417266,0.029513888888888888,0.8005232177894048
scala,azure,2024-06,75,543,0.13812154696132597,0.026041666666666668,0.7709109597841449
scala,azure,2024-07,66,537,0.12290502793296089,0.022916666666666665,0.6678612838621271
scala,azure,2024-08,95,524,0.18129770992366412,0.03298611111111111,0.916030534351145
scala,azure,2024-09,94,567,0.1657848324514991,0.03263888888888889,0.8435694654775927
scala,azure,2024-10,80,577,0.1386481802426343,0.027777777777777776,0.7505766148473436
scala,azure,2024-11,90,567,0.15873015873015872,0.03125,0.8326827998959146
scala,azure,2024-12,74,543,0.13627992633517497,0.025694444444444443,0.7447555746590208
scala,azure,2025-01,77,569,0.13532513181019332,0.02673611111111111,0.706044165966226
scala,azure,2025-02,87,539,0.1614100185528757,0.030208333333333334,0.7658333664452752
scala,azure,2025-03,80,531,0.15065913370998116,0.027777777777777776,0.7889060092449923
scala,azure,2025-04,86,556,0.15467625899280577,0.029861111111111113,0.8786343706100208
scala,azure,2025-05,68,511,0.13307240704500978,0.02361111111111111,0.7773803900398137
scala,azure,2025-06,68,528,0.12878787878787878,0.02361111111111111,0.6647116324535679
scala,databricks,2024-01,73,556,0.13129496402877697,0.025347222222222222,0.9453237410071941
scala,databricks,2024-02,86,552,0.15579710144927536,0.029861111111111113,1.0734345745787393
scala,databricks,2024-03,100,552,0.18115942028985507,0.034722222222222224,1.1966493817311528
scala,databricks,2024-04,73,536,0.13619402985074627,0.025347222222222222,0.8639621276875534
scala,databricks,2024-05,98,556,0.17625899280575538,0.034027777777777775,1.0754786001707108
scala,databricks,2024-06,89,543,0.16390423572744015,0.03090277777777778,0.9633555079490359
scala,databricks,2024-07,97,537,0.18063314711359404,0.033680555555555554,1.0240619363920291
scala,databricks,2024-08,93,524,0.17748091603053434,0.03229166666666667,0.9717586276957014
scala,databricks,2024-09,97,567,0.1710758377425044,0.033680555555555554,0.9056956115779645
scala,databricks,2024-10,116,577,0.20103986135181975,0.04027777777777778,1.0302398588847703
scala,databricks,2024-11,109,567,0.19223985890652556,0.03784722222222222,0.9545703338806786
scala,databricks,2024-12,110,543,0.20257826887661143,0.03819444444444445,0.975627783218463
scala,databricks,2025-01,119,569,0.20913884007029876,0.04131944444444444,0.9777919795494487
scala,databricks,2025-02,118,539,0.2189239332096475,0.04097222222222222,0.9944809584286827
scala,databricks,2025-03,135,531,0.2542372881355932,0.046875,1.1230113340958718
scala,databricks,2025-04,133,556,0.2392086330935252,0.04618055555555556,1.028240094491571
scala,databricks,2025-05,115,511,0.22504892367906065,0.03993055555555555,0.9420652619123469
scala,databricks,2025-06,121,528,0.22916666666666666,0.04201388888888889,0.9348441926345609
scala,dbt,2024-01,51,556,0.09172661870503597,0.017708333333333333,1.0160486995019369
scala,dbt,2024-02,52,552,0.09420289855072464,0.018055555555555554,1.001123054708808
scala,dbt,2024-03,46,552,0.08333333333333333,0.01597222222222222,0.851063829787234
scala,dbt,2024-04,52,536,0.09701492537313433,0.018055555555555554,0.95359380571545
scala,dbt,2024-05,50,556,0.08992805755395683,0.017361111111111112,0.8519500189322226
scala,dbt,2024-06,56,543,0.10313075506445672,0.019444444444444445,0.9429097605893186
scala,dbt,2024-07,61,537,0.11359404096834265,0.021180555555555557,1.003530177879837
scala,dbt,2024-08,62,524,0.1183206106870229,0.021527777777777778,1.0111672367318278
scala,dbt,2024-09,73,567,0.12874779541446207,0.025347222222222222,1.0654989965334791
scala,dbt,2024-10,76,577,0.1317157712305026,0.02638888888888889,1.0566613402335585
scala,dbt,2024-11,70,567,0.12345679012345678,0.024305555555555556,0.960960960960961
scala,dbt,2024-12,67,543,0.12338858195211787,0.02326388888888889,0.9327010919215208
scala,dbt,2025-01,90,569,0.15817223198594024,0.03125,1.1620817043865
scala,dbt,2025-02,74,539,0.137291280148423,0.025694444444444443,0.9811386769912116
scala,dbt,2025-03,83,531,0.15630885122410546,0.028819444444444446,1.0873659215589946
scala,dbt,2025-04,78,556,0.14028776978417265,0.027083333333333334,0.95065594583157
scala,dbt,2025-05,68,511,0.13307240704500978,0.02361111111111111,0.8790103951596977
scala,dbt,2025-06,96,528,0.18181818181818182,0.03333333333333333,1.1714460036607688
scala,docker,2024-01,93,556,0.1672661870503597,0.03229166666666667,0.8790631728194087
scala,docker,2024-02,75,552,0.1358695652173913,0.026041666666666668,0.782608695652174
scala,docker,2024-03,85,552,0.1539855072463768,0.029513888888888888,0.7659382743861229
scala,docker,2024-04,80,536,0.14925373134328357,0.027777777777777776,0.7787151200519142
scala,docker,2024-05,78,556,0.14028776978417265,0.027083333333333334,0.7784754855075476
scala,docker,2024-06,76,543,0.13996316758747698,0.02638888888888889,0.7796787672184404
scala,docker,2024-07,76,537,0.14152700186219738,0.02638888888888889,0.7604435920953889
scala,docker,2024-08,71,524,0.13549618320610687,0.024652777777777777,0.7518863345541191
scala,docker,2024-09,88,567,0.15520282186948853,0.030555555555555555,0.8262183493237097
scala,docker,2024-10,83,577,0.1438474870017331,0.028819444444444446,0.7424386425895902
scala,docker,2024-11,102,567,0.17989417989417988,0.035416666666666666,0.9235209235209234
scala,docker,2024-12,76,543,0.13996316758747698,0.02638888888888889,0.8061878453038674
scala,docker,2025-01,87,569,0.15289982425307558,0.030208333333333334,0.748897098382411
scala,docker,2025-02,71,539,0.13172541743970315,0.024652777777777777,0.7038389651694713
scala,docker,2025-03,71,531,0.1337099811676083,0.024652777777777777,0.7405475880052151
scala,docker,2025-04,73,556,0.13129496402877697,0.025347222222222222,0.7428870263317832
scala,docker,2025-05,73,511,0.14285714285714285,0.025347222222222222,0.7167745146839223
scala,docker,2025-06,79,528,0.14962121212121213,0.027430555555555555,0.7750163505559189
scala,gcp,2024-01,93,556,0.1672661870503597,0.03229166666666667,0.8871576771731785
scala,gcp,2024-02,90,552,0.16304347826086957,0.03125,0.8600095556617297
scala,gcp,2024-03,88,552,0.15942028985507245,0.030555555555555555,0.8347826086956521
scala,gcp,2024-04,83,536,0.15485074626865672,0.028819444444444446,0.8079169370538611
scala,gcp,2024-05,77,556,0.13848920863309352,0.02673611111111111,0.7372438463277438
scala,gcp,2024-06,79,543,0.14548802946593,0.027430555555555555,0.7745018943842484
scala,gcp,2024-07,78,537,0.1452513966480447,0.027083333333333334,0.8366480446927376
scala,gcp,2024-08,89,524,0.16984732824427481,0.03090277777777778,0.8642408221616811
scala,gcp,2024-09,73,567,0.12874779541446207,0.025347222222222222,0.6866549088771311
scala,gcp,2024-10,83,577,0.1438474870017331,0.028819444444444446,0.8285615251299827
scala,gcp,2024-11,70,567,0.12345679012345678,0.024305555555555556,0.6500101564086939
scala,gcp,2024-12,79,543,0.14548802946593,0.027430555555555555,0.7861266882962071
scala,gcp,2025-01,79,569,0.13884007029876977,0.027430555555555555,0.7432330900751988
scala,gcp,2025-02,81,539,0.150278293135436,0.028125,0.8355241008302233
scala,gcp,2025-03,73,531,0.1374764595103578,0.025347222222222222,0.7414460737637275
scala,gcp,2025-04,90,556,0.1618705035971223,0.03125,0.8930786405358472
scala,gcp,2025-05,71,511,0.13894324853228962,0.024652777777777777,0.7877097554586497
scala,gcp,2025-06,91,528,0.17234848484848486,0.03159722222222222,0.907428951304637
scala,hadoop,2024-01,175,556,0.3147482014388489,0.06076388888888889,1.054040488539401
scala,hadoop,2024-02,145,552,0.26268115942028986,0.050347222222222224,0.9203427483338623
scala,hadoop,2024-03,144,552,0.2608695652173913,0.05,0.9582963620230701
scala,hadoop,2024-04,140,536,0.26119402985074625,0.04861111111111111,1.008363010683846
scala,hadoop,2024-05,142,556,0.25539568345323743,0.049305555555555554,1.0388976954029998
scala,hadoop,2024-06,127,543,0.23388581952117865,0.044097222222222225,1.00535994062835
scala,hadoop,2024-07,117,537,0.21787709497206703,0.040625,0.9928576479739764
scala,hadoop,2024-08,113,524,0.21564885496183206,0.03923611111111111,1.0455702058755494
scala,hadoop,2024-09,103,567,0.18165784832451498,0.03576388888888889,0.9409615165010847
scala,hadoop,2024-10,93,577,0.1611785095320624,0.03229166666666667,0.8961276205643623
scala,hadoop,2024-11,96,567,0.1693121693121693,0.03333333333333333,1.0158730158730158
scala,hadoop,2024-12,99,543,0.18232044198895028,0.034375,1.1879703007424813
scala,hadoop,2025-01,81,569,0.14235500878734622,0.028125,1.0148079834345474
scala,hadoop,2025-02,83,539,0.15398886827458255,0.028819444444444446,1.2117156847836006
scala,hadoop,2025-03,56,531,0.10546139359698682,0.019444444444444445,0.9260024803637867
scala,hadoop,2025-04,48,556,0.08633093525179857,0.016666666666666666,0.8573554949144133
scala,hadoop,2025-05,56,511,0.1095890410958904,0.019444444444444445,1.2524461839530332
scala,hadoop,2025-06,27,528,0.05113636363636364,0.009375,0.6881903143585387
scala,hive,2024-01,82,556,0.1474820143884892,0.02847222222222222,0.7611974936180088
scala,hive,2024-02,71,552,0.1286231884057971,0.024652777777777777,0.7349896480331263
scala,hive,2024-03,84,552,0.15217391304347827,0.029166666666666667,0.8925883290533959
scala,hive,2024-04,81,536,0.15111940298507462,0.028125,0.7841871722468736
scala,hive,2024-05,81,556,0.14568345323741008,0.028125,0.793134868286845
scala,hive,2024-06,86,543,0.15837937384898712,0.029861111111111113,0.7850819220053062
scala,hive,2024-07,86,537,0.1601489757914339,0.029861111111111113,0.849408932374456
scala,hive,2024-08,73,524,0.13931297709923665,0.025347222222222222,0.7375392905253705
scala,hive,2024-09,76,567,0.13403880070546736,0.02638888888888889,0.7381104130626119
scala,hive,2024-10,81,577,0.14038128249566725,0.028125,0.773036507815529
scala,hive,2024-11,79,567,0.13932980599647266,0.027430555555555555,0.7403502606454636
scala,hive,2024-12,70,543,0.1289134438305709,0.024305555555555556,0.6875383670963782
scala,hive,2025-01,92,569,0.1616871704745167,0.03194444444444444,0.8544202770029506
scala,hive,2025-02,85,539,0.15769944341372913,0.029513888888888888,0.8183322469036755
scala,hive,2025-03,71,531,0.1337099811676083,0.024652777777777777,0.7171038096139886
scala,hive,2025-04,82,556,0.1474820143884892,0.02847222222222222,0.7680799302691662
scala,hive,2025-05,69,511,0.1350293542074364,0.023958333333333335,0.7309859776643173
scala,hive,2025-06,92,528,0.17424242424242425,0.03194444444444444,0.9522166637916165
scala,java,2024-01,73,556,0.13129496402877697,0.025347222222222222,0.7313916758276163
scala,java,2024-02,83,552,0.1503623188405797,0.028819444444444446,0.8034201823021699
scala,java,2024-03,91,552,0.16485507246376813,0.03159722222222222,0.9060736807168935
scala,java,2024-04,80,536,0.14925373134328357,0.027777777777777776,0.8790403809174983
scala,java,2024-05,99,556,0.17805755395683454,0.034375,0.9012403434019042
scala,java,2024-06,73,543,0.13443830570902393,0.025347222222222222,0.7445813854653633
scala,java,2024-07,85,537,0.15828677839851024,0.029513888888888888,0.8184307392957082
scala,java,2024-08,85,524,0.16221374045801526,0.029513888888888888,0.8040887650930877
scala,java,2024-09,99,567,0.1746031746031746,0.034375,0.9126263935701322
scala,java,2024-10,85,577,0.14731369150779897,0.029513888888888888,0.7871306707652338
scala,java,2024-11,76,567,0.13403880070546736,0.02638888888888889,0.7202084814025111
scala,java,2024-12,78,543,0.143646408839779,0.027083333333333334,0.7835258663987946
scala,java,2025-01,85,569,0.14938488576449913,0.029513888888888888,0.8011703370610009
scala,java,2025-02,72,539,0.13358070500927643,0.025,0.7603012459026011
scala,java,2025-03,81,531,0.15254237288135594,0.028125,0.8497524833622923
scala,java,2025-04,88,556,0.15827338129496402,0.030555555555555555,0.8053486539390395
scala,java,2025-05,73,511,0.14285714285714285,0.025347222222222222,0.7806993765248035
scala,java,2025-06,61,528,0.11553030303030302,0.021180555555555557,0.673536989326463
scala,kafka,2024-01,74,556,0.13309352517985612,0.025694444444444443,0.7428475823991969
scala,kafka,2024-02,84,552,0.15217391304347827,0.029166666666666667,0.8428093645484951
scala,kafka,2024-03,84,552,0.15217391304347827,0.029166666666666667,0.8100940287711967
scala,kafka,2024-04,77,536,0.14365671641791045,0.02673611111111111,0.7821008379651835
scala,kafka,2024-05,79,556,0.1420863309352518,0.027430555555555555,0.7720917605538211
scala,kafka,2024-06,91,543,0.16758747697974216,0.03159722222222222,0.9123855079426416
scala,kafka,2024-07,67,537,0.12476722532588454,0.02326388888888889,0.6792620206777834
scala,kafka,2024-08,67,524,0.12786259541984732,0.02326388888888889,0.6623098467790652
scala,kafka,2024-09,94,567,0.1657848324514991,0.03263888888888889,0.8665341514706306
scala,kafka,2024-10,72,577,0.12478336221837089,0.025,0.6630555040385759
scala,kafka,2024-11,69,567,0.12169312169312169,0.023958333333333335,0.6478302966288179
scala,kafka,2024-12,80,543,0.14732965009208104,0.027777777777777776,0.7617762877292521
scala,kafka,2025-01,90,569,0.15817223198594024,0.03125,0.8312701243056714
scala,kafka,2025-02,91,539,0.16883116883116883,0.03159722222222222,0.8470971537173627
scala,kafka,2025-03,81,531,0.15254237288135594,0.028125,0.7761873390429419
scala,kafka,2025-04,74,556,0.13309352517985612,0.025694444444444443,0.7385536657379299
scala,kafka,2025-05,82,511,0.16046966731898238,0.02847222222222222,0.8511098377139397
scala,kafka,2025-06,76,528,0.14393939393939395,0.02638888888888889,0.7896103896103898
scala,kubernetes,2024-01,82,556,0.1474820143884892,0.02847222222222222,0.743867252957704
scala,kubernetes,2024-02,84,552,0.15217391304347827,0.029166666666666667,0.798289379900214
scala,kubernetes,2024-03,69,552,0.125,0.023958333333333335,0.6521739130434783
scala,kubernetes,2024-04,87,536,0.1623134328358209,0.030208333333333334,0.8593064091308165
scala,kubernetes,2024-05,89,556,0.16007194244604317,0.03090277777777778,0.8458847600818429
scala,kubernetes,2024-06,79,543,0.14548802946593,0.027430555555555555,0.7861266882962071
scala,kubernetes,2024-07,95,537,0.17690875232774675,0.03298611111111111,0.9951117318435754
scala,kubernetes,2024-08,75,524,0.1431297709923664,0.026041666666666668,0.7467640225688681
scala,kubernetes,2024-09,73,567,0.12874779541446207,0.025347222222222222,0.7158178586750015
scala,kubernetes,2024-10,69,577,0.1195840554592721,0.023958333333333335,0.6661548930806647
scala,kubernetes,2024-11,81,567,0.14285714285714285,0.028125,0.7821835958718087
scala,kubernetes,2024-12,64,543,0.11786372007366483,0.022222222222222223,0.5822427338115861
scala,kubernetes,2025-01,99,569,0.17398945518453426,0.034375,0.9544564398694452
scala,kubernetes,2025-02,86,539,0.15955473098330242,0.029861111111111113,0.8220351077493935
scala,kubernetes,2025-03,83,531,0.15630885122410546,0.028819444444444446,0.827517447657029
scala,kubernetes,2025-04,76,556,0.1366906474820144,0.02638888888888889,0.7118789597616663
scala,kubernetes,2025-05,66,511,0.12915851272015655,0.022916666666666665,0.6901234074843244
scala,kubernetes,2025-06,65,528,0.12310606060606061,0.022569444444444444,0.6993006993006993
scala,powerbi,2024-01,91,556,0.16366906474820145,0.03159722222222222,0.8910527532605296
scala,powerbi,2024-02,82,552,0.14855072463768115,0.02847222222222222,0.8118142067486182
scala,powerbi,2024-03,81,552,0.14673913043478262,0.028125,0.7628315805995919
scala,powerbi,2024-04,79,536,0.14738805970149255,0.027430555555555555,0.7760102594886628
scala,powerbi,2024-05,93,556,0.1672661870503597,0.03229166666666667,0.8586927249644134
scala,powerbi,2024-06,91,543,0.16758747697974216,0.03159722222222222,0.8307262197963122
scala,powerbi,2024-07,89,537,0.16573556797020483,0.03090277777777778,0.860033217575117
scala,powerbi,2024-08,85,524,0.16221374045801526,0.029513888888888888,0.8478685526662141
scala,powerbi,2024-09,85,567,0.14991181657848324,0.029513888888888888,0.7951123973223421
scala,powerbi,2024-10,84,577,0.14558058925476602,0.029166666666666667,0.8141205768033517
scala,powerbi,2024-11,87,567,0.15343915343915343,0.030208333333333334,0.7962247962247961
scala,powerbi,2024-12,71,543,0.13075506445672191,0.024652777777777777,0.6922326941826454
scala,powerbi,2025-01,70,569,0.12302284710017575,0.024305555555555556,0.6947172542127571
scala,powerbi,2025-02,75,539,0.1391465677179963,0.026041666666666668,0.7407432810126235
scala,powerbi,2025-03,79,531,0.1487758945386064,0.027430555555555555,0.8145904491847651
scala,powerbi,2025-04,100,556,0.17985611510791366,0.034722222222222224,0.9663910662514764
scala,powerbi,2025-05,71,511,0.13894324853228962,0.024652777777777777,0.6840283004666566
scala,powerbi,2025-06,85,528,0.16098484848484848,0.029513888888888888,0.9254218835057159
scala,python,2024-01,92,556,0.16546762589928057,0.03194444444444444,0.8974515303011827
scala,python,2024-02,94,552,0.17028985507246377,0.03263888888888889,0.8649643432252129
scala,python,2024-03,89,552,0.161231884057971,0.03090277777777778,0.8458066048942742
scala,python,2024-04,96,536,0.1791044776119403,0.03333333333333333,0.936154075358236
scala,python,2024-05,70,556,0.12589928057553956,0.024305555555555556,0.6640841173215274
scala,python,2024-06,75,543,0.13812154696132597,0.026041666666666668,0.7491338140275307
scala,python,2024-07,77,537,0.14338919925512103,0.02673611111111111,0.7549559302646226
scala,python,2024-08,78,524,0.14885496183206107,0.027083333333333334,0.8134768312643945
scala,python,2024-09,77,567,0.13580246913580246,0.02673611111111111,0.7435572454583862
scala,python,2024-10,75,577,0.12998266897746968,0.026041666666666668,0.6637412883955899
scala,python,2024-11,82,567,0.14462081128747795,0.02847222222222222,0.8056246354118695
scala,python,2024-12,83,543,0.15285451197053407,0.028819444444444446,0.8047915803933056
scala,python,2025-01,83,569,0.14586994727592267,0.028819444444444446,0.8418946856806759
scala,python,2025-02,86,539,0.15955473098330242,0.029861111111111113,0.8220351077493935
scala,python,2025-03,81,531,0.15254237288135594,0.028125,0.8196306602580319
scala,python,2025-04,91,556,0.16366906474820145,0.03159722222222222,0.8664832839610666
scala,python,2025-05,85,511,0.16634050880626222,0.029513888888888888,0.8822480025083521
scala,python,2025-06,84,528,0.1590909090909091,0.029166666666666667,0.8138220571613112
scala,snowflake,2024-01,101,556,0.18165467625899281,0.035069444444444445,1.006087437742114
scala,snowflake,2024-02,101,552,0.18297101449275363,0.035069444444444445,0.9722445050537463
scala,snowflake,2024-03,105,552,0.19021739130434784,0.036458333333333336,0.971322849213691
scala,snowflake,2024-04,104,536,0.19402985074626866,0.03611111111111111,0.95359380571545
scala,snowflake,2024-05,116,556,0.20863309352517986,0.04027777777777778,0.9882620219613784
scala,snowflake,2024-06,133,543,0.24493554327808473,0.04618055555555556,1.1197053406998159
scala,snowflake,2024-07,115,537,0.21415270018621974,0.03993055555555555,0.9459505775096823
scala,snowflake,2024-08,123,524,0.23473282442748092,0.042708333333333334,1.003012662242055
scala,snowflake,2024-09,151,567,0.26631393298059963,0.05243055555555556,1.1019886881955847
scala,snowflake,2024-10,145,577,0.2512998266897747,0.050347222222222224,1.0079993048280655
scala,snowflake,2024-11,150,567,0.26455026455026454,0.052083333333333336,1.0296010296010296
scala,snowflake,2024-12,135,543,0.24861878453038674,0.046875,0.939661547831383
scala,snowflake,2025-01,156,569,0.2741652021089631,0.05416666666666667,1.0071374771349666
scala,snowflake,2025-02,146,539,0.27087198515769945,0.050694444444444445,0.96788004622106
scala,snowflake,2025-03,150,531,0.2824858757062147,0.052083333333333336,0.9825595676737903
scala,snowflake,2025-04,159,556,0.28597122302158273,0.05520833333333333,0.9689377909437156
scala,snowflake,2025-05,142,511,0.27788649706457924,0.049305555555555554,0.9177902655343902
scala,snowflake,2025-06,172,528,0.32575757575757575,0.059722222222222225,1.0494203782794387
scala,spark,2024-01,87,556,0.1564748201438849,0.030208333333333334,0.8454924615654568
scala,spark,2024-02,71,552,0.1286231884057971,0.024652777777777777,0.6698639830175327
scala,spark,2024-03,77,552,0.13949275362318841,0.02673611111111111,0.7110427087341286
scala,spark,2024-04,84,536,0.15671641791044777,0.029166666666666667,0.8266360505166476
scala,spark,2024-05,84,556,0.1510791366906475,0.029166666666666667,0.835139949460777
scala,spark,2024-06,75,543,0.13812154696132597,0.026041666666666668,0.7987752113426081
scala,spark,2024-07,82,537,0.1527001862197393,0.02847222222222222,0.809901540170993
scala,spark,2024-08,80,524,0.15267175572519084,0.027777777777777776,0.771394134190438
scala,spark,2024-09,89,567,0.15696649029982362,0.03090277777777778,0.8309990662931839
scala,spark,2024-10,92,577,0.15944540727902945,0.03194444444444444,0.8000048309470467
scala,spark,2024-11,81,567,0.14285714285714285,0.028125,0.7360081778686429
scala,spark,2024-12,85,543,0.15653775322283608,0.029513888888888888,0.8962797798842305
scala,spark,2025-01,83,569,0.14586994727592267,0.028819444444444446,0.7765350243154479
scala,spark,2025-02,70,539,0.12987012987012986,0.024305555555555556,0.7097267059316394
scala,spark,2025-03,75,531,0.14124293785310735,0.026041666666666668,0.7316180953542251
scala,spark,2025-04,84,556,0.1510791366906475,0.029166666666666667,0.8163375490976824
scala,spark,2025-05,79,511,0.15459882583170254,0.027430555555555555,0.8291333675890191
scala,spark,2025-06,81,528,0.1534090909090909,0.028125,0.8018478798878074
scala,sql,2024-01,82,556,0.1474820143884892,0.02847222222222222,0.7836682683373596
scala,sql,2024-02,85,552,0.1539855072463768,0.029513888888888888,0.8258440612096186
scala,sql,2024-03,71,552,0.1286231884057971,0.024652777777777777,0.7082883032671045
scala,sql,2024-04,84,536,0.15671641791044777,0.029166666666666667,0.8713190802743042
scala,sql,2024-05,76,556,0.1366906474820144,0.02638888888888889,0.7118789597616663
scala,sql,2024-06,93,543,0.1712707182320442,0.03229166666666667,0.8823965447375444
scala,sql,2024-07,77,537,0.14338919925512103,0.02673611111111111,0.7348058609515099
scala,sql,2024-08,72,524,0.13740458015267176,0.025,0.7729007633587787
scala,sql,2024-09,91,567,0.16049382716049382,0.03159722222222222,0.815206741132667
scala,sql,2024-10,89,577,0.15424610051993068,0.03090277777777778,0.8397519272162577
scala,sql,2024-11,83,567,0.14638447971781304,0.028819444444444446,0.8282658184426356
scala,sql,2024-12,84,543,0.15469613259668508,0.029166666666666667,0.8281131261681283
scala,sql,2025-01,84,569,0.14762741652021089,0.029166666666666667,0.7991860142447507
scala,sql,2025-02,92,539,0.17068645640074212,0.03194444444444444,0.8857243142957428
scala,sql,2025-03,80,531,0.15065913370998116,0.027777777777777776,0.8233364422860451
scala,sql,2025-04,93,556,0.1672661870503597,0.03229166666666667,0.8711150428662494
scala,sql,2025-05,79,511,0.15459882583170254,0.027430555555555555,0.8306802582001928
scala,sql,2025-06,83,528,0.1571969696969697,0.028819444444444446,0.8276549775635699
scala,tableau,2024-01,74,556,0.13309352517985612,0.025694444444444443,0.7085200601071823
scala,tableau,2024-02,81,552,0.14673913043478262,0.028125,0.7493061979648474
scala,tableau,2024-03,71,552,0.1286231884057971,0.024652777777777777,0.6822003362959403
scala,tableau,2024-04,67,536,0.125,0.02326388888888889,0.6741573033707865
scala,tableau,2024-05,81,556,0.14568345323741008,0.028125,0.7712653406686416
scala,tableau,2024-06,73,543,0.13443830570902393,0.025347222222222222,0.7712795227928066
scala,tableau,2024-07,78,537,0.1452513966480447,0.027083333333333334,0.7496846278608759
scala,tableau,2024-08,89,524,0.16984732824427481,0.03090277777777778,0.8673055059282119
scala,tableau,2024-09,81,567,0.14285714285714285,0.028125,0.8114961961115806
scala,tableau,2024-10,89,577,0.15424610051993068,0.03090277777777778,0.8226458694396303
scala,tableau,2024-11,95,567,0.1675485008818342,0.03298611111111111,0.8985841388076025
scala,tableau,2024-12,92,543,0.1694290976058932,0.03194444444444444,0.8744727618368681
scala,tableau,2025-01,82,569,0.14411247803163443,0.02847222222222222,0.8074784761305587
scala,tableau,2025-02,74,539,0.137291280148423,0.025694444444444443,0.7446306719914468
scala,tableau,2025-03,83,531,0.15630885122410546,0.028819444444444446,0.8082037549828074
scala,tableau,2025-04,86,556,0.15467625899280577,0.029861111111111113,0.7940599392144039
scala,tableau,2025-05,61,511,0.11937377690802348,0.021180555555555557,0.6573546414820414
scala,tableau,2025-06,77,528,0.14583333333333334,0.02673611111111111,0.759493670886076
scala,terraform,2024-01,71,556,0.12769784172661872,0.024652777777777777,0.7384935425153853
scala,terraform,2024-02,86,552,0.15579710144927536,0.029861111111111113,0.7871853546910755
scala,terraform,2024-03,88,552,0.15942028985507245,0.030555555555555555,0.8363031598954621
scala,terraform,2024-04,79,536,0.14738805970149255,0.027430555555555555,0.7552982418866522
scala,terraform,2024-05,74,556,0.13309352517985612,0.025694444444444443,0.7471917203079642
scala,terraform,2024-06,102,543,0.1878453038674033,0.035416666666666666,0.9327490950657268
scala,terraform,2024-07,77,537,0.14338919925512103,0.02673611111111111,0.7309042369110594
scala,terraform,2024-08,80,524,0.15267175572519084,0.027777777777777776,0.8142493638676845
scala,terraform,2024-09,77,567,0.13580246913580246,0.02673611111111111,0.7310488058151609
scala,terraform,2024-10,95,577,0.16464471403812825,0.03298611111111111,0.8452348955968081
scala,terraform,2024-11,88,567,0.15520282186948853,0.030555555555555555,0.8156644652995018
scala,terraform,2024-12,87,543,0.16022099447513813,0.030208333333333334,0.8657344541996206
scala,terraform,2025-01,83,569,0.14586994727592267,0.028819444444444446,0.7852438283264622
scala,terraform,2025-02,97,539,0.17996289424860853,0.033680555555555554,0.9544993286114044
scala,terraform,2025-03,80,531,0.15065913370998116,0.027777777777777776,0.7976071784646062
scala,terraform,2025-04,63,556,0.11330935251798561,0.021875,0.6287686613714809
scala,terraform,2025-05,80,511,0.15655577299412915,0.027777777777777776,0.8138639462510685
scala,terraform,2025-06,68,528,0.12878787878787878,0.02361111111111111,0.7132867132867132
snowflake,airflow,2024-01,100,520,0.19230769230769232,0.034722222222222224,1.0332950631458095
snowflake,airflow,2024-02,109,542,0.2011070110701107,0.03784722222222222,1.1246372657901336
snowflake,airflow,2024-03,111,564,0.19680851063829788,0.03854166666666667,1.06945002007226
snowflake,airflow,2024-04,105,586,0.17918088737201365,0.036458333333333336,0.9923864531373064
snowflake,airflow,2024-05,105,608,0.17269736842105263,0.036458333333333336,0.971422697368421
snowflake,airflow,2024-06,131,630,0.20793650793650795,0.04548611111111111,1.0988204456094366
snowflake,airflow,2024-07,131,652,0.200920245398773,0.04548611111111111,1.0656543402365861
snowflake,airflow,2024-08,118,674,0.17507418397626112,0.04097222222222222,1.010448196095455
snowflake,airflow,2024-09,127,696,0.1824712643678161,0.044097222222222225,1.000985221674877
snowflake,airflow,2024-10,132,718,0.18384401114206128,0.04583333333333333,0.9321668170583389
snowflake,airflow,2024-11,126,740,0.17027027027027028,0.04375,0.9234997709573981
snowflake,airflow,2024-12,134,762,0.17585301837270342,0.04652777777777778,0.9413693176828734
snowflake,airflow,2025-01,159,784,0.20280612244897958,0.05520833333333333,1.0211217354074498
snowflake,airflow,2025-02,143,806,0.1774193548387097,0.049652777777777775,0.9999368726721798
snowflake,airflow,2025-03,158,828,0.19082125603864733,0.05486111111111111,1.008376545672118
snowflake,airflow,2025-04,145,850,0.17058823529411765,0.050347222222222224,0.9269700332963373
snowflake,airflow,2025-05,177,872,0.2029816513761468,0.06145833333333333,1.0514157481354365
snowflake,airflow,2025-06,173,894,0.1935123042505593,0.060069444444444446,1.0320656226696496
snowflake,aws,2024-01,90,520,0.17307692307692307,0.03125,0.9604268563806136
snowflake,aws,2024-02,106,542,0.19557195571955718,0.03680555555555556,0.9933813623850524
snowflake,aws,2024-03,109,564,0.19326241134751773,0.03784722222222222,1.066275372951822
snowflake,aws,2024-04,110,586,0.18771331058020477,0.03819444444444445,1.023890784982935
snowflake,aws,2024-05,106,608,0.17434210526315788,0.03680555555555556,0.956390977443609
snowflake,aws,2024-06,109,630,0.173015873015873,0.03784722222222222,0.9455136893467064
snowflake,aws,2024-07,134,652,0.20552147239263804,0.04652777777777778,1.1339115718214514
snowflake,aws,2024-08,117,674,0.17359050445103857,0.040625,0.9688772341453316
snowflake,aws,2024-09,131,696,0.1882183908045977,0.04548611111111111,1.0285938624615587
snowflake,aws,2024-10,130,718,0.181058495821727,0.04513888888888889,0.9567861797551813
snowflake,aws,2024-11,120,740,0.16216216216216217,0.041666666666666664,0.962942323767066
snowflake,aws,2024-12,160,762,0.2099737532808399,0.05555555555555555,1.059062013045217
snowflake,aws,2025-01,156,784,0.1989795918367347,0.05416666666666667,1.0731483604677825
snowflake,aws,2025-02,147,806,0.18238213399503722,0.051041666666666666,0.9966993280943212
snowflake,aws,2025-03,157,828,0.18961352657004832,0.05451388888888889,1.0401656314699794
snowflake,aws,2025-04,171,850,0.2011764705882353,0.059375,1.0709579210612157
snowflake,aws,2025-05,154,872,0.17660550458715596,0.05347222222222222,0.9214200239329875
snowflake,aws,2025-06,179,894,0.20022371364653244,0.06215277777777778,1.0859591248625486
snowflake,azure,2024-01,93,520,0.17884615384615385,0.03229166666666667,0.9348038531341617
snowflake,azure,2024-02,89,542,0.16420664206642066,0.03090277777777778,0.9200683446523181
snowflake,azure,2024-03,105,564,0.18617021276595744,0.036458333333333336,1.0021873135812287
snowflake,azure,2024-04,101,586,0.17235494880546076,0.035069444444444445,0.8992432111589257
snowflake,azure,2024-05,135,608,0.22203947368421054,0.046875,1.1626794258373208
snowflake,azure,2024-06,96,630,0.1523809523809524,0.03333333333333333,0.8504983388704319
snowflake,azure,2024-07,117,652,0.1794478527607362,0.040625,0.9751128602847551
snowflake,azure,2024-08,132,674,0.19584569732937684,0.04583333333333333,0.9895361549273778
snowflake,azure,2024-09,126,696,0.1810344827586207,0.04375,0.9211648592664798
snowflake,azure,2024-10,144,718,0.20055710306406685,0.05,1.085722663203971
snowflake,azure,2024-11,154,740,0.20810810810810812,0.05347222222222222,1.0917146654851575
snowflake,azure,2024-12,145,762,0.19028871391076116,0.050347222222222224,1.0399079621688656
snowflake,azure,2025-01,154,784,0.19642857142857142,0.05347222222222222,1.0248447204968942
snowflake,azure,2025-02,175,806,0.21712158808933002,0.06076388888888889,1.030165030802752
snowflake,azure,2025-03,159,828,0.19202898550724637,0.05520833333333333,1.0055335968379446
snowflake,azure,2025-04,158,850,0.18588235294117647,0.05486111111111111,1.055899756352245
snowflake,azure,2025-05,139,872,0.15940366972477063,0.04826388888888889,0.9312019651264491
snowflake,azure,2025-06,159,894,0.17785234899328858,0.05520833333333333,0.9179476077072959
snowflake,dbt,2024-01,260,520,0.5,0.09027777777777778,5.538461538461538
snowflake,dbt,2024-02,271,542,0.5,0.09409722222222222,5.313653136531365
snowflake,dbt,2024-03,282,564,0.5,0.09791666666666667,5.1063829787234045
snowflake,dbt,2024-04,293,586,0.5,0.10173611111111111,4.914675767918089
snowflake,dbt,2024-05,304,608,0.5,0.10555555555555556,4.7368421052631575
snowflake,dbt,2024-06,315,630,0.5,0.109375,4.571428571428571
snowflake,dbt,2024-07,326,652,0.5,0.11319444444444444,4.41717791411043
snowflake,dbt,2024-08,337,674,0.5,0.11701388888888889,4.27299703264095
snowflake,dbt,2024-09,348,696,0.5,0.12083333333333333,4.137931034482759
snowflake,dbt,2024-10,359,718,0.5,0.12465277777777778,4.011142061281337
snowflake,dbt,2024-11,370,740,0.5,0.1284722222222222,3.891891891891892
snowflake,dbt,2024-12,381,762,0.5,0.13229166666666667,3.779527559055118
snowflake,dbt,2025-01,392,784,0.5,0.1361111111111111,3.6734693877551026
snowflake,dbt,2025-02,403,806,0.5,0.13993055555555556,3.5732009925558312
snowflake,dbt,2025-03,414,828,0.5,0.14375,3.4782608695652177
snowflake,dbt,2025-04,425,850,0.5,0.14756944444444445,3.388235294117647
snowflake,dbt,2025-05,436,872,0.5,0.15138888888888888,3.302752293577982
snowflake,dbt,2025-06,447,894,0.5,0.15520833333333334,3.221476510067114
snowflake,docker,2024-01,93,520,0.17884615384615385,0.03229166666666667,0.939921392476137
snowflake,docker,2024-02,90,542,0.16605166051660517,0.03125,0.9564575645756458
snowflake,docker,2024-03,116,564,0.20567375886524822,0.04027777777777778,1.0230404586043433
snowflake,docker,2024-04,134,586,0.22866894197952217,0.04652777777777778,1.1930553494583764
snowflake,docker,2024-05,109,608,0.17927631578947367,0.03784722222222222,0.9948281107392759
snowflake,docker,2024-06,119,630,0.18888888888888888,0.04131944444444444,1.0522243713733075
snowflake,docker,2024-07,125,652,0.19171779141104295,0.043402777777777776,1.0301254463876934
snowflake,docker,2024-08,117,674,0.17359050445103857,0.040625,0.9632767877051852
snowflake,docker,2024-09,138,696,0.19827586206896552,0.04791666666666667,1.0555166039900568
snowflake,docker,2024-10,139,718,0.1935933147632312,0.04826388888888889,0.9991913020037738
snowflake,docker,2024-11,139,740,0.18783783783783783,0.04826388888888889,0.9643011995953172
snowflake,docker,2024-12,123,762,0.16141732283464566,0.042708333333333334,0.9297637795275591
snowflake,docker,2025-01,169,784,0.21556122448979592,0.058680555555555555,1.0558100791336944
snowflake,docker,2025-02,155,806,0.19230769230769232,0.05381944444444445,1.027543884686742
snowflake,docker,2025-03,154,828,0.1859903381642512,0.05347222222222222,1.0301003344481605
snowflake,docker,2025-04,149,850,0.17529411764705882,0.05173611111111111,0.991840980006934
snowflake,docker,2025-05,180,872,0.20642201834862386,0.0625,1.0357062941533741
snowflake,docker,2025-06,161,894,0.18008948545861297,0.05590277777777778,0.932837622519434
snowflake,gcp,2024-01,103,520,0.19807692307692307,0.03576388888888889,1.0505737356566085
snowflake,gcp,2024-02,102,542,0.1881918819188192,0.035416666666666666,0.99266047605531
snowflake,gcp,2024-03,97,564,0.17198581560283688,0.033680555555555554,0.9005802707930368
snowflake,gcp,2024-04,103,586,0.1757679180887372,0.03576388888888889,0.9170500074194984
snowflake,gcp,2024-05,106,608,0.17434210526315788,0.03680555555555556,0.9281058468722638
snowflake,gcp,2024-06,106,630,0.16825396825396827,0.03680555555555556,0.8956958014259309
snowflake,gcp,2024-07,123,652,0.18865030674846625,0.042708333333333334,1.0866257668711656
snowflake,gcp,2024-08,142,674,0.21068249258160238,0.049305555555555554,1.0720239905212277
snowflake,gcp,2024-09,157,696,0.22557471264367815,0.05451388888888889,1.2030651340996168
snowflake,gcp,2024-10,110,718,0.1532033426183844,0.03819444444444445,0.8824512534818941
snowflake,gcp,2024-11,154,740,0.20810810810810812,0.05347222222222222,1.0957063096002768
snowflake,gcp,2024-12,140,762,0.1837270341207349,0.04861111111111111,0.9927464507837083
snowflake,gcp,2025-01,136,784,0.17346938775510204,0.04722222222222222,0.9286093619603976
snowflake,gcp,2025-02,143,806,0.1774193548387097,0.049652777777777775,0.9864242122306639
snowflake,gcp,2025-03,158,828,0.19082125603864733,0.05486111111111111,1.0291483471747271
snowflake,gcp,2025-04,145,850,0.17058823529411765,0.050347222222222224,0.9411764705882354
snowflake,gcp,2025-05,145,872,0.16628440366972477,0.050347222222222224,0.9427147294661561
snowflake,gcp,2025-06,196,894,0.21923937360178972,0.06805555555555555,1.1543133381593316
snowflake,hive,2024-01,106,520,0.20384615384615384,0.03680555555555556,1.0521091811414391
snowflake,hive,2024-02,92,542,0.16974169741697417,0.03194444444444444,0.969952556668424
snowflake,hive,2024-03,87,564,0.15425531914893617,0.030208333333333334,0.9047969840100533
snowflake,hive,2024-04,116,586,0.19795221843003413,0.04027777777777778,1.02721151185315
snowflake,hive,2024-05,108,608,0.17763157894736842,0.0375,0.9670679534374689
snowflake,hive,2024-06,104,630,0.16507936507936508,0.03611111111111111,0.8182935824932382
snowflake,hive,2024-07,119,652,0.18251533742331288,0.04131944444444444,0.9680371487645324
snowflake,hive,2024-08,118,674,0.17507418397626112,0.04097222222222222,0.9268633269331471
snowflake,hive,2024-09,133,696,0.1910919540229885,0.04618055555555556,1.0522845651743917
snowflake,hive,2024-10,140,718,0.19498607242339833,0.04861111111111111,1.073728276442423
snowflake,hive,2024-11,121,740,0.1635135135135135,0.04201388888888889,0.8688540939463448
snowflake,hive,2024-12,144,762,0.1889763779527559,0.05,1.0078740157480315
snowflake,hive,2025-01,147,784,0.1875,0.051041666666666666,0.9908256880733946
snowflake,hive,2025-02,141,806,0.17493796526054592,0.04895833333333333,0.9077861981087788
snowflake,hive,2025-03,167,828,0.20169082125603865,0.05798611111111111,1.0816937899765202
snowflake,hive,2025-04,158,850,0.18588235294117647,0.05486111111111111,0.9680672268907562
snowflake,hive,2025-05,175,872,0.2006880733944954,0.06076388888888889,1.0864316755190728
snowflake,hive,2025-06,173,894,0.1935123042505593,0.060069444444444446,1.057524546948028
snowflake,java,2024-01,92,520,0.17692307692307693,0.03194444444444444,0.9855676238654962
snowflake,java,2024-02,105,542,0.1937269372693727,0.036458333333333336,1.035127234389227
snowflake,java,2024-03,109,564,0.19326241134751773,0.03784722222222222,1.0622056196199448
snowflake,java,2024-04,97,586,0.16552901023890784,0.033680555555555554,0.9748947842291504
snowflake,java,2024-05,113,608,0.18585526315789475,0.03923611111111111,0.940708537600592
snowflake,java,2024-06,122,630,0.19365079365079366,0.04236111111111111,1.0725274725274725
snowflake,java,2024-07,129,652,0.19785276073619631,0.04479166666666667,1.0230088885462214
snowflake,java,2024-08,131,674,0.1943620178041543,0.04548611111111111,0.9634468352426236
snowflake,java,2024-09,121,696,0.17385057471264367,0.04201388888888889,0.9086926591150886
snowflake,java,2024-10,137,718,0.19080779944289694,0.04756944444444444,1.0195296148340318
snowflake,java,2024-11,134,740,0.1810810810810811,0.04652777777777778,0.972972972972973
snowflake,java,2024-12,138,762,0.18110236220472442,0.04791666666666667,0.9878310665712242
snowflake,java,2025-01,143,784,0.18239795918367346,0.049652777777777775,0.9782236917113214
snowflake,java,2025-02,156,806,0.1935483870967742,0.05416666666666667,1.101619278337371
snowflake,java,2025-03,153,828,0.18478260869565216,0.053125,1.029349928517366
snowflake,java,2025-04,162,850,0.19058823529411764,0.05625,0.969777593016005
snowflake,java,2025-05,166,872,0.19036697247706422,0.05763888888888889,1.0403356370663093
snowflake,java,2025-06,151,894,0.16890380313199105,0.05243055555555556,0.9847023340488547
snowflake,kafka,2024-01,84,520,0.16153846153846155,0.029166666666666667,0.9016100178890877
snowflake,kafka,2024-02,104,542,0.1918819188191882,0.03611111111111111,1.062730627306273
snowflake,kafka,2024-03,120,564,0.2127659574468085,0.041666666666666664,1.1326542651512173
snowflake,kafka,2024-04,112,586,0.19112627986348124,0.03888888888888889,1.0405362684439055
snowflake,kafka,2024-05,119,608,0.19572368421052633,0.04131944444444444,1.063555114200596
snowflake,kafka,2024-06,130,630,0.20634920634920634,0.04513888888888889,1.1234134485552254
snowflake,kafka,2024-07,122,652,0.18711656441717792,0.04236111111111111,1.018706437658738
snowflake,kafka,2024-08,111,674,0.16468842729970326,0.03854166666666667,0.853062357235873
snowflake,kafka,2024-09,126,696,0.1810344827586207,0.04375,0.9462419425495964
snowflake,kafka,2024-10,134,718,0.18662952646239556,0.04652777777777778,0.9916845686562716
snowflake,kafka,2024-11,133,740,0.17972972972972973,0.04618055555555556,0.9567867312784133
snowflake,kafka,2024-12,153,762,0.20078740157480315,0.053125,1.0381826149648707
snowflake,kafka,2025-01,145,784,0.18494897959183673,0.050347222222222224,0.9719946372709668
snowflake,kafka,2025-02,167,806,0.20719602977667495,0.05798611111111111,1.039589835813282
snowflake,kafka,2025-03,160,828,0.1932367149758454,0.05555555555555555,0.9832539560608389
snowflake,kafka,2025-04,146,850,0.17176470588235293,0.050694444444444445,0.9531451887113226
snowflake,kafka,2025-05,152,872,0.1743119266055046,0.05277777777777778,0.9245273455319581
snowflake,kafka,2025-06,155,894,0.17337807606263983,0.05381944444444445,0.9511025886864815
snowflake,kubernetes,2024-01,100,520,0.19230769230769232,0.034722222222222224,0.9699582379092012
snowflake,kubernetes,2024-02,115,542,0.21217712177121772,0.03993055555555555,1.1130603109309782
snowflake,kubernetes,2024-03,119,564,0.21099290780141844,0.04131944444444444,1.100832562442183
snowflake,kubernetes,2024-04,101,586,0.17235494880546076,0.035069444444444445,0.9124673760289099
snowflake,kubernetes,2024-05,105,608,0.17269736842105263,0.036458333333333336,0.9126026074360213
snowflake,kubernetes,2024-06,122,630,0.19365079365079366,0.04236111111111111,1.046368265880461
snowflake,kubernetes,2024-07,117,652,0.1794478527607362,0.040625,1.009394171779141
snowflake,kubernetes,2024-08,123,674,0.1824925816023739,0.042708333333333334,0.9521352083602115
snowflake,kubernetes,2024-09,126,696,0.1810344827586207,0.04375,1.0065237651444547
snowflake,kubernetes,2024-10,127,718,0.17688022284122562,0.044097222222222225,0.9853289009337133
snowflake,kubernetes,2024-11,139,740,0.18783783783783783,0.04826388888888889,1.0284657280855
snowflake,kubernetes,2024-12,157,762,0.20603674540682415,0.05451388888888889,1.0178144541537797
snowflake,kubernetes,2025-01,147,784,0.1875,0.051041666666666666,1.0285714285714287
snowflake,kubernetes,2025-02,165,806,0.20471464019851116,0.057291666666666664,1.0547015452087873
snowflake,kubernetes,2025-03,152,828,0.18357487922705315,0.05277777777777778,0.9718670076726343
snowflake,kubernetes,2025-04,174,850,0.20470588235294118,0.06041666666666667,1.0660993511328583
snowflake,kubernetes,2025-05,173,872,0.19839449541284404,0.060069444444444446,1.0600670626882946
snowflake,kubernetes,2025-06,138,894,0.15436241610738255,0.04791666666666667,0.8768515944561375
snowflake,powerbi,2024-01,90,520,0.17307692307692307,0.03125,0.9422713392467645
snowflake,powerbi,2024-02,109,542,0.2011070110701107,0.03784722222222222,1.0990288271004152
snowflake,powerbi,2024-03,106,564,0.1879432624113475,0.03680555555555556,0.9770335663261386
snowflake,powerbi,2024-04,103,586,0.1757679180887372,0.03576388888888889,0.9254325486207736
snowflake,powerbi,2024-05,104,608,0.17105263157894737,0.03611111111111111,0.8781311567689277
snowflake,powerbi,2024-06,131,630,0.20793650793650795,0.04548611111111111,1.0307351856405214
snowflake,powerbi,2024-07,123,652,0.18865030674846625,0.042708333333333334,0.9789421323163654
snowflake,powerbi,2024-08,125,674,0.18545994065281898,0.043402777777777776,0.9693731925229014
snowflake,powerbi,2024-09,147,696,0.21120689655172414,0.051041666666666666,1.1202133739759954
snowflake,powerbi,2024-10,144,718,0.20055710306406685,0.05,1.121562052086432
snowflake,powerbi,2024-11,145,740,0.19594594594594594,0.050347222222222224,1.0168005843681518
snowflake,powerbi,2024-12,146,762,0.19160104986876642,0.050694444444444445,1.014358499305234
snowflake,powerbi,2025-01,142,784,0.18112244897959184,0.049305555555555554,1.0228091236494599
snowflake,powerbi,2025-02,152,806,0.18858560794044665,0.05277777777777778,1.003930777945446
snowflake,powerbi,2025-03,154,828,0.1859903381642512,0.05347222222222222,1.018350140519094
snowflake,powerbi,2025-04,148,850,0.17411764705882352,0.05138888888888889,0.9355575065847234
snowflake,powerbi,2025-05,186,872,0.21330275229357798,0.06458333333333334,1.050105857445307
snowflake,powerbi,2025-06,157,894,0.1756152125279642,0.05451388888888889,1.0095245750110518
snowflake,python,2024-01,99,520,0.19038461538461537,0.034375,1.0325945241199477
snowflake,python,2024-02,120,542,0.22140221402214022,0.041666666666666664,1.1245826743981726
snowflake,python,2024-03,115,564,0.20390070921985815,0.03993055555555555,1.0696430647599116
snowflake,python,2024-04,116,586,0.19795221843003413,0.04027777777777778,1.0346685827195976
snowflake,python,2024-05,112,608,0.18421052631578946,0.03888888888888889,0.97165991902834
snowflake,python,2024-06,121,630,0.19206349206349208,0.04201388888888889,1.041700295937584
snowflake,python,2024-07,122,652,0.18711656441717792,0.04236111111111111,0.9851841051580849
snowflake,python,2024-08,125,674,0.18545994065281898,0.043402777777777776,1.0135192202658798
snowflake,python,2024-09,124,696,0.1781609195402299,0.043055555555555555,0.9754818408286352
snowflake,python,2024-10,150,718,0.20891364902506965,0.052083333333333336,1.066793101404611
snowflake,python,2024-11,125,740,0.16891891891891891,0.043402777777777776,0.9409796643839197
snowflake,python,2024-12,153,762,0.20078740157480315,0.053125,1.0571621874505175
snowflake,python,2025-01,147,784,0.1875,0.051041666666666666,1.0821643286573146
snowflake,python,2025-02,155,806,0.19230769230769232,0.05381944444444445,0.9907802394385579
snowflake,python,2025-03,153,828,0.18478260869565216,0.053125,0.9928617780661907
snowflake,python,2025-04,153,850,0.18,0.053125,0.9529411764705882
snowflake,python,2025-05,157,872,0.18004587155963303,0.05451388888888889,0.954939429266562
snowflake,python,2025-06,162,894,0.18120805369127516,0.05625,0.9269612693265941
snowflake,scala,2024-01,101,520,0.19423076923076923,0.035069444444444445,1.006087437742114
snowflake,scala,2024-02,101,542,0.1863468634686347,0.035069444444444445,0.9722445050537462
snowflake,scala,2024-03,105,564,0.18617021276595744,0.036458333333333336,0.9713228492136909
snowflake,scala,2024-04,104,586,0.17747440273037543,0.03611111111111111,0.95359380571545
snowflake,scala,2024-05,116,608,0.19078947368421054,0.04027777777777778,0.9882620219613782
snowflake,scala,2024-06,133,630,0.2111111111111111,0.04618055555555556,1.1197053406998159
snowflake,scala,2024-07,115,652,0.17638036809815952,0.03993055555555555,0.9459505775096824
snowflake,scala,2024-08,123,674,0.1824925816023739,0.042708333333333334,1.003012662242055
snowflake,scala,2024-09,151,696,0.21695402298850575,0.05243055555555556,1.1019886881955847
snowflake,scala,2024-10,145,718,0.201949860724234,0.050347222222222224,1.0079993048280655
snowflake,scala,2024-11,150,740,0.20270270270270271,0.052083333333333336,1.0296010296010296
snowflake,scala,2024-12,135,762,0.17716535433070865,0.046875,0.9396615478313829
snowflake,scala,2025-01,156,784,0.1989795918367347,0.05416666666666667,1.0071374771349666
snowflake,scala,2025-02,146,806,0.18114143920595532,0.050694444444444445,0.9678800462210599
snowflake,scala,2025-03,150,828,0.18115942028985507,0.052083333333333336,0.9825595676737902
snowflake,scala,2025-04,159,850,0.18705882352941178,0.05520833333333333,0.9689377909437157
snowflake,scala,2025-05,142,872,0.1628440366972477,0.049305555555555554,0.9177902655343901
snowflake,scala,2025-06,172,894,0.19239373601789708,0.059722222222222225,1.0494203782794387
snowflake,spark,2024-01,109,520,0.20961538461538462,0.03784722222222222,1.132630971280127
snowflake,spark,2024-02,97,542,0.17896678966789667,0.033680555555555554,0.93205127349646
snowflake,spark,2024-03,117,564,0.2074468085106383,0.040625,1.0574279796648465
snowflake,spark,2024-04,116,586,0.19795221843003413,0.04027777777777778,1.0441435697408394
snowflake,spark,2024-05,104,608,0.17105263157894737,0.03611111111111111,0.9455500555611679
snowflake,spark,2024-06,117,630,0.18571428571428572,0.040625,1.0740103270223753
snowflake,spark,2024-07,110,652,0.1687116564417178,0.03819444444444445,0.8948242551604921
snowflake,spark,2024-08,131,674,0.1943620178041543,0.04548611111111111,0.9820396689052007
snowflake,spark,2024-09,121,696,0.17385057471264367,0.04201388888888889,0.9203853955375254
snowflake,spark,2024-10,159,718,0.2214484679665738,0.05520833333333333,1.1111003270796733
snowflake,spark,2024-11,151,740,0.20405405405405405,0.05243055555555556,1.0512981675772373
snowflake,spark,2024-12,126,762,0.16535433070866143,0.04375,0.9467603825863716
snowflake,spark,2025-01,132,784,0.1683673469387755,0.04583333333333333,0.8962993700252744
snowflake,spark,2025-02,134,806,0.1662531017369727,0.04652777777777778,0.9085558500995852
snowflake,spark,2025-03,158,828,0.19082125603864733,0.05486111111111111,0.9884266499843603
snowflake,spark,2025-04,171,850,0.2011764705882353,0.059375,1.0870323363867123
snowflake,spark,2025-05,160,872,0.1834862385321101,0.05555555555555555,0.9840602736917636
snowflake,spark,2025-06,173,894,0.1935123042505593,0.060069444444444446,1.011461771763359
snowflake,sql,2024-01,100,520,0.19230769230769232,0.034722222222222224,1.021856372409878
snowflake,sql,2024-02,94,542,0.17343173431734318,0.03263888888888889,0.9301366756684327
snowflake,sql,2024-03,106,564,0.1879432624113475,0.03680555555555556,1.0349456897603841
snowflake,sql,2024-04,114,586,0.1945392491467577,0.03958333333333333,1.0816081805842899
snowflake,sql,2024-05,124,608,0.20394736842105263,0.043055555555555555,1.0621490434948129
snowflake,sql,2024-06,114,630,0.18095238095238095,0.03958333333333333,0.9322770253002811
snowflake,sql,2024-07,139,652,0.21319018404907975,0.04826388888888889,1.0925048577604086
snowflake,sql,2024-08,128,674,0.18991097922848665,0.044444444444444446,1.0682492581602374
snowflake,sql,2024-09,117,696,0.16810344827586207,0.040625,0.8538587848932677
snowflake,sql,2024-10,130,718,0.181058495821727,0.04513888888888889,0.9857248921863397
snowflake,sql,2024-11,126,740,0.17027027027027028,0.04375,0.9634152816864016
snowflake,sql,2024-12,131,762,0.17191601049868765,0.04548611111111111,0.9202938851974357
snowflake,sql,2025-01,132,784,0.1683673469387755,0.04583333333333333,0.9114623292926192
snowflake,sql,2025-02,159,806,0.19727047146401985,0.05520833333333333,1.0236737978673462
snowflake,sql,2025-03,140,828,0.16908212560386474,0.04861111111111111,0.92401617028298
snowflake,sql,2025-04,172,850,0.2023529411764706,0.059722222222222225,1.0538453356025954
snowflake,sql,2025-05,163,872,0.18692660550458715,0.05659722222222222,1.0043817609201697
snowflake,sql,2025-06,166,894,0.18568232662192394,0.05763888888888889,0.9776327251757605
snowflake,tableau,2024-01,108,520,0.2076923076923077,0.0375,1.105644817289919
snowflake,tableau,2024-02,110,542,0.2029520295202952,0.03819444444444445,1.0363507890398054
snowflake,tableau,2024-03,107,564,0.18971631205673758,0.03715277777777778,1.0062301633948514
snowflake,tableau,2024-04,110,586,0.18771331058020477,0.03819444444444445,1.01238639414043
snowflake,tableau,2024-05,108,608,0.17763157894736842,0.0375,0.9404024767801857
snowflake,tableau,2024-06,113,630,0.17936507936507937,0.03923611111111111,1.029026750142288
snowflake,tableau,2024-07,124,652,0.1901840490797546,0.043055555555555555,0.9815950920245399
snowflake,tableau,2024-08,143,674,0.21216617210682492,0.049652777777777775,1.0834017299071912
snowflake,tableau,2024-09,121,696,0.17385057471264367,0.04201388888888889,0.9875535604978575
snowflake,tableau,2024-10,133,718,0.18523676880222842,0.04618055555555556,0.9879294336118849
snowflake,tableau,2024-11,139,740,0.18783783783783783,0.04826388888888889,1.0073984599124264
snowflake,tableau,2024-12,142,762,0.18635170603674542,0.049305555555555554,0.9618152569638473
snowflake,tableau,2025-01,133,784,0.16964285714285715,0.04618055555555556,0.9505280711506393
snowflake,tableau,2025-02,142,806,0.1761786600496278,0.049305555555555554,0.9555452748454388
snowflake,tableau,2025-03,150,828,0.18115942028985507,0.052083333333333336,0.9366950277105612
snowflake,tableau,2025-04,176,850,0.20705882352941177,0.06111111111111111,1.0629757785467129
snowflake,tableau,2025-05,162,872,0.18577981651376146,0.05625,1.023032259196239
snowflake,tableau,2025-06,170,894,0.19015659955257272,0.059027777777777776,0.9903273177421508
snowflake,terraform,2024-01,93,520,0.17884615384615385,0.03229166666666667,1.0342910101946248
snowflake,terraform,2024-02,94,542,0.17343173431734318,0.03263888888888889,0.8762866576034183
snowflake,terraform,2024-03,102,564,0.18085106382978725,0.035416666666666666,0.9487268922218348
snowflake,terraform,2024-04,123,586,0.2098976109215017,0.042708333333333334,1.0756318851493325
snowflake,terraform,2024-05,120,608,0.19736842105263158,0.041666666666666664,1.10803324099723
snowflake,terraform,2024-06,124,630,0.19682539682539682,0.043055555555555555,0.9773399014778325
snowflake,terraform,2024-07,131,652,0.200920245398773,0.04548611111111111,1.0241598349530376
snowflake,terraform,2024-08,128,674,0.18991097922848665,0.044444444444444446,1.012858555885262
snowflake,terraform,2024-09,132,696,0.1896551724137931,0.04583333333333333,1.0209474701901384
snowflake,terraform,2024-10,138,718,0.19220055710306408,0.04791666666666667,0.986698047160115
snowflake,terraform,2024-11,134,740,0.1810810810810811,0.04652777777777778,0.951666995462616
snowflake,terraform,2024-12,127,762,0.16666666666666666,0.044097222222222225,0.9005628517823638
snowflake,terraform,2025-01,152,784,0.19387755102040816,0.05277777777777778,1.043677283997711
snowflake,terraform,2025-02,156,806,0.1935483870967742,0.05416666666666667,1.026554981286758
snowflake,terraform,2025-03,150,828,0.18115942028985507,0.052083333333333336,0.9590792838874681
snowflake,terraform,2025-04,148,850,0.17411764705882352,0.05138888888888889,0.966201972118327
snowflake,terraform,2025-05,170,872,0.19495412844036697,0.059027777777777776,1.013479945682774
snowflake,terraform,2025-06,154,894,0.17225950782997762,0.05347222222222222,0.9540526587506453
spark,airflow,2024-01,82,533,0.15384615384615385,0.02847222222222222,0.8266360505166476
spark,airflow,2024-02,75,553,0.13562386980108498,0.026041666666666668,0.7584402816060675
spark,airflow,2024-03,76,565,0.13451327433628318,0.02638888888888889,0.7309400567707464
spark,airflow,2024-04,86,546,0.1575091575091575,0.029861111111111113,0.8723584108199492
spark,airflow,2024-05,79,521,0.15163147792706333,0.027430555555555555,0.8529270633397312
spark,airflow,2024-06,73,498,0.1465863453815261,0.025347222222222222,0.7746214214656792
spark,airflow,2024-07,85,543,0.15653775322283608,0.029513888888888888,0.830255486706755
spark,airflow,2024-08,66,570,0.11578947368421053,0.022916666666666665,0.6682839362936399
spark,airflow,2024-09,75,544,0.13786764705882354,0.026041666666666668,0.7563025210084034
spark,airflow,2024-10,73,574,0.12717770034843207,0.025347222222222222,0.6448446778230359
spark,airflow,2024-11,77,559,0.13774597495527727,0.02673611111111111,0.747096813316758
spark,airflow,2024-12,72,503,0.14314115308151093,0.025,0.7662574737448912
spark,airflow,2025-01,91,541,0.16820702402957485,0.03159722222222222,0.8469164846244329
spark,airflow,2025-02,64,527,0.12144212523719165,0.022222222222222223,0.6844487684601016
spark,airflow,2025-03,89,556,0.16007194244604317,0.03090277777777778,0.8458847600818429
spark,airflow,2025-04,88,533,0.1651031894934334,0.030555555555555555,0.8971645013982795
spark,airflow,2025-05,80,537,0.148975791433892,0.027777777777777776,0.7716731642618866
spark,airflow,2025-06,84,551,0.15245009074410162,0.029166666666666667,0.8130671506352086
spark,aws,2024-01,76,533,0.1425891181988743,0.02638888888888889,0.7912459738203429
spark,aws,2024-02,97,553,0.17540687160940324,0.033680555555555554,0.8909555383334768
spark,aws,2024-03,80,565,0.1415929203539823,0.027777777777777776,0.7812023191943851
spark,aws,2024-04,87,546,0.15934065934065933,0.030208333333333334,0.8691308691308691
spark,aws,2024-05,78,521,0.14971209213051823,0.027083333333333334,0.8212777625445572
spark,aws,2024-06,75,498,0.15060240963855423,0.026041666666666668,0.8230264511556664
spark,aws,2024-07,86,543,0.15837937384898712,0.029861111111111113,0.8738172350288945
spark,aws,2024-08,80,570,0.14035087719298245,0.027777777777777776,0.7833537331701346
spark,aws,2024-09,83,544,0.15257352941176472,0.028819444444444446,0.8337984150016744
spark,aws,2024-10,80,574,0.13937282229965156,0.027777777777777776,0.7365022536201771
spark,aws,2024-11,83,559,0.148479427549195,0.028819444444444446,0.8816922708075908
spark,aws,2024-12,88,503,0.1749502982107356,0.030555555555555555,0.8824113114657067
spark,aws,2025-01,86,541,0.1589648798521257,0.029861111111111113,0.8573386778541611
spark,aws,2025-02,74,527,0.14041745730550284,0.025694444444444443,0.76736674960123
spark,aws,2025-03,91,556,0.16366906474820145,0.03159722222222222,0.8978417266187051
spark,aws,2025-04,70,533,0.13133208255159476,0.024305555555555556,0.6991430642303011
spark,aws,2025-05,81,537,0.15083798882681565,0.028125,0.7869808112703425
spark,aws,2025-06,76,551,0.13793103448275862,0.02638888888888889,0.7481005260081823
spark,azure,2024-01,80,533,0.150093808630394,0.027777777777777776,0.7845193627142192
spark,azure,2024-02,74,553,0.13381555153707053,0.025694444444444443,0.7497836350715236
spark,azure,2024-03,89,565,0.15752212389380532,0.03090277777777778,0.8479695641386156
spark,azure,2024-04,86,546,0.1575091575091575,0.029861111111111113,0.8217869087434304
spark,azure,2024-05,83,521,0.15930902111324377,0.028819444444444446,0.8341999651020765
spark,azure,2024-06,71,498,0.142570281124498,0.024652777777777777,0.7957411039506864
spark,azure,2024-07,90,543,0.16574585635359115,0.03125,0.9006567288647972
spark,azure,2024-08,103,570,0.18070175438596492,0.03576388888888889,0.9130193905817175
spark,azure,2024-09,92,544,0.16911764705882354,0.03194444444444444,0.8605279567657452
spark,azure,2024-10,87,574,0.15156794425087108,0.030208333333333334,0.8205181944408059
spark,azure,2024-11,81,559,0.1449016100178891,0.028125,0.7601395935364674
spark,azure,2024-12,78,503,0.1550695825049702,0.027083333333333334,0.8474390846571427
spark,azure,2025-01,87,541,0.16081330868761554,0.030208333333333334,0.8390259583701679
spark,azure,2025-02,86,527,0.16318785578747627,0.029861111111111113,0.774268574411749
spark,azure,2025-03,87,556,0.1564748201438849,0.030208333333333334,0.8193590582079792
spark,azure,2025-04,72,533,0.1350844277673546,0.025,0.7673434950098249
spark,azure,2025-05,74,537,0.1378026070763501,0.025694444444444443,0.8050132015819235
spark,azure,2025-06,89,551,0.16152450090744103,0.03090277777777778,0.8336748433932439
spark,databricks,2024-01,73,533,0.13696060037523453,0.025347222222222222,0.9861163227016886
spark,databricks,2024-02,82,553,0.14828209764918626,0.02847222222222222,1.021656557965685
spark,databricks,2024-03,94,565,0.1663716814159292,0.03263888888888889,1.098968904765771
spark,databricks,2024-04,87,546,0.15934065934065933,0.030208333333333334,1.010795372028852
spark,databricks,2024-05,88,521,0.1689059500959693,0.030555555555555555,1.0306125768567618
spark,databricks,2024-06,95,498,0.19076305220883535,0.03298611111111111,1.121219572166216
spark,databricks,2024-07,119,543,0.21915285451197053,0.04131944444444444,1.242441379910384
spark,databricks,2024-08,110,570,0.19298245614035087,0.03819444444444445,1.056633980388233
spark,databricks,2024-09,105,544,0.19301470588235295,0.036458333333333336,1.0218425605536332
spark,databricks,2024-10,114,574,0.1986062717770035,0.03958333333333333,1.0177687948714769
spark,databricks,2024-11,114,559,0.2039355992844365,0.03958333333333333,1.0126457343778916
spark,databricks,2024-12,99,503,0.19681908548707752,0.034375,0.9478912478307412
spark,databricks,2025-01,111,541,0.20517560073937152,0.03854166666666667,0.9592625489113474
spark,databricks,2025-02,126,527,0.23908918406072105,0.04375,1.0860833597710988
spark,databricks,2025-03,151,556,0.2715827338129496,0.05243055555555556,1.1996292536522928
spark,databricks,2025-04,127,533,0.23827392120075047,0.044097222222222225,1.0242222284450169
spark,databricks,2025-05,129,537,0.24022346368715083,0.04479166666666667,1.0055865921787708
spark,databricks,2025-06,133,551,0.2413793103448276,0.04618055555555556,0.9846634756276254
spark,dbt,2024-01,57,533,0.10694183864915573,0.019791666666666666,1.1845865204214172
spark,dbt,2024-02,50,553,0.09041591320072333,0.017361111111111112,0.9608776015427424
spark,dbt,2024-03,58,565,0.10265486725663717,0.02013888888888889,1.0483901336848052
spark,dbt,2024-04,57,546,0.1043956043956044,0.019791666666666666,1.02614109440048
spark,dbt,2024-05,54,521,0.1036468330134357,0.01875,0.9819173653904435
spark,dbt,2024-06,62,498,0.12449799196787148,0.021527777777777778,1.138267355134825
spark,dbt,2024-07,58,543,0.10681399631675875,0.02013888888888889,0.943632850896519
spark,dbt,2024-08,69,570,0.12105263157894737,0.023958333333333335,1.0345150710604405
spark,dbt,2024-09,61,544,0.11213235294117647,0.021180555555555557,0.9279918864097363
spark,dbt,2024-10,84,574,0.14634146341463414,0.029166666666666667,1.1739927984238059
spark,dbt,2024-11,74,559,0.13237924865831843,0.025694444444444443,1.0304114490161003
spark,dbt,2024-12,58,503,0.11530815109343936,0.02013888888888889,0.8716206696826913
spark,dbt,2025-01,58,541,0.10720887245841035,0.02013888888888889,0.787657022143423
spark,dbt,2025-02,65,527,0.12333965844402277,0.022569444444444444,0.8814347799473587
spark,dbt,2025-03,80,556,0.14388489208633093,0.027777777777777776,1.0009383797309979
spark,dbt,2025-04,85,533,0.15947467166979362,0.029513888888888888,1.0806754221388368
spark,dbt,2025-05,84,537,0.1564245810055866,0.029166666666666667,1.0332632873763519
spark,dbt,2025-06,83,551,0.15063520871143377,0.028819444444444446,0.970535572905882
spark,docker,2024-01,91,533,0.17073170731707318,0.03159722222222222,0.8972761260459321
spark,docker,2024-02,80,553,0.14466546112115733,0.027777777777777776,0.8332730560578663
spark,docker,2024-03,90,565,0.1592920353982301,0.03125,0.7923334403228025
spark,docker,2024-04,83,546,0.152014652014652,0.028819444444444446,0.7931199235547061
spark,docker,2024-05,62,521,0.11900191938579655,0.021527777777777778,0.6603574717362121
spark,docker,2024-06,70,498,0.14056224899598393,0.024305555555555556,0.7830160098809164
spark,docker,2024-07,76,543,0.13996316758747698,0.02638888888888889,0.7520409004700256
spark,docker,2024-08,85,570,0.14912280701754385,0.029513888888888888,0.8275022817158503
spark,docker,2024-09,87,544,0.15992647058823528,0.030208333333333334,0.8513645754050233
spark,docker,2024-10,84,574,0.14634146341463414,0.029166666666666667,0.7553107789142407
spark,docker,2024-11,86,559,0.15384615384615385,0.029861111111111113,0.7897984368572605
spark,docker,2024-12,65,503,0.12922465208747516,0.022569444444444444,0.744333996023857
spark,docker,2025-01,93,541,0.17190388170055454,0.03229166666666667,0.8419781960843488
spark,docker,2025-02,82,527,0.1555977229601518,0.02847222222222222,0.8313941412342063
spark,docker,2025-03,64,556,0.11510791366906475,0.022222222222222223,0.6375207526286664
spark,docker,2025-04,72,533,0.1350844277673546,0.025,0.7643283928683325
spark,docker,2025-05,89,537,0.16573556797020483,0.03090277777777778,0.8315652190839545
spark,docker,2025-06,98,551,0.17785843920145192,0.034027777777777775,0.9212811239211898
spark,gcp,2024-01,70,533,0.13133208255159476,0.024305555555555556,0.6965679516548673
spark,gcp,2024-02,84,553,0.1518987341772152,0.029166666666666667,0.8012240923633329
spark,gcp,2024-03,75,565,0.13274336283185842,0.026041666666666668,0.6950925181013677
spark,gcp,2024-04,71,546,0.13003663003663005,0.024652777777777777,0.6784519827998089
spark,gcp,2024-05,71,521,0.1362763915547025,0.024652777777777777,0.7254639698291002
spark,gcp,2024-06,85,498,0.1706827309236948,0.029513888888888888,0.9086252588913882
spark,gcp,2024-07,68,543,0.1252302025782689,0.02361111111111111,0.7213259668508288
spark,gcp,2024-08,80,570,0.14035087719298245,0.027777777777777776,0.7141528733494513
spark,gcp,2024-09,65,544,0.11948529411764706,0.022569444444444444,0.6372549019607844
spark,gcp,2024-10,84,574,0.14634146341463414,0.029166666666666667,0.8429268292682927
spark,gcp,2024-11,86,559,0.15384615384615385,0.029861111111111113,0.8100126564477571
spark,gcp,2024-12,68,503,0.13518886679920478,0.02361111111111111,0.7304764284835079
spark,gcp,2025-01,76,541,0.14048059149722736,0.02638888888888889,0.7520150622899903
spark,gcp,2025-02,71,527,0.1347248576850095,0.024652777777777777,0.749049401800825
spark,gcp,2025-03,70,556,0.12589928057553956,0.024305555555555556,0.6790073559130223
spark,gcp,2025-04,77,533,0.14446529080675422,0.02673611111111111,0.7970498803131267
spark,gcp,2025-05,77,537,0.14338919925512103,0.02673611111111111,0.8129151453833633
spark,gcp,2025-06,88,551,0.15970961887477314,0.030555555555555555,0.8408842821925899
spark,hadoop,2024-01,156,533,0.2926829268292683,0.05416666666666667,0.9801474758933636
spark,hadoop,2024-02,172,553,0.31103074141048825,0.059722222222222225,1.089742743627988
spark,hadoop,2024-03,143,565,0.25309734513274335,0.049652777777777775,0.9297453494672205
spark,hadoop,2024-04,143,546,0.2619047619047619,0.049652777777777775,1.011106855610877
spark,hadoop,2024-05,116,521,0.22264875239923224,0.04027777777777778,0.9056898402680634
spark,hadoop,2024-06,95,498,0.19076305220883535,0.03298611111111111,0.819996403524546
spark,hadoop,2024-07,126,543,0.23204419889502761,0.04375,1.0574166025596194
spark,hadoop,2024-08,114,570,0.2,0.03958333333333333,0.9696969696969698
spark,hadoop,2024-09,125,544,0.22977941176470587,0.043402777777777776,1.190224291155311
spark,hadoop,2024-10,105,574,0.18292682926829268,0.036458333333333336,1.017044919483944
spark,hadoop,2024-11,77,559,0.13774597495527727,0.02673611111111111,0.8264758497316637
spark,hadoop,2024-12,76,503,0.15109343936381708,0.02638888888888889,0.9845002383886723
spark,hadoop,2025-01,74,541,0.1367837338262477,0.025694444444444443,0.9750919639098846
spark,hadoop,2025-02,70,527,0.13282732447817835,0.024305555555555556,1.0451986188446822
spark,hadoop,2025-03,61,556,0.10971223021582734,0.021180555555555557,0.9633268994560449
spark,hadoop,2025-04,43,533,0.08067542213883677,0.014930555555555556,0.8011903991718962
spark,hadoop,2025-05,57,537,0.10614525139664804,0.019791666666666666,1.2130885873902635
spark,hadoop,2025-06,38,551,0.06896551724137931,0.013194444444444444,0.9281340638092169
spark,hive,2024-01,81,533,0.15196998123827393,0.028125,0.7843611934878655
spark,hive,2024-02,76,553,0.13743218806509946,0.02638888888888889,0.7853267889434256
spark,hive,2024-03,64,565,0.11327433628318584,0.022222222222222223,0.6644197321702142
spark,hive,2024-04,84,546,0.15384615384615385,0.029166666666666667,0.7983367983367984
spark,hive,2024-05,74,521,0.1420345489443378,0.025694444444444443,0.7732693779956387
spark,hive,2024-06,78,498,0.1566265060240964,0.027083333333333334,0.7763930074860543
spark,hive,2024-07,83,543,0.15285451197053407,0.028819444444444446,0.8107200634901255
spark,hive,2024-08,108,570,0.18947368421052632,0.0375,1.0030959752321982
spark,hive,2024-09,74,544,0.13602941176470587,0.025694444444444443,0.7490720953773479
spark,hive,2024-10,89,574,0.15505226480836237,0.03090277777777778,0.8538250911053225
spark,hive,2024-11,80,559,0.14311270125223613,0.027777777777777776,0.7604512538864208
spark,hive,2024-12,72,503,0.14314115308151093,0.025,0.7634194831013916
spark,hive,2025-01,95,541,0.1756007393715342,0.03298611111111111,0.9279451915413184
spark,hive,2025-02,59,527,0.11195445920303605,0.02048611111111111,0.5809528693779168
spark,hive,2025-03,88,556,0.15827338129496402,0.030555555555555555,0.8488404806880752
spark,hive,2025-04,88,533,0.1651031894934334,0.030555555555555555,0.8598502454630889
spark,hive,2025-05,84,537,0.1564245810055866,0.029166666666666667,0.8468097618347544
spark,hive,2025-06,73,551,0.132486388384755,0.025347222222222222,0.7240242856700083
spark,java,2024-01,82,533,0.15384615384615385,0.02847222222222222,0.8570153251004315
spark,java,2024-02,94,553,0.16998191681735986,0.03263888888888889,0.9082521714916445
spark,java,2024-03,86,565,0.15221238938053097,0.029861111111111113,0.8365871782746741
spark,java,2024-04,73,546,0.1336996336996337,0.025347222222222222,0.7874334254702352
spark,java,2024-05,77,521,0.14779270633397312,0.02673611111111111,0.7480544714267884
spark,java,2024-06,71,498,0.142570281124498,0.024652777777777777,0.7896200185356812
spark,java,2024-07,75,543,0.13812154696132597,0.026041666666666668,0.7141652697461738
spark,java,2024-08,79,570,0.13859649122807016,0.027430555555555555,0.6870187516985233
spark,java,2024-09,92,544,0.16911764705882354,0.03194444444444444,0.8839543076758836
spark,java,2024-10,96,574,0.1672473867595819,0.03333333333333333,0.893640953372163
spark,java,2024-11,78,559,0.13953488372093023,0.027083333333333334,0.7497396737244012
spark,java,2024-12,69,503,0.13717693836978131,0.023958333333333335,0.7482378456533527
spark,java,2025-01,73,541,0.13493530499075784,0.025347222222222222,0.7236753787213829
spark,java,2025-02,83,527,0.15749525616698293,0.028819444444444446,0.8964156872745274
spark,java,2025-03,83,556,0.14928057553956833,0.028819444444444446,0.8315823163519473
spark,java,2025-04,86,533,0.16135084427767354,0.029861111111111113,0.8210078295401056
spark,java,2025-05,84,537,0.1564245810055866,0.029166666666666667,0.8548440100495055
spark,java,2025-06,71,551,0.12885662431941924,0.024652777777777777,0.7512289029148328
spark,kafka,2024-01,70,533,0.13133208255159476,0.024305555555555556,0.7330162747065754
spark,kafka,2024-02,61,553,0.11030741410488246,0.021180555555555557,0.6109333704270413
spark,kafka,2024-03,81,565,0.1433628318584071,0.028125,0.7631884579523335
spark,kafka,2024-04,72,546,0.13186813186813187,0.025,0.7179210203784873
spark,kafka,2024-05,77,521,0.14779270633397312,0.02673611111111111,0.803099989135552
spark,kafka,2024-06,65,498,0.13052208835341367,0.022569444444444444,0.7105928439656547
spark,kafka,2024-07,87,543,0.16022099447513813,0.030208333333333334,0.8722806504506574
spark,kafka,2024-08,91,570,0.15964912280701754,0.03159722222222222,0.8269594850435441
spark,kafka,2024-09,99,544,0.18198529411764705,0.034375,0.9512117006512224
spark,kafka,2024-10,92,574,0.1602787456445993,0.03194444444444444,0.851665659513738
spark,kafka,2024-11,89,559,0.1592128801431127,0.03090277777777778,0.8475657944771988
spark,kafka,2024-12,79,503,0.15705765407554673,0.027430555555555555,0.8120754824732038
spark,kafka,2025-01,85,541,0.15711645101663585,0.029513888888888888,0.8257214943939987
spark,kafka,2025-02,82,527,0.1555977229601518,0.02847222222222222,0.7806993765248035
spark,kafka,2025-03,89,556,0.16007194244604317,0.03090277777777778,0.8145003431883469
spark,kafka,2025-04,78,533,0.14634146341463414,0.027083333333333334,0.8120682362892993
spark,kafka,2025-05,90,537,0.16759776536312848,0.03125,0.888916324577919
spark,kafka,2025-06,85,551,0.1542649727767695,0.029513888888888888,0.8462535649468499
spark,kubernetes,2024-01,100,533,0.18761726078799248,0.034722222222222224,0.9463007199114157
spark,kubernetes,2024-02,93,553,0.16817359855334538,0.03229166666666667,0.8822221563454185
spark,kubernetes,2024-03,97,565,0.17168141592920355,0.033680555555555554,0.8957291265871489
spark,kubernetes,2024-04,84,546,0.15384615384615385,0.029166666666666667,0.8144796380090499
spark,kubernetes,2024-05,71,521,0.1362763915547025,0.024652777777777777,0.7201394636285197
spark,kubernetes,2024-06,68,498,0.13654618473895583,0.02361111111111111,0.7378105291710934
spark,kubernetes,2024-07,72,543,0.13259668508287292,0.025,0.7458563535911602
spark,kubernetes,2024-08,92,570,0.16140350877192983,0.03194444444444444,0.8421052631578947
spark,kubernetes,2024-09,67,544,0.12316176470588236,0.02326388888888889,0.6847603906427436
spark,kubernetes,2024-10,86,574,0.14982578397212543,0.029861111111111113,0.8346194542354376
spark,kubernetes,2024-11,71,559,0.12701252236135957,0.024652777777777777,0.6954297802294973
spark,kubernetes,2024-12,76,503,0.15109343936381708,0.02638888888888889,0.7463964071488735
spark,kubernetes,2025-01,77,541,0.1423290203327172,0.02673611111111111,0.7807763401109058
spark,kubernetes,2025-02,84,527,0.15939278937381404,0.029166666666666667,0.8212007753069489
spark,kubernetes,2025-03,99,556,0.17805755395683454,0.034375,0.9426576385950064
spark,kubernetes,2025-04,79,533,0.14821763602251406,0.027430555555555555,0.7719110158134548
spark,kubernetes,2025-05,94,537,0.1750465549348231,0.03263888888888889,0.9353136887055483
spark,kubernetes,2025-06,79,551,0.14337568058076225,0.027430555555555555,0.8144417358433831
spark,powerbi,2024-01,86,533,0.16135084427767354,0.029861111111111113,0.8784318176175799
spark,powerbi,2024-02,79,553,0.14285714285714285,0.027430555555555555,0.7806993765248035
spark,powerbi,2024-03,89,565,0.15752212389380532,0.03090277777777778,0.8188875754768219
spark,powerbi,2024-04,74,546,0.13553113553113552,0.025694444444444443,0.7135825782992145
spark,powerbi,2024-05,68,521,0.13051823416506717,0.02361111111111111,0.6700401326121095
spark,powerbi,2024-06,81,498,0.16265060240963855,0.028125,0.8062542770047487
spark,powerbi,2024-07,94,543,0.1731123388581952,0.03263888888888889,0.8983126773182022
spark,powerbi,2024-08,74,570,0.12982456140350876,0.025694444444444443,0.6785748400038207
spark,powerbi,2024-09,79,544,0.14522058823529413,0.027430555555555555,0.7702307442313943
spark,powerbi,2024-10,76,574,0.13240418118466898,0.02638888888888889,0.7404350326443625
spark,powerbi,2024-11,91,559,0.16279069767441862,0.03159722222222222,0.8447517284726587
spark,powerbi,2024-12,82,503,0.16302186878727634,0.02847222222222222,0.8630569524032277
spark,powerbi,2025-01,69,541,0.12754158964879853,0.023958333333333335,0.7202348591932152
spark,powerbi,2025-02,69,527,0.13092979127134724,0.023958333333333335,0.6970014766385952
spark,powerbi,2025-03,75,556,0.13489208633093525,0.026041666666666668,0.7385726399868698
spark,powerbi,2025-04,90,533,0.16885553470919323,0.03125,0.9072834700792471
spark,powerbi,2025-05,87,537,0.16201117318435754,0.030208333333333334,0.7975934679845295
spark,powerbi,2025-06,60,551,0.1088929219600726,0.020833333333333332,0.6259712879141898
spark,python,2024-01,78,533,0.14634146341463414,0.027083333333333334,0.7937164117403885
spark,python,2024-02,84,553,0.1518987341772152,0.029166666666666667,0.7715491259795058
spark,python,2024-03,100,565,0.17699115044247787,0.034722222222222224,0.9284781662556217
spark,python,2024-04,83,546,0.152014652014652,0.028819444444444446,0.7945593426537165
spark,python,2024-05,97,521,0.18618042226487524,0.033680555555555554,0.9820505789795617
spark,python,2024-06,64,498,0.1285140562248996,0.022222222222222223,0.6970253896943706
spark,python,2024-07,75,543,0.13812154696132597,0.026041666666666668,0.7272213075843122
spark,python,2024-08,81,570,0.14210526315789473,0.028125,0.7765904324378309
spark,python,2024-09,80,544,0.14705882352941177,0.027777777777777776,0.8051889957503915
spark,python,2024-10,89,574,0.15505226480836237,0.03090277777777778,0.7917562458299355
spark,python,2024-11,80,559,0.14311270125223613,0.027777777777777776,0.7972235582329594
spark,python,2024-12,87,503,0.17296222664015903,0.030208333333333334,0.9106603523284424
spark,python,2025-01,81,541,0.14972273567467653,0.028125,0.8641312199259888
spark,python,2025-02,81,527,0.15370018975332067,0.028125,0.7918721761888435
spark,python,2025-03,80,556,0.14388489208633093,0.027777777777777776,0.773112853001181
spark,python,2025-04,80,533,0.150093808630394,0.027777777777777776,0.7946142809844389
spark,python,2025-05,80,537,0.148975791433892,0.027777777777777776,0.7901478440692614
spark,python,2025-06,90,551,0.16333938294010888,0.03125,0.8355549251643225
spark,scala,2024-01,87,533,0.16322701688555347,0.030208333333333334,0.8454924615654568
spark,scala,2024-02,71,553,0.12839059674502712,0.024652777777777777,0.6698639830175328
spark,scala,2024-03,77,565,0.13628318584070798,0.02673611111111111,0.7110427087341286
spark,scala,2024-04,84,546,0.15384615384615385,0.029166666666666667,0.8266360505166476
spark,scala,2024-05,84,521,0.16122840690978887,0.029166666666666667,0.8351399494607769
spark,scala,2024-06,75,498,0.15060240963855423,0.026041666666666668,0.7987752113426081
spark,scala,2024-07,82,543,0.15101289134438306,0.02847222222222222,0.8099015401709929
spark,scala,2024-08,80,570,0.14035087719298245,0.027777777777777776,0.7713941341904379
spark,scala,2024-09,89,544,0.1636029411764706,0.03090277777777778,0.830999066293184
spark,scala,2024-10,92,574,0.1602787456445993,0.03194444444444444,0.8000048309470467
spark,scala,2024-11,81,559,0.1449016100178891,0.028125,0.736008177868643
spark,scala,2024-12,85,503,0.16898608349900596,0.029513888888888888,0.8962797798842305
spark,scala,2025-01,83,541,0.1534195933456562,0.028819444444444446,0.7765350243154479
spark,scala,2025-02,70,527,0.13282732447817835,0.024305555555555556,0.7097267059316394
spark,scala,2025-03,75,556,0.13489208633093525,0.026041666666666668,0.7316180953542251
spark,scala,2025-04,84,533,0.1575984990619137,0.029166666666666667,0.8163375490976824
spark,scala,2025-05,79,537,0.14711359404096835,0.027430555555555555,0.8291333675890192
spark,scala,2025-06,81,551,0.147005444646098,0.028125,0.8018478798878073
spark,snowflake,2024-01,109,533,0.2045028142589118,0.03784722222222222,1.132630971280127
spark,snowflake,2024-02,97,553,0.17540687160940324,0.033680555555555554,0.93205127349646
spark,snowflake,2024-03,117,565,0.20707964601769913,0.040625,1.0574279796648467
spark,snowflake,2024-04,116,546,0.21245421245421245,0.04027777777777778,1.0441435697408394
spark,snowflake,2024-05,104,521,0.19961612284069097,0.03611111111111111,0.9455500555611678
spark,snowflake,2024-06,117,498,0.23493975903614459,0.040625,1.0740103270223753
spark,snowflake,2024-07,110,543,0.20257826887661143,0.03819444444444445,0.8948242551604922
spark,snowflake,2024-08,131,570,0.22982456140350876,0.04548611111111111,0.9820396689052007
spark,snowflake,2024-09,121,544,0.22242647058823528,0.04201388888888889,0.9203853955375253
spark,snowflake,2024-10,159,574,0.2770034843205575,0.05520833333333333,1.1111003270796735
spark,snowflake,2024-11,151,559,0.2701252236135957,0.05243055555555556,1.0512981675772375
spark,snowflake,2024-12,126,503,0.2504970178926441,0.04375,0.9467603825863714
spark,snowflake,2025-01,132,541,0.24399260628465805,0.04583333333333333,0.8962993700252745
spark,snowflake,2025-02,134,527,0.25426944971537,0.04652777777777778,0.9085558500995852
spark,snowflake,2025-03,158,556,0.2841726618705036,0.05486111111111111,0.9884266499843605
spark,snowflake,2025-04,171,533,0.32082551594746717,0.059375,1.0870323363867123
spark,snowflake,2025-05,160,537,0.297951582867784,0.05555555555555555,0.9840602736917637
spark,snowflake,2025-06,173,551,0.3139745916515426,0.060069444444444446,1.0114617717633587
spark,sql,2024-01,75,533,0.14071294559099437,0.026041666666666668,0.7476997846901546
spark,sql,2024-02,86,553,0.15551537070524413,0.029861111111111113,0.8340489155141584
spark,sql,2024-03,90,565,0.1592920353982301,0.03125,0.8771722025753397
spark,sql,2024-04,87,546,0.15934065934065933,0.030208333333333334,0.8859094573380287
spark,sql,2024-05,83,521,0.15930902111324377,0.028819444444444446,0.8296744680038735
spark,sql,2024-06,85,498,0.1706827309236948,0.029513888888888888,0.8793672004655474
spark,sql,2024-07,82,543,0.15101289134438306,0.02847222222222222,0.773873891586874
spark,sql,2024-08,82,570,0.14385964912280702,0.02847222222222222,0.8092105263157895
spark,sql,2024-09,90,544,0.16544117647058823,0.03125,0.8403361344537815
spark,sql,2024-10,89,574,0.15505226480836237,0.03090277777777778,0.8441408745710465
spark,sql,2024-11,81,559,0.1449016100178891,0.028125,0.819875514443066
spark,sql,2024-12,64,503,0.1272365805168986,0.022222222222222223,0.6811177544399033
spark,sql,2025-01,87,541,0.16081330868761554,0.030208333333333334,0.8705682876322044
spark,sql,2025-02,78,527,0.14800759013282733,0.027083333333333334,0.768039386635212
spark,sql,2025-03,82,556,0.1474820143884892,0.02847222222222222,0.8059738167720094
spark,sql,2025-04,79,533,0.14821763602251406,0.027430555555555555,0.7719110158134548
spark,sql,2025-05,80,537,0.148975791433892,0.027777777777777776,0.8004669390477779
spark,sql,2025-06,93,551,0.16878402903811252,0.03229166666666667,0.8886617982262597
spark,tableau,2024-01,81,533,0.15196998123827393,0.028125,0.8090084028950627
spark,tableau,2024-02,91,553,0.16455696202531644,0.03159722222222222,0.8402908699165095
spark,tableau,2024-03,87,565,0.15398230088495576,0.030208333333333334,0.8167017063511466
spark,tableau,2024-04,78,546,0.14285714285714285,0.027083333333333334,0.7704654895666131
spark,tableau,2024-05,82,521,0.15738963531669867,0.02847222222222222,0.8332392457942871
spark,tableau,2024-06,65,498,0.13052208835341367,0.022569444444444444,0.748811980991696
spark,tableau,2024-07,83,543,0.15285451197053407,0.028819444444444446,0.7889265133963048
spark,tableau,2024-08,88,570,0.1543859649122807,0.030555555555555555,0.788353863381859
spark,tableau,2024-09,74,544,0.13602941176470587,0.025694444444444443,0.7727114514444829
spark,tableau,2024-10,76,574,0.13240418118466898,0.02638888888888889,0.7061556329849012
spark,tableau,2024-11,82,559,0.14669051878354203,0.02847222222222222,0.7867201007385494
spark,tableau,2024-12,51,503,0.10139165009940358,0.017708333333333333,0.5233117424485346
spark,tableau,2025-01,74,541,0.1367837338262477,0.025694444444444443,0.7664146953688586
spark,tableau,2025-02,73,527,0.13851992409867173,0.025347222222222222,0.7512945035860161
spark,tableau,2025-03,82,556,0.1474820143884892,0.02847222222222222,0.7625640959404828
spark,tableau,2025-04,70,533,0.13133208255159476,0.024305555555555556,0.6742181778049784
spark,tableau,2025-05,75,537,0.13966480446927373,0.026041666666666668,0.7690910838843372
spark,tableau,2025-06,90,551,0.16333938294010888,0.03125,0.8506644174819413
spark,terraform,2024-01,66,533,0.12382739212007504,0.022916666666666665,0.7161102194895906
spark,terraform,2024-02,92,553,0.16636528028933092,0.03194444444444444,0.8405824688303036
spark,terraform,2024-03,78,565,0.13805309734513274,0.027083333333333334,0.7242129696793849
spark,terraform,2024-04,77,546,0.14102564102564102,0.02673611111111111,0.7226936764303312
spark,terraform,2024-05,74,521,0.1420345489443378,0.025694444444444443,0.7973869414418965
spark,terraform,2024-06,80,498,0.1606425702811245,0.027777777777777776,0.7976734524304113
spark,terraform,2024-07,88,543,0.16206261510128914,0.030555555555555555,0.8260890822862172
spark,terraform,2024-08,90,570,0.15789473684210525,0.03125,0.8421052631578947
spark,terraform,2024-09,79,544,0.14522058823529413,0.027430555555555555,0.7817482133040132
spark,terraform,2024-10,68,574,0.11846689895470383,0.02361111111111111,0.6081723154893887
spark,terraform,2024-11,88,559,0.15742397137745975,0.030555555555555555,0.8273376597939491
spark,terraform,2024-12,85,503,0.16898608349900596,0.029513888888888888,0.9130955356043848
spark,terraform,2025-01,85,541,0.15711645101663585,0.029513888888888888,0.8457857550054415
spark,terraform,2025-02,105,527,0.19924098671726756,0.036458333333333336,1.0567477748540157
spark,terraform,2025-03,73,556,0.13129496402877697,0.025347222222222222,0.6950909860347017
spark,terraform,2025-04,70,533,0.13133208255159476,0.024305555555555556,0.7287791864134738
spark,terraform,2025-05,79,537,0.14711359404096835,0.027430555555555555,0.7647782506100882
spark,terraform,2025-06,77,551,0.1397459165154265,0.02673611111111111,0.7739773837777468
sql,airflow,2024-01,82,542,0.15129151291512916,0.02847222222222222,0.8129096216335298
sql,airflow,2024-02,77,537,0.14338919925512103,0.02673611111111111,0.8018658133101914
sql,airflow,2024-03,74,523,0.14149139579349904,0.025694444444444443,0.7688589054439192
sql,airflow,2024-04,74,518,0.14285714285714285,0.025694444444444443,0.7912087912087912
sql,airflow,2024-05,83,553,0.15009041591320071,0.028819444444444446,0.844258589511754
sql,airflow,2024-06,86,559,0.15384615384615385,0.029861111111111113,0.8129851799576571
sql,airflow,2024-07,85,562,0.1512455516014235,0.029513888888888888,0.8021863510351743
sql,airflow,2024-08,69,512,0.134765625,0.023958333333333335,0.777805611222445
sql,airflow,2024-09,72,567,0.12698412698412698,0.025,0.6965986394557823
sql,airflow,2024-10,84,529,0.15879017013232513,0.029166666666666667,0.8051332570089725
sql,airflow,2024-11,68,509,0.13359528487229863,0.02361111111111111,0.7245845959175519
sql,airflow,2024-12,74,538,0.137546468401487,0.025694444444444443,0.7363082323350976
sql,airflow,2025-01,77,532,0.14473684210526316,0.02673611111111111,0.7287449392712552
sql,airflow,2025-02,62,555,0.11171171171171171,0.021527777777777778,0.6296080816628762
sql,airflow,2025-03,82,527,0.1555977229601518,0.02847222222222222,0.8222411782114445
sql,airflow,2025-04,77,553,0.13924050632911392,0.02673611111111111,0.7566276570336756
sql,airflow,2025-05,83,536,0.15485074626865672,0.028819444444444446,0.8021045849887254
sql,airflow,2025-06,69,547,0.12614259597806216,0.023958333333333335,0.6727605118829981
sql,aws,2024-01,68,542,0.12546125461254612,0.02361111111111111,0.6962011816649958
sql,aws,2024-02,78,537,0.1452513966480447,0.027083333333333334,0.7377848718630843
sql,aws,2024-03,64,523,0.12237093690248566,0.022222222222222223,0.6751499967033692
sql,aws,2024-04,64,518,0.12355212355212356,0.022222222222222223,0.673920673920674
sql,aws,2024-05,87,553,0.15732368896925858,0.030208333333333334,0.8630328080599329
sql,aws,2024-06,87,559,0.1556350626118068,0.030208333333333334,0.8505293744250543
sql,aws,2024-07,79,562,0.14056939501779359,0.027430555555555555,0.7755552828567922
sql,aws,2024-08,68,512,0.1328125,0.02361111111111111,0.7412790697674418
sql,aws,2024-09,77,567,0.13580246913580246,0.02673611111111111,0.7421463208939489
sql,aws,2024-10,76,529,0.14366729678638943,0.02638888888888889,0.759195990357434
sql,aws,2024-11,68,509,0.13359528487229863,0.02361111111111111,0.7933080833654022
sql,aws,2024-12,87,538,0.16171003717472118,0.030208333333333334,0.8156303100931647
sql,aws,2025-01,75,532,0.14097744360902256,0.026041666666666668,0.7603277857565262
sql,aws,2025-02,78,555,0.14054054054054055,0.027083333333333334,0.7680393866352122
sql,aws,2025-03,84,527,0.15939278937381404,0.029166666666666667,0.8743833017077799
sql,aws,2025-04,79,553,0.14285714285714285,0.027430555555555555,0.7604964351729601
sql,aws,2025-05,68,536,0.12686567164179105,0.02361111111111111,0.6619078520441272
sql,aws,2025-06,66,547,0.1206581352833638,0.022916666666666665,0.654417004926719
sql,azure,2024-01,83,542,0.15313653136531366,0.028819444444444446,0.8004232492415669
sql,azure,2024-02,86,537,0.1601489757914339,0.029861111111111113,0.8973327826446101
sql,azure,2024-03,84,523,0.16061185468451242,0.029166666666666667,0.8646021336287771
sql,azure,2024-04,83,518,0.16023166023166024,0.028819444444444446,0.8359912707738795
sql,azure,2024-05,85,553,0.15370705244122965,0.029513888888888888,0.8048660200558935
sql,azure,2024-06,77,559,0.13774597495527727,0.02673611111111111,0.7688147439364312
sql,azure,2024-07,78,562,0.1387900355871886,0.027083333333333334,0.7541798160209494
sql,azure,2024-08,75,512,0.146484375,0.026041666666666668,0.7401315789473685
sql,azure,2024-09,86,567,0.15167548500881833,0.029861111111111113,0.7717763194794997
sql,azure,2024-10,79,529,0.14933837429111532,0.027430555555555555,0.8084483420270904
sql,azure,2024-11,77,509,0.1512770137524558,0.02673611111111111,0.7935843344391125
sql,azure,2024-12,77,538,0.14312267657992564,0.02673611111111111,0.7821504906075634
sql,azure,2025-01,92,532,0.17293233082706766,0.03194444444444444,0.9022556390977442
sql,azure,2025-02,85,555,0.15315315315315314,0.029513888888888888,0.7266574647134778
sql,azure,2025-03,89,527,0.16888045540796964,0.03090277777777778,0.8843194755908229
sql,azure,2025-04,85,553,0.15370705244122965,0.029513888888888888,0.8731288186010677
sql,azure,2025-05,78,536,0.1455223880597015,0.027083333333333334,0.850110502255457
sql,azure,2025-06,78,547,0.1425959780621572,0.027083333333333334,0.7359792416111339
sql,databricks,2024-01,72,542,0.13284132841328414,0.025,0.9564575645756458
sql,databricks,2024-02,70,537,0.1303538175046555,0.024305555555555556,0.8981315655823153
sql,databricks,2024-03,72,523,0.13766730401529637,0.025,0.9093620081744348
sql,databricks,2024-04,65,518,0.12548262548262548,0.022569444444444444,0.796013130814893
sql,databricks,2024-05,79,553,0.14285714285714285,0.027430555555555555,0.8716707021791767
sql,databricks,2024-06,86,559,0.15384615384615385,0.029861111111111113,0.9042386185243328
sql,databricks,2024-07,89,562,0.1583629893238434,0.03090277777777778,0.8978059237257263
sql,databricks,2024-08,98,512,0.19140625,0.034027777777777775,1.048003802281369
sql,databricks,2024-09,127,567,0.2239858906525573,0.044097222222222225,1.1858076563958917
sql,databricks,2024-10,98,529,0.18525519848771266,0.034027777777777775,0.949350483353403
sql,databricks,2024-11,110,509,0.21611001964636542,0.03819444444444445,1.073098028588849
sql,databricks,2024-12,116,538,0.21561338289962825,0.04027777777777778,1.0384055898844973
sql,databricks,2025-01,116,532,0.21804511278195488,0.04027777777777778,1.0194316961234255
sql,databricks,2025-02,133,555,0.23963963963963963,0.04618055555555556,1.088583851990792
sql,databricks,2025-03,133,527,0.2523719165085389,0.04618055555555556,1.1147716557432394
sql,databricks,2025-04,109,553,0.19710669077757687,0.03784722222222222,0.8472645812528677
sql,databricks,2025-05,129,536,0.24067164179104478,0.04479166666666667,1.007462686567164
sql,databricks,2025-06,136,547,0.24862888482632542,0.04722222222222222,1.0142368106229707
sql,dbt,2024-01,46,542,0.08487084870848709,0.01597222222222222,0.9401078626170878
sql,dbt,2024-02,43,537,0.08007448789571694,0.014930555555555556,0.8509761075264384
sql,dbt,2024-03,61,523,0.11663479923518165,0.021180555555555557,1.1911639070827063
sql,dbt,2024-04,54,518,0.10424710424710425,0.01875,1.0246814342377482
sql,dbt,2024-05,68,553,0.12296564195298372,0.02361111111111111,1.1649376606072142
sql,dbt,2024-06,60,559,0.1073345259391771,0.020833333333333332,0.9813442371581906
sql,dbt,2024-07,69,562,0.12277580071174377,0.023958333333333335,1.0846451105822763
sql,dbt,2024-08,67,512,0.130859375,0.02326388888888889,1.1183234421364985
sql,dbt,2024-09,59,567,0.10405643738977072,0.02048611111111111,0.8611567232256887
sql,dbt,2024-10,66,529,0.12476370510396975,0.022916666666666665,1.0008898905276682
sql,dbt,2024-11,65,509,0.12770137524557956,0.022569444444444444,0.9939998938034302
sql,dbt,2024-12,70,538,0.13011152416356878,0.024305555555555556,0.9835201826537482
sql,dbt,2025-01,70,532,0.13157894736842105,0.024305555555555556,0.966702470461869
sql,dbt,2025-02,88,555,0.15855855855855855,0.030555555555555555,1.1331231976393266
sql,dbt,2025-03,70,527,0.13282732447817835,0.024305555555555556,0.9240161702829799
sql,dbt,2025-04,82,553,0.14828209764918626,0.02847222222222222,1.0048292734815445
sql,dbt,2025-05,87,536,0.1623134328358209,0.030208333333333334,1.0721621251540463
sql,dbt,2025-06,80,547,0.14625228519195613,0.027777777777777776,0.9422966025790461
sql,docker,2024-01,75,542,0.13837638376383765,0.026041666666666668,0.72723354970776
sql,docker,2024-02,67,537,0.12476722532588454,0.02326388888888889,0.718659217877095
sql,docker,2024-03,74,523,0.14149139579349904,0.025694444444444443,0.703791398765591
sql,docker,2024-04,67,518,0.12934362934362933,0.02326388888888889,0.67483632701024
sql,docker,2024-05,76,553,0.13743218806509946,0.02638888888888889,0.7626294829045982
sql,docker,2024-06,81,559,0.1449016100178891,0.028125,0.8071888527108716
sql,docker,2024-07,87,562,0.15480427046263345,0.030208333333333334,0.8317841397992245
sql,docker,2024-08,71,512,0.138671875,0.024652777777777777,0.7695086705202312
sql,docker,2024-09,71,567,0.12522045855379188,0.024652777777777777,0.6666079863861749
sql,docker,2024-10,74,529,0.13988657844990549,0.025694444444444443,0.7219952436124154
sql,docker,2024-11,76,509,0.14931237721021612,0.02638888888888889,0.766523433806457
sql,docker,2024-12,97,538,0.18029739776951673,0.033680555555555554,1.0385130111524163
sql,docker,2025-01,94,532,0.17669172932330826,0.03263888888888889,0.8654288783182446
sql,docker,2025-02,85,555,0.15315315315315314,0.029513888888888888,0.8183322469036755
sql,docker,2025-03,82,527,0.1555977229601518,0.02847222222222222,0.8617720040869947
sql,docker,2025-04,81,553,0.14647377938517178,0.028125,0.8287710896449798
sql,docker,2025-05,80,536,0.14925373134328357,0.027777777777777776,0.7488688959384262
sql,docker,2025-06,80,547,0.14625228519195613,0.027777777777777776,0.7575657938000605
sql,gcp,2024-01,78,542,0.14391143911439114,0.027083333333333334,0.7632871908829585
sql,gcp,2024-02,86,537,0.1601489757914339,0.029861111111111113,0.8447418503284425
sql,gcp,2024-03,80,523,0.15296367112810708,0.027777777777777776,0.8009734051799062
sql,gcp,2024-04,81,518,0.15637065637065636,0.028125,0.8158469028034244
sql,gcp,2024-05,82,553,0.14828209764918626,0.02847222222222222,0.7893760466352244
sql,gcp,2024-06,74,559,0.13237924865831843,0.025694444444444443,0.7047176268686822
sql,gcp,2024-07,79,562,0.14056939501779359,0.027430555555555555,0.809679715302491
sql,gcp,2024-08,81,512,0.158203125,0.028125,0.8049911660777386
sql,gcp,2024-09,89,567,0.15696649029982362,0.03090277777777778,0.8371546149323926
sql,gcp,2024-10,61,529,0.11531190926275993,0.021180555555555557,0.6641965973534972
sql,gcp,2024-11,76,509,0.14931237721021612,0.02638888888888889,0.7861419494797485
sql,gcp,2024-12,85,538,0.1579925650557621,0.029513888888888888,0.8536934096821666
sql,gcp,2025-01,77,532,0.14473684210526316,0.02673611111111111,0.7747994521620035
sql,gcp,2025-02,98,555,0.17657657657657658,0.034027777777777775,0.9817384952520087
sql,gcp,2025-03,69,527,0.13092979127134724,0.023958333333333335,0.7061382001151312
sql,gcp,2025-04,83,553,0.15009041591320071,0.028819444444444446,0.8280850533142109
sql,gcp,2025-05,83,536,0.15485074626865672,0.028819444444444446,0.8778939945939593
sql,gcp,2025-06,86,547,0.15722120658135283,0.029861111111111113,0.8277825867537407
sql,hadoop,2024-01,150,542,0.2767527675276753,0.052083333333333336,0.9267999656740754
sql,hadoop,2024-02,167,537,0.31098696461824954,0.05798611111111111,1.089589365085838
sql,hadoop,2024-03,142,523,0.27151051625239003,0.049305555555555554,0.997385569906739
sql,hadoop,2024-04,138,518,0.26640926640926643,0.04791666666666667,1.0284968998105728
sql,hadoop,2024-05,132,553,0.23869801084990958,0.04583333333333333,0.9709749593894628
sql,hadoop,2024-06,138,559,0.24686940966010734,0.04791666666666667,1.0611699997329986
sql,hadoop,2024-07,109,562,0.19395017793594305,0.03784722222222222,0.883823595657462
sql,hadoop,2024-08,110,512,0.21484375,0.03819444444444445,1.0416666666666667
sql,hadoop,2024-09,92,567,0.16225749559082892,0.03194444444444444,0.8404704807582505
sql,hadoop,2024-10,94,529,0.1776937618147448,0.03263888888888889,0.9879498726379634
sql,hadoop,2024-11,77,509,0.1512770137524558,0.02673611111111111,0.9076620825147349
sql,hadoop,2024-12,88,538,0.16356877323420074,0.030555555555555555,1.0657874817070092
sql,hadoop,2025-01,87,532,0.16353383458646617,0.030208333333333334,1.1657857515074816
sql,hadoop,2025-02,64,555,0.11531531531531532,0.022222222222222223,0.9073992024811698
sql,hadoop,2025-03,45,527,0.08538899430740038,0.015625,0.7497570231869302
sql,hadoop,2025-04,57,553,0.10307414104882459,0.019791666666666666,1.023632849036603
sql,hadoop,2025-05,50,536,0.09328358208955224,0.017361111111111112,1.0660980810234544
sql,hadoop,2025-06,45,547,0.08226691042047532,0.015625,1.1071434673409764
sql,hive,2024-01,88,542,0.16236162361623616,0.030555555555555555,0.8379954767289608
sql,hive,2024-02,72,537,0.1340782122905028,0.025,0.7661612130885874
sql,hive,2024-03,69,523,0.13193116634799235,0.023958333333333335,0.7738528698212178
sql,hive,2024-04,79,518,0.1525096525096525,0.027430555555555555,0.7914014400500886
sql,hive,2024-05,87,553,0.15732368896925858,0.030208333333333334,0.8565070401350939
sql,hive,2024-06,92,559,0.16457960644007155,0.03194444444444444,0.8158162935411464
sql,hive,2024-07,74,562,0.13167259786476868,0.025694444444444443,0.6983739997247399
sql,hive,2024-08,83,512,0.162109375,0.028819444444444446,0.8582261029411765
sql,hive,2024-09,88,567,0.15520282186948853,0.030555555555555555,0.8546541624935506
sql,hive,2024-10,87,529,0.16446124763705103,0.030208333333333334,0.9056374630873938
sql,hive,2024-11,79,509,0.15520628683693516,0.027430555555555555,0.8247123728604673
sql,hive,2024-12,79,538,0.14684014869888476,0.027430555555555555,0.7831474597273854
sql,hive,2025-01,88,532,0.16541353383458646,0.030555555555555555,0.8741118852176312
sql,hive,2025-02,83,555,0.14954954954954955,0.028819444444444446,0.7760409057706354
sql,hive,2025-03,73,527,0.13851992409867173,0.025347222222222222,0.7429001515906416
sql,hive,2025-04,86,553,0.15551537070524413,0.029861111111111113,0.809917301322067
sql,hive,2025-05,75,536,0.13992537313432835,0.026041666666666668,0.7574907417798226
sql,hive,2025-06,73,547,0.13345521023765997,0.025347222222222222,0.7293187959856939
sql,java,2024-01,62,542,0.11439114391143912,0.021527777777777778,0.6372272620211695
sql,java,2024-02,75,537,0.13966480446927373,0.026041666666666668,0.7462609218395331
sql,java,2024-03,80,523,0.15296367112810708,0.027777777777777776,0.8407163603987565
sql,java,2024-04,62,518,0.11969111969111969,0.021527777777777778,0.7049292938863491
sql,java,2024-05,85,553,0.15370705244122965,0.029513888888888888,0.7779900018114964
sql,java,2024-06,72,559,0.12880143112701253,0.025,0.7133617723957617
sql,java,2024-07,81,562,0.14412811387900357,0.028125,0.7452225636831782
sql,java,2024-08,77,512,0.150390625,0.02673611111111111,0.7454819277108433
sql,java,2024-09,81,567,0.14285714285714285,0.028125,0.7466943220119264
sql,java,2024-10,77,529,0.14555765595463138,0.02673611111111111,0.7777477720766945
sql,java,2024-11,74,509,0.14538310412573674,0.025694444444444443,0.781162947541272
sql,java,2024-12,87,538,0.16171003717472118,0.030208333333333334,0.8820547482257519
sql,java,2025-01,79,532,0.14849624060150377,0.027430555555555555,0.7964044188684001
sql,java,2025-02,82,555,0.14774774774774774,0.02847222222222222,0.8409357974575365
sql,java,2025-03,71,527,0.1347248576850095,0.024652777777777777,0.7504982401021806
sql,java,2025-04,89,553,0.1609403254972875,0.03090277777777778,0.8189189707282474
sql,java,2025-05,85,536,0.15858208955223882,0.029513888888888888,0.8666345690900338
sql,java,2025-06,81,547,0.1480804387568556,0.028125,0.8633029627930042
sql,kafka,2024-01,77,542,0.14206642066420663,0.02673611111111111,0.7929288595211533
sql,kafka,2024-02,72,537,0.1340782122905028,0.025,0.7425870219166308
sql,kafka,2024-03,80,523,0.15296367112810708,0.027777777777777776,0.8142982862272613
sql,kafka,2024-04,68,518,0.13127413127413126,0.02361111111111111,0.7146871419083138
sql,kafka,2024-05,80,553,0.14466546112115733,0.027777777777777776,0.7861066566583643
sql,kafka,2024-06,76,559,0.13595706618962433,0.02638888888888889,0.7401821372894481
sql,kafka,2024-07,80,562,0.1423487544483986,0.027777777777777776,0.7749799864109412
sql,kafka,2024-08,73,512,0.142578125,0.025347222222222222,0.7385341726618705
sql,kafka,2024-09,88,567,0.15520282186948853,0.030555555555555555,0.8112234609512287
sql,kafka,2024-10,85,529,0.16068052930056712,0.029513888888888888,0.8538005984974784
sql,kafka,2024-11,73,509,0.14341846758349705,0.025347222222222222,0.7634846333465277
sql,kafka,2024-12,80,538,0.14869888475836432,0.027777777777777776,0.7688559930055462
sql,kafka,2025-01,66,532,0.12406015037593984,0.022916666666666665,0.6519949508808518
sql,kafka,2025-02,96,555,0.17297297297297298,0.03333333333333333,0.8678783312929654
sql,kafka,2025-03,84,527,0.15939278937381404,0.029166666666666667,0.8110445819727641
sql,kafka,2025-04,68,553,0.12296564195298372,0.02361111111111111,0.6823526952304299
sql,kafka,2025-05,93,536,0.17350746268656717,0.03229166666666667,0.9202605755751628
sql,kafka,2025-06,74,547,0.13528336380255943,0.025694444444444443,0.7421258814311832
sql,kubernetes,2024-01,83,542,0.15313653136531366,0.028819444444444446,0.7723874086376591
sql,kubernetes,2024-02,81,537,0.15083798882681565,0.028125,0.7912812528619838
sql,kubernetes,2024-03,73,523,0.13957934990439771,0.025347222222222222,0.7282400864577272
sql,kubernetes,2024-04,66,518,0.1274131274131274,0.022916666666666665,0.6745400863047922
sql,kubernetes,2024-05,83,553,0.15009041591320071,0.028819444444444446,0.793138344642235
sql,kubernetes,2024-06,80,559,0.14311270125223613,0.027777777777777776,0.7732918941959476
sql,kubernetes,2024-07,71,562,0.12633451957295375,0.024652777777777777,0.7106316725978647
sql,kubernetes,2024-08,82,512,0.16015625,0.02847222222222222,0.8355978260869564
sql,kubernetes,2024-09,77,567,0.13580246913580246,0.02673611111111111,0.755040755040755
sql,kubernetes,2024-10,73,529,0.13799621928166353,0.025347222222222222,0.7687216857469844
sql,kubernetes,2024-11,79,509,0.15520628683693516,0.027430555555555555,0.8497986807801774
sql,kubernetes,2024-12,85,538,0.1579925650557621,0.029513888888888888,0.7804778513903856
sql,kubernetes,2025-01,84,532,0.15789473684210525,0.029166666666666667,0.8661654135338346
sql,kubernetes,2025-02,85,555,0.15315315315315314,0.029513888888888888,0.7890538123096262
sql,kubernetes,2025-03,93,527,0.17647058823529413,0.03229166666666667,0.9342560553633219
sql,kubernetes,2025-04,72,553,0.1301989150090416,0.025,0.6780702987812655
sql,kubernetes,2025-05,70,536,0.13059701492537312,0.024305555555555556,0.6978096530335336
sql,kubernetes,2025-06,79,547,0.14442413162705667,0.027430555555555555,0.820397434094523
sql,powerbi,2024-01,84,542,0.15498154981549817,0.029166666666666667,0.8437558855739786
sql,powerbi,2024-02,65,537,0.12104283054003724,0.022569444444444444,0.6614864363478317
sql,powerbi,2024-03,77,523,0.14722753346080306,0.02673611111111111,0.7653705710597704
sql,powerbi,2024-04,83,518,0.16023166023166024,0.028819444444444446,0.84363287288333
sql,powerbi,2024-05,80,553,0.14466546112115733,0.027777777777777776,0.7426676078947114
sql,powerbi,2024-06,76,559,0.13595706618962433,0.02638888888888889,0.6739351990122514
sql,powerbi,2024-07,82,562,0.14590747330960854,0.02847222222222222,0.7571414831201307
sql,powerbi,2024-08,67,512,0.130859375,0.02326388888888889,0.683983666061706
sql,powerbi,2024-09,107,567,0.18871252204585537,0.03715277777777778,1.00090619427636
sql,powerbi,2024-10,78,529,0.14744801512287334,0.027083333333333334,0.8245636573861654
sql,powerbi,2024-11,72,509,0.14145383104125736,0.025,0.7340306908086868
sql,powerbi,2024-12,75,538,0.13940520446096655,0.026041666666666668,0.7380275530286464
sql,powerbi,2025-01,70,532,0.13157894736842105,0.024305555555555556,0.7430340557275541
sql,powerbi,2025-02,88,555,0.15855855855855855,0.030555555555555555,0.8440825298496277
sql,powerbi,2025-03,83,527,0.15749525616698293,0.028819444444444446,0.8623314406100967
sql,powerbi,2025-04,84,553,0.1518987341772152,0.029166666666666667,0.8161723030417533
sql,powerbi,2025-05,82,536,0.15298507462686567,0.02847222222222222,0.7531572904707233
sql,powerbi,2025-06,74,547,0.13528336380255943,0.025694444444444443,0.7776768218590243
sql,python,2024-01,78,542,0.14391143911439114,0.027083333333333334,0.7805366189255112
sql,python,2024-02,71,537,0.13221601489757914,0.024652777777777777,0.6715734090035766
sql,python,2024-03,86,523,0.16443594646271512,0.029861111111111113,0.8626148011158826
sql,python,2024-04,76,518,0.14671814671814673,0.02638888888888889,0.7668752496338704
sql,python,2024-05,78,553,0.1410488245931284,0.027083333333333334,0.7439938000516663
sql,python,2024-06,74,559,0.13237924865831843,0.025694444444444443,0.7179891452654559
sql,python,2024-07,86,562,0.15302491103202848,0.029861111111111113,0.8056887454702779
sql,python,2024-08,63,512,0.123046875,0.021875,0.672438330170778
sql,python,2024-09,84,567,0.14814814814814814,0.029166666666666667,0.8111533586818758
sql,python,2024-10,77,529,0.14555765595463138,0.02673611111111111,0.743273136789607
sql,python,2024-11,72,509,0.14145383104125736,0.025,0.7879826564774104
sql,python,2024-12,73,538,0.13568773234200743,0.025347222222222222,0.7144070733911909
sql,python,2025-01,62,532,0.11654135338345864,0.021527777777777778,0.6726234423734687
sql,python,2025-02,83,555,0.14954954954954955,0.028819444444444446,0.770487840255282
sql,python,2025-03,72,527,0.1366223908918406,0.025,0.7340904585233227
sql,python,2025-04,74,553,0.13381555153707053,0.025694444444444443,0.7084352728433146
sql,python,2025-05,71,536,0.13246268656716417,0.024652777777777777,0.7025645254391029
sql,python,2025-06,89,547,0.16270566727605118,0.03090277777777778,0.8323131825133702
sql,scala,2024-01,82,542,0.15129151291512916,0.02847222222222222,0.7836682683373596
sql,scala,2024-02,85,537,0.15828677839851024,0.029513888888888888,0.8258440612096186
sql,scala,2024-03,71,523,0.13575525812619502,0.024652777777777777,0.7082883032671043
sql,scala,2024-04,84,518,0.16216216216216217,0.029166666666666667,0.8713190802743042
sql,scala,2024-05,76,553,0.13743218806509946,0.02638888888888889,0.7118789597616663
sql,scala,2024-06,93,559,0.16636851520572452,0.03229166666666667,0.8823965447375444
sql,scala,2024-07,77,562,0.13701067615658363,0.02673611111111111,0.73480586095151
sql,scala,2024-08,72,512,0.140625,0.025,0.7729007633587787
sql,scala,2024-09,91,567,0.16049382716049382,0.03159722222222222,0.815206741132667
sql,scala,2024-10,89,529,0.16824196597353497,0.03090277777777778,0.8397519272162577
sql,scala,2024-11,83,509,0.16306483300589392,0.028819444444444446,0.8282658184426358
sql,scala,2024-12,84,538,0.15613382899628253,0.029166666666666667,0.8281131261681284
sql,scala,2025-01,84,532,0.15789473684210525,0.029166666666666667,0.7991860142447507
sql,scala,2025-02,92,555,0.16576576576576577,0.03194444444444444,0.8857243142957428
sql,scala,2025-03,80,527,0.15180265654648956,0.027777777777777776,0.823336442286045
sql,scala,2025-04,93,553,0.16817359855334538,0.03229166666666667,0.8711150428662494
sql,scala,2025-05,79,536,0.14738805970149255,0.027430555555555555,0.8306802582001928
sql,scala,2025-06,83,547,0.15173674588665448,0.028819444444444446,0.82765497756357
sql,snowflake,2024-01,100,542,0.18450184501845018,0.034722222222222224,1.021856372409878
sql,snowflake,2024-02,94,537,0.1750465549348231,0.03263888888888889,0.9301366756684327
sql,snowflake,2024-03,106,523,0.20267686424474188,0.03680555555555556,1.0349456897603841
sql,snowflake,2024-04,114,518,0.22007722007722008,0.03958333333333333,1.0816081805842899
sql,snowflake,2024-05,124,553,0.22423146473779385,0.043055555555555555,1.0621490434948129
sql,snowflake,2024-06,114,559,0.2039355992844365,0.03958333333333333,0.9322770253002811
sql,snowflake,2024-07,139,562,0.24733096085409254,0.04826388888888889,1.0925048577604088
sql,snowflake,2024-08,128,512,0.25,0.044444444444444446,1.0682492581602374
sql,snowflake,2024-09,117,567,0.20634920634920634,0.040625,0.8538587848932676
sql,snowflake,2024-10,130,529,0.24574669187145556,0.04513888888888889,0.9857248921863399
sql,snowflake,2024-11,126,509,0.2475442043222004,0.04375,0.9634152816864017
sql,snowflake,2024-12,131,538,0.24349442379182157,0.04548611111111111,0.9202938851974358
sql,snowflake,2025-01,132,532,0.24812030075187969,0.04583333333333333,0.9114623292926193
sql,snowflake,2025-02,159,555,0.2864864864864865,0.05520833333333333,1.0236737978673462
sql,snowflake,2025-03,140,527,0.2656546489563567,0.04861111111111111,0.9240161702829799
sql,snowflake,2025-04,172,553,0.31103074141048825,0.059722222222222225,1.0538453356025954
sql,snowflake,2025-05,163,536,0.3041044776119403,0.05659722222222222,1.00438176092017
sql,snowflake,2025-06,166,547,0.30347349177330896,0.05763888888888889,0.9776327251757604
sql,spark,2024-01,75,542,0.13837638376383765,0.026041666666666668,0.7476997846901546
sql,spark,2024-02,86,537,0.1601489757914339,0.029861111111111113,0.8340489155141584
sql,spark,2024-03,90,523,0.17208413001912046,0.03125,0.8771722025753397
sql,spark,2024-04,87,518,0.16795366795366795,0.030208333333333334,0.8859094573380288
sql,spark,2024-05,83,553,0.15009041591320071,0.028819444444444446,0.8296744680038735
sql,spark,2024-06,85,559,0.1520572450805009,0.029513888888888888,0.8793672004655474
sql,spark,2024-07,82,562,0.14590747330960854,0.02847222222222222,0.773873891586874
sql,spark,2024-08,82,512,0.16015625,0.02847222222222222,0.8092105263157895
sql,spark,2024-09,90,567,0.15873015873015872,0.03125,0.8403361344537815
sql,spark,2024-10,89,529,0.16824196597353497,0.03090277777777778,0.8441408745710465
sql,spark,2024-11,81,509,0.15913555992141454,0.028125,0.819875514443066
sql,spark,2024-12,64,538,0.11895910780669144,0.022222222222222223,0.6811177544399033
sql,spark,2025-01,87,532,0.16353383458646617,0.030208333333333334,0.8705682876322044
sql,spark,2025-02,78,555,0.14054054054054055,0.027083333333333334,0.7680393866352122
sql,spark,2025-03,82,527,0.1555977229601518,0.02847222222222222,0.8059738167720094
sql,spark,2025-04,79,553,0.14285714285714285,0.027430555555555555,0.7719110158134548
sql,spark,2025-05,80,536,0.14925373134328357,0.027777777777777776,0.8004669390477778
sql,spark,2025-06,93,547,0.170018281535649,0.03229166666666667,0.8886617982262598
sql,tableau,2024-01,85,542,0.15682656826568267,0.029513888888888888,0.8348623227452239
sql,tableau,2024-02,88,537,0.16387337057728119,0.030555555555555555,0.8368001901818614
sql,tableau,2024-03,79,523,0.15105162523900573,0.027430555555555555,0.8011577913229033
sql,tableau,2024-04,79,518,0.1525096525096525,0.027430555555555555,0.8225239685913843
sql,tableau,2024-05,67,553,0.12115732368896925,0.02326388888888889,0.6414211254121902
sql,tableau,2024-06,77,559,0.13774597495527727,0.02673611111111111,0.7902557925721087
sql,tableau,2024-07,96,562,0.1708185053380783,0.03333333333333333,0.8816438985191137
sql,tableau,2024-08,83,512,0.162109375,0.028819444444444446,0.8277925531914894
sql,tableau,2024-09,66,567,0.1164021164021164,0.022916666666666665,0.6612191227575842
sql,tableau,2024-10,72,529,0.13610586011342155,0.025,0.7258979206049149
sql,tableau,2024-11,70,509,0.137524557956778,0.024305555555555556,0.7375618750754575
sql,tableau,2024-12,69,538,0.12825278810408922,0.023958333333333335,0.6619498740856218
sql,tableau,2025-01,78,532,0.14661654135338345,0.027083333333333334,0.8215090254819929
sql,tableau,2025-02,72,555,0.12972972972972974,0.025,0.7036188731103985
sql,tableau,2025-03,84,527,0.15939278937381404,0.029166666666666667,0.8241494315917135
sql,tableau,2025-04,90,553,0.162748643761302,0.03125,0.8355010588815504
sql,tableau,2025-05,85,536,0.15858208955223882,0.029513888888888888,0.8732627493507606
sql,tableau,2025-06,88,547,0.16087751371115175,0.030555555555555555,0.8378431093817668
sql,terraform,2024-01,78,542,0.14391143911439114,0.027083333333333334,0.8322589249988885
sql,terraform,2024-02,97,537,0.18063314711359404,0.033680555555555554,0.912672743310791
sql,terraform,2024-03,67,523,0.12810707456978968,0.02326388888888889,0.6720371124972574
sql,terraform,2024-04,71,518,0.13706563706563707,0.024652777777777777,0.7024004177029088
sql,terraform,2024-05,91,553,0.16455696202531644,0.03159722222222222,0.9238285587386186
sql,terraform,2024-06,83,559,0.148479427549195,0.028819444444444446,0.7372771574856579
sql,terraform,2024-07,91,562,0.1619217081850534,0.03159722222222222,0.825370831102573
sql,terraform,2024-08,77,512,0.150390625,0.02673611111111111,0.8020833333333334
sql,terraform,2024-09,74,567,0.13051146384479717,0.025694444444444443,0.7025663848093754
sql,terraform,2024-10,97,529,0.1833648393194707,0.033680555555555554,0.9413382125491544
sql,terraform,2024-11,71,509,0.13948919449901767,0.024652777777777777,0.7330818980970272
sql,terraform,2024-12,85,538,0.1579925650557621,0.029513888888888888,0.8536934096821666
sql,terraform,2025-01,84,532,0.15789473684210525,0.029166666666666667,0.8499754058042301
sql,terraform,2025-02,83,555,0.14954954954954955,0.028819444444444446,0.7931909810362849
sql,terraform,2025-03,64,527,0.12144212523719165,0.022222222222222223,0.642928898314544
sql,terraform,2025-04,80,553,0.14466546112115733,0.027777777777777776,0.8027678767416823
sql,terraform,2025-05,77,536,0.14365671641791045,0.02673611111111111,0.7468074788512311
sql,terraform,2025-06,61,547,0.11151736745886655,0.021180555555555557,0.6176346505414148
tableau,airflow,2024-01,94,541,0.17375231053604437,0.03263888888888889,0.9335945043727757
tableau,airflow,2024-02,87,564,0.15425531914893617,0.030208333333333334,0.8626316876678373
tableau,airflow,2024-03,87,543,0.16022099447513813,0.030208333333333334,0.8706348379026373
tableau,airflow,2024-04,80,534,0.149812734082397,0.027777777777777776,0.8297320656871219
tableau,airflow,2024-05,79,544,0.14522058823529413,0.027430555555555555,0.8168658088235294
tableau,airflow,2024-06,84,502,0.16733067729083664,0.029166666666666667,0.8842428451332285
tableau,airflow,2024-07,75,558,0.13440860215053763,0.026041666666666668,0.7128854036713598
tableau,airflow,2024-08,83,564,0.14716312056737588,0.028819444444444446,0.8493582910501855
tableau,airflow,2024-09,79,507,0.15581854043392504,0.027430555555555555,0.8547759932375317
tableau,airflow,2024-10,85,540,0.1574074074074074,0.029513888888888888,0.7981220657276996
tableau,airflow,2024-11,77,537,0.14338919925512103,0.02673611111111111,0.7777041315531987
tableau,airflow,2024-12,68,558,0.12186379928315412,0.02361111111111111,0.6523563976495983
tableau,airflow,2025-01,79,514,0.15369649805447472,0.027430555555555555,0.7738564937008517
tableau,airflow,2025-02,73,531,0.1374764595103578,0.025347222222222222,0.7748184019370459
tableau,airflow,2025-03,84,557,0.15080789946140036,0.029166666666666667,0.7969298173373084
tableau,airflow,2025-04,79,561,0.1408199643493761,0.027430555555555555,0.7652103723135909
tableau,airflow,2025-05,71,523,0.13575525812619502,0.024652777777777777,0.7031927039630245
tableau,airflow,2025-06,87,553,0.15732368896925858,0.030208333333333334,0.8390596745027125
tableau,aws,2024-01,76,541,0.14048059149722736,0.02638888888888889,0.7795454788285449
tableau,aws,2024-02,86,564,0.1524822695035461,0.029861111111111113,0.7745131149386468
tableau,aws,2024-03,65,543,0.11970534069981584,0.022569444444444444,0.6604432590334667
tableau,aws,2024-04,79,534,0.14794007490636704,0.027430555555555555,0.8069458631256384
tableau,aws,2024-05,89,544,0.1636029411764706,0.03090277777777778,0.8974789915966387
tableau,aws,2024-06,67,502,0.13346613545816732,0.02326388888888889,0.7293785011755634
tableau,aws,2024-07,74,558,0.13261648745519714,0.025694444444444443,0.7316771721666049
tableau,aws,2024-08,86,564,0.1524822695035461,0.029861111111111113,0.851063829787234
tableau,aws,2024-09,67,507,0.13214990138067062,0.02326388888888889,0.7221854193099267
tableau,aws,2024-10,89,540,0.1648148148148148,0.03090277777777778,0.8709480122324159
tableau,aws,2024-11,69,537,0.12849162011173185,0.023958333333333335,0.7630017854057478
tableau,aws,2024-12,87,558,0.15591397849462366,0.030208333333333334,0.7863962487995029
tableau,aws,2025-01,71,514,0.13813229571984437,0.024652777777777777,0.7449831679272505
tableau,aws,2025-02,95,531,0.17890772128060264,0.03298611111111111,0.9777120252146787
tableau,aws,2025-03,78,557,0.1400359066427289,0.027083333333333334,0.7681969735829701
tableau,aws,2025-04,70,561,0.12477718360071301,0.024305555555555556,0.6642482232348493
tableau,aws,2025-05,87,523,0.16634799235181644,0.030208333333333334,0.8679025687920857
tableau,aws,2025-06,82,553,0.14828209764918626,0.02847222222222222,0.8042418855549085
tableau,azure,2024-01,86,541,0.1589648798521257,0.029861111111111113,0.8308872122942325
tableau,azure,2024-02,73,564,0.12943262411347517,0.025347222222222222,0.7252255981455418
tableau,azure,2024-03,74,543,0.13627992633517497,0.025694444444444443,0.7336190427015026
tableau,azure,2024-04,72,534,0.1348314606741573,0.025,0.7034684904738642
tableau,azure,2024-05,83,544,0.15257352941176472,0.028819444444444446,0.7989304812834226
tableau,azure,2024-06,80,502,0.1593625498007968,0.027777777777777776,0.8894653942370054
tableau,azure,2024-07,82,558,0.14695340501792115,0.02847222222222222,0.7985392574558734
tableau,azure,2024-08,82,564,0.1453900709219858,0.02847222222222222,0.734602463605823
tableau,azure,2024-09,79,507,0.15581854043392504,0.027430555555555555,0.7928575909005373
tableau,azure,2024-10,66,540,0.12222222222222222,0.022916666666666665,0.6616541353383458
tableau,azure,2024-11,77,537,0.14338919925512103,0.02673611111111111,0.7522056354367005
tableau,azure,2024-12,76,558,0.13620071684587814,0.02638888888888889,0.7443227030666586
tableau,azure,2025-01,66,514,0.12840466926070038,0.022916666666666665,0.6699374048384367
tableau,azure,2025-02,84,531,0.15819209039548024,0.029166666666666667,0.7505654371317678
tableau,azure,2025-03,96,557,0.17235188509874327,0.03333333333333333,0.9024971437897831
tableau,azure,2025-04,80,561,0.14260249554367202,0.027777777777777776,0.8100496788279593
tableau,azure,2025-05,56,523,0.10707456978967496,0.019444444444444445,0.6255066145928273
tableau,azure,2025-06,69,553,0.12477396021699819,0.023958333333333335,0.6439946333780552
tableau,databricks,2024-01,74,541,0.1367837338262477,0.025694444444444443,0.9848428835489834
tableau,databricks,2024-02,80,564,0.14184397163120568,0.027777777777777776,0.9772981777461061
tableau,databricks,2024-03,78,543,0.143646408839779,0.027083333333333334,0.9488570125196412
tableau,databricks,2024-04,89,534,0.16666666666666666,0.03090277777777778,1.0572687224669604
tableau,databricks,2024-05,101,544,0.18566176470588236,0.035069444444444445,1.132851445663011
tableau,databricks,2024-06,86,502,0.17131474103585656,0.029861111111111113,1.0069111309862588
tableau,databricks,2024-07,92,558,0.16487455197132617,0.03194444444444444,0.9347218694437388
tableau,databricks,2024-08,118,564,0.20921985815602837,0.04097222222222222,1.1455383868619045
tableau,databricks,2024-09,98,507,0.1932938856015779,0.034027777777777775,1.023320570831883
tableau,databricks,2024-10,99,540,0.18333333333333332,0.034375,0.9395017793594306
tableau,databricks,2024-11,99,537,0.18435754189944134,0.034375,0.9154305528799845
tableau,databricks,2024-12,114,558,0.20430107526881722,0.03958333333333333,0.9839249109936347
tableau,databricks,2025-01,105,514,0.20428015564202334,0.036458333333333336,0.955076052352317
tableau,databricks,2025-02,141,531,0.2655367231638418,0.04895833333333333,1.2062236004918998
tableau,databricks,2025-03,129,557,0.23159784560143626,0.04479166666666667,1.0230088885462214
tableau,databricks,2025-04,138,561,0.24598930481283424,0.04791666666666667,1.0573868624790486
tableau,databricks,2025-05,131,523,0.25047801147227533,0.04548611111111111,1.048512606163013
tableau,databricks,2025-06,142,553,0.25678119349005424,0.049305555555555554,1.0474926873248671
tableau,dbt,2024-01,59,541,0.10905730129390019,0.02048611111111111,1.208019337409356
tableau,dbt,2024-02,62,564,0.1099290780141844,0.021527777777777778,1.1682499803721442
tableau,dbt,2024-03,61,543,0.11233885819521179,0.021180555555555557,1.1472904666745034
tableau,dbt,2024-04,52,534,0.09737827715355805,0.018055555555555554,0.9571653180964068
tableau,dbt,2024-05,55,544,0.10110294117647059,0.019097222222222224,0.9578173374613004
tableau,dbt,2024-06,52,502,0.10358565737051793,0.018055555555555554,0.9470688673875926
tableau,dbt,2024-07,68,558,0.12186379928315412,0.02361111111111111,1.0765881654462695
tableau,dbt,2024-08,72,564,0.1276595744680851,0.025,1.090977965780668
tableau,dbt,2024-09,56,507,0.11045364891518737,0.019444444444444445,0.9140991634360334
tableau,dbt,2024-10,68,540,0.1259259259259259,0.02361111111111111,1.0102135561745589
tableau,dbt,2024-11,60,537,0.11173184357541899,0.020833333333333332,0.8696965121546127
tableau,dbt,2024-12,78,558,0.13978494623655913,0.027083333333333334,1.0566421132842265
tableau,dbt,2025-01,76,514,0.14785992217898833,0.02638888888888889,1.0863177956007306
tableau,dbt,2025-02,71,531,0.1337099811676083,0.024652777777777777,0.9555452748454389
tableau,dbt,2025-03,75,557,0.13464991023339318,0.026041666666666668,0.9366950277105613
tableau,dbt,2025-04,91,561,0.1622103386809269,0.03159722222222222,1.099213589178987
tableau,dbt,2025-05,83,523,0.1586998087954111,0.028819444444444446,1.0482923149788623
tableau,dbt,2025-06,78,553,0.1410488245931284,0.027083333333333334,0.9087709503986796
tableau,docker,2024-01,72,541,0.133086876155268,0.025,0.6994346776043283
tableau,docker,2024-02,74,564,0.13120567375886524,0.025694444444444443,0.7557446808510638
tableau,docker,2024-03,88,543,0.16206261510128914,0.030555555555555555,0.8061145621618526
tableau,docker,2024-04,85,534,0.15917602996254682,0.029513888888888888,0.8304836345872008
tableau,docker,2024-05,83,544,0.15257352941176472,0.028819444444444446,0.8466507990479429
tableau,docker,2024-06,73,502,0.1454183266932271,0.025347222222222222,0.810067274422619
tableau,docker,2024-07,81,558,0.14516129032258066,0.028125,0.7799711121810303
tableau,docker,2024-08,81,564,0.14361702127659576,0.028125,0.7969499446562539
tableau,docker,2024-09,75,507,0.14792899408284024,0.026041666666666668,0.7874963086110535
tableau,docker,2024-10,84,540,0.15555555555555556,0.029166666666666667,0.8028673835125448
tableau,docker,2024-11,91,537,0.16945996275605213,0.03159722222222222,0.8699548890150269
tableau,docker,2024-12,85,558,0.15232974910394265,0.029513888888888888,0.8774193548387097
tableau,docker,2025-01,87,514,0.16926070038910507,0.030208333333333334,0.8290320019058207
tableau,docker,2025-02,87,531,0.1638418079096045,0.030208333333333334,0.8754441684223766
tableau,docker,2025-03,83,557,0.1490125673249551,0.028819444444444446,0.8253003728766745
tableau,docker,2025-04,87,561,0.15508021390374332,0.030208333333333334,0.8774676150152864
tableau,docker,2025-05,81,523,0.15487571701720843,0.028125,0.7770767683093384
tableau,docker,2025-06,80,553,0.14466546112115733,0.027777777777777776,0.7493462734333329
tableau,gcp,2024-01,86,541,0.1589648798521257,0.029861111111111113,0.8431286445195618
tableau,gcp,2024-02,70,564,0.12411347517730496,0.024305555555555556,0.6546644844517185
tableau,gcp,2024-03,72,543,0.13259668508287292,0.025,0.6943244600703165
tableau,gcp,2024-04,80,534,0.149812734082397,0.027777777777777776,0.7816316560820713
tableau,gcp,2024-05,78,544,0.14338235294117646,0.027083333333333334,0.7632923779493312
tableau,gcp,2024-06,75,502,0.14940239043824702,0.026041666666666668,0.7953398973422392
tableau,gcp,2024-07,79,558,0.14157706093189965,0.027430555555555555,0.815483870967742
tableau,gcp,2024-08,95,564,0.16843971631205673,0.03298611111111111,0.8570784151567551
tableau,gcp,2024-09,87,507,0.17159763313609466,0.030208333333333334,0.9151873767258382
tableau,gcp,2024-10,79,540,0.14629629629629629,0.027430555555555555,0.8426666666666667
tableau,gcp,2024-11,72,537,0.1340782122905028,0.025,0.705932817909777
tableau,gcp,2024-12,81,558,0.14516129032258066,0.028125,0.7843611934878654
tableau,gcp,2025-01,69,514,0.13424124513618677,0.023958333333333335,0.718614843851706
tableau,gcp,2025-02,64,531,0.12052730696798493,0.022222222222222223,0.6701132124860938
tableau,gcp,2025-03,83,557,0.1490125673249551,0.028819444444444446,0.803663284449196
tableau,gcp,2025-04,77,561,0.13725490196078433,0.02673611111111111,0.7572684246112239
tableau,gcp,2025-05,81,523,0.15487571701720843,0.028125,0.8780355610424414
tableau,gcp,2025-06,72,553,0.1301989150090416,0.025,0.6855079985850819
tableau,hadoop,2024-01,150,541,0.27726432532347506,0.052083333333333336,0.9285130894553584
tableau,hadoop,2024-02,173,564,0.3067375886524823,0.060069444444444446,1.0747010405342445
tableau,hadoop,2024-03,162,543,0.2983425414364641,0.05625,1.095952193031909
tableau,hadoop,2024-04,135,534,0.25280898876404495,0.046875,0.975991806488538
tableau,hadoop,2024-05,133,544,0.24448529411764705,0.04618055555555556,0.9945164506480558
tableau,hadoop,2024-06,132,502,0.26294820717131473,0.04583333333333333,1.1302848308259499
tableau,hadoop,2024-07,125,558,0.22401433691756273,0.043402777777777776,1.0208248264597795
tableau,hadoop,2024-08,101,564,0.17907801418439717,0.035069444444444445,0.8682570384698045
tableau,hadoop,2024-09,105,507,0.20710059171597633,0.036458333333333336,1.0727512664424672
tableau,hadoop,2024-10,87,540,0.16111111111111112,0.030208333333333334,0.8957528957528959
tableau,hadoop,2024-11,106,537,0.1973929236499069,0.03680555555555556,1.1843575418994414
tableau,hadoop,2024-12,88,558,0.15770609318996415,0.030555555555555555,1.0275872135454678
tableau,hadoop,2025-01,77,514,0.14980544747081712,0.02673611111111111,1.0679200215741418
tableau,hadoop,2025-02,63,531,0.11864406779661017,0.021875,0.9335926646290638
tableau,hadoop,2025-03,76,557,0.13644524236983843,0.02638888888888889,1.198055786661996
tableau,hadoop,2025-04,50,561,0.08912655971479501,0.017361111111111112,0.8851189378572746
tableau,hadoop,2025-05,46,523,0.08795411089866156,0.01597222222222222,1.0051898388418465
tableau,hadoop,2025-06,44,553,0.07956600361663653,0.015277777777777777,1.0707948150276319
tableau,hive,2024-01,75,541,0.13863216266173753,0.026041666666666668,0.7155208395444518
tableau,hive,2024-02,82,564,0.1453900709219858,0.02847222222222222,0.8308004052684903
tableau,hive,2024-03,74,543,0.13627992633517497,0.025694444444444443,0.7993608713753644
tableau,hive,2024-04,79,534,0.14794007490636704,0.027430555555555555,0.7676890373519587
tableau,hive,2024-05,75,544,0.13786764705882354,0.026041666666666668,0.7505837873901924
tableau,hive,2024-06,68,502,0.13545816733067728,0.02361111111111111,0.67146217196618
tableau,hive,2024-07,96,558,0.17204301075268819,0.03333333333333333,0.9124933166993406
tableau,hive,2024-08,79,564,0.1400709219858156,0.027430555555555555,0.7415519399249062
tableau,hive,2024-09,67,507,0.13214990138067062,0.02326388888888889,0.7277088259585687
tableau,hive,2024-10,80,540,0.14814814814814814,0.027777777777777776,0.815806246016571
tableau,hive,2024-11,93,537,0.17318435754189945,0.03229166666666667,0.9202416046506835
tableau,hive,2024-12,83,558,0.14874551971326164,0.028819444444444446,0.7933094384707288
tableau,hive,2025-01,94,514,0.1828793774319066,0.03263888888888889,0.9664084532181487
tableau,hive,2025-02,89,531,0.16760828625235405,0.03090277777777778,0.8697511070392426
tableau,hive,2025-03,86,557,0.15439856373429084,0.029861111111111113,0.828059336228599
tableau,hive,2025-04,84,561,0.1497326203208556,0.029166666666666667,0.7798009882894469
tableau,hive,2025-05,81,523,0.15487571701720843,0.028125,0.8384249342284967
tableau,hive,2025-06,75,553,0.13562386980108498,0.026041666666666668,0.7411702941691173
tableau,java,2024-01,62,541,0.11460258780036968,0.021527777777777778,0.6384051312670497
tableau,java,2024-02,87,564,0.15425531914893617,0.030208333333333334,0.8242213713338333
tableau,java,2024-03,77,543,0.141804788213628,0.02673611111111111,0.7793850955252837
tableau,java,2024-04,79,534,0.14794007490636704,0.027430555555555555,0.871303508650996
tableau,java,2024-05,86,544,0.15808823529411764,0.029861111111111113,0.8001654088700506
tableau,java,2024-06,76,502,0.15139442231075698,0.02638888888888889,0.838492185105731
tableau,java,2024-07,81,558,0.14516129032258066,0.028125,0.750564660913882
tableau,java,2024-08,73,564,0.12943262411347517,0.025347222222222222,0.6415937305452813
tableau,java,2024-09,69,507,0.13609467455621302,0.023958333333333335,0.7113478452302968
tableau,java,2024-10,84,540,0.15555555555555556,0.029166666666666667,0.8311688311688312
tableau,java,2024-11,85,537,0.15828677839851024,0.029513888888888888,0.8504961227382639
tableau,java,2024-12,92,558,0.16487455197132617,0.03194444444444444,0.8993157380254155
tableau,java,2025-01,67,514,0.1303501945525292,0.02326388888888889,0.699084842292894
tableau,java,2025-02,72,531,0.13559322033898305,0.025,0.7717558786092317
tableau,java,2025-03,88,557,0.15798922800718132,0.030555555555555555,0.8800947324191145
tableau,java,2025-04,92,561,0.16399286987522282,0.03194444444444444,0.8344513520152681
tableau,java,2025-05,66,523,0.12619502868068833,0.022916666666666665,0.6896426614808016
tableau,java,2025-06,80,553,0.14466546112115733,0.027777777777777776,0.8433937814350873
tableau,kafka,2024-01,68,541,0.1256931608133087,0.02361111111111111,0.7015432231440485
tableau,kafka,2024-02,87,564,0.15425531914893617,0.030208333333333334,0.8543371522094927
tableau,kafka,2024-03,88,543,0.16206261510128914,0.030555555555555555,0.8627362874153655
tableau,kafka,2024-04,80,534,0.149812734082397,0.027777777777777776,0.8156156411291179
tableau,kafka,2024-05,76,544,0.13970588235294118,0.02638888888888889,0.7591564927857936
tableau,kafka,2024-06,74,502,0.14741035856573706,0.025694444444444443,0.8025365456887008
tableau,kafka,2024-07,71,558,0.12724014336917563,0.024652777777777777,0.6927251661686689
tableau,kafka,2024-08,96,564,0.1702127659574468,0.03333333333333333,0.8816776366141129
tableau,kafka,2024-09,85,507,0.16765285996055226,0.029513888888888888,0.8762980702112352
tableau,kafka,2024-10,88,540,0.16296296296296298,0.030555555555555555,0.8659286592865929
tableau,kafka,2024-11,89,537,0.16573556797020483,0.03090277777777778,0.8822891603589462
tableau,kafka,2024-12,91,558,0.16308243727598568,0.03159722222222222,0.8432269647304107
tableau,kafka,2025-01,75,514,0.14591439688715954,0.026041666666666668,0.7668493851004006
tableau,kafka,2025-02,81,531,0.15254237288135594,0.028125,0.7653693970353747
tableau,kafka,2025-03,84,557,0.15080789946140036,0.029166666666666667,0.767361749909599
tableau,kafka,2025-04,75,561,0.13368983957219252,0.026041666666666668,0.7418626935797966
tableau,kafka,2025-05,74,523,0.14149139579349904,0.025694444444444443,0.7504516019986689
tableau,kafka,2025-06,91,553,0.16455696202531644,0.03159722222222222,0.9027124773960217
tableau,kubernetes,2024-01,93,541,0.17190388170055454,0.03229166666666667,0.8670458481569127
tableau,kubernetes,2024-02,82,564,0.1453900709219858,0.02847222222222222,0.7627020113940239
tableau,kubernetes,2024-03,91,543,0.16758747697974216,0.03159722222222222,0.8743694451116982
tableau,kubernetes,2024-04,78,534,0.14606741573033707,0.027083333333333334,0.7732980832782551
tableau,kubernetes,2024-05,91,544,0.16727941176470587,0.03159722222222222,0.8839719373988127
tableau,kubernetes,2024-06,66,502,0.13147410358565736,0.022916666666666665,0.7104041619637771
tableau,kubernetes,2024-07,76,558,0.13620071684587814,0.02638888888888889,0.7661290322580645
tableau,kubernetes,2024-08,84,564,0.14893617021276595,0.029166666666666667,0.7770582793709527
tableau,kubernetes,2024-09,88,507,0.17357001972386588,0.030555555555555555,0.965022503484042
tableau,kubernetes,2024-10,81,540,0.15,0.028125,0.8355899419729207
tableau,kubernetes,2024-11,69,537,0.12849162011173185,0.023958333333333335,0.7035282622087219
tableau,kubernetes,2024-12,104,558,0.1863799283154122,0.03611111111111111,0.9207104520555526
tableau,kubernetes,2025-01,91,514,0.17704280155642024,0.03159722222222222,0.971206225680934
tableau,kubernetes,2025-02,76,531,0.1431261770244821,0.02638888888888889,0.7373942572996574
tableau,kubernetes,2025-03,74,557,0.13285457809694792,0.025694444444444443,0.7033477663956067
tableau,kubernetes,2025-04,95,561,0.16934046345811052,0.03298611111111111,0.8819177843749697
tableau,kubernetes,2025-05,81,523,0.15487571701720843,0.028125,0.8275362987190358
tableau,kubernetes,2025-06,78,553,0.1410488245931284,0.027083333333333334,0.8012240923633328
tableau,powerbi,2024-01,71,541,0.13123844731977818,0.024652777777777777,0.7144928700963349
tableau,powerbi,2024-02,76,564,0.1347517730496454,0.02638888888888889,0.7364043764382898
tableau,powerbi,2024-03,92,543,0.1694290976058932,0.03194444444444444,0.880786644593813
tableau,powerbi,2024-04,74,534,0.13857677902621723,0.025694444444444443,0.7296181418565003
tableau,powerbi,2024-05,75,544,0.13786764705882354,0.026041666666666668,0.7077697389116074
tableau,powerbi,2024-06,89,502,0.17729083665338646,0.03090277777777778,0.8788254897792651
tableau,powerbi,2024-07,96,558,0.17204301075268819,0.03333333333333333,0.8927637314734089
tableau,powerbi,2024-08,80,564,0.14184397163120568,0.027777777777777776,0.7413986176004944
tableau,powerbi,2024-09,63,507,0.1242603550295858,0.021875,0.6590604465657589
tableau,powerbi,2024-10,64,540,0.11851851851851852,0.022222222222222223,0.6627831715210356
tableau,powerbi,2024-11,82,537,0.1527001862197393,0.02847222222222222,0.7923901555186471
tableau,powerbi,2024-12,75,558,0.13440860215053763,0.026041666666666668,0.7115749525616698
tableau,powerbi,2025-01,62,514,0.12062256809338522,0.021527777777777778,0.6811627374685283
tableau,powerbi,2025-02,81,531,0.15254237288135594,0.028125,0.8120555155236694
tableau,powerbi,2025-03,84,557,0.15080789946140036,0.029166666666666667,0.8257162556061465
tableau,powerbi,2025-04,90,561,0.16042780748663102,0.03125,0.8620001596296591
tableau,powerbi,2025-05,84,523,0.16061185468451242,0.029166666666666667,0.7907045153699073
tableau,powerbi,2025-06,78,553,0.1410488245931284,0.027083333333333334,0.8108195904754687
tableau,python,2024-01,90,541,0.16635859519408502,0.03125,0.9022839061374103
tableau,python,2024-02,97,564,0.17198581560283688,0.033680555555555554,0.8735787459191715
tableau,python,2024-03,81,543,0.14917127071823205,0.028125,0.7825378136038403
tableau,python,2024-04,80,534,0.149812734082397,0.027777777777777776,0.7830502253308592
tableau,python,2024-05,92,544,0.16911764705882354,0.03194444444444444,0.892049127343245
tableau,python,2024-06,84,502,0.16733067729083664,0.029166666666666667,0.9075562158147071
tableau,python,2024-07,92,558,0.16487455197132617,0.03194444444444444,0.86807807984903
tableau,python,2024-08,82,564,0.1453900709219858,0.02847222222222222,0.794541564051839
tableau,python,2024-09,78,507,0.15384615384615385,0.027083333333333334,0.8423515647850249
tableau,python,2024-10,95,540,0.17592592592592593,0.03298611111111111,0.8983451536643027
tableau,python,2024-11,74,537,0.1378026070763501,0.025694444444444443,0.7676431496709637
tableau,python,2024-12,84,558,0.15053763440860216,0.029166666666666667,0.7925930294273752
tableau,python,2025-01,68,514,0.13229571984435798,0.02361111111111111,0.7635504471978978
tableau,python,2025-02,84,531,0.15819209039548024,0.029166666666666667,0.8150147054364635
tableau,python,2025-03,72,557,0.12926391382405744,0.025,0.6945523727859803
tableau,python,2025-04,83,561,0.14795008912655971,0.028819444444444446,0.7832651777288455
tableau,python,2025-05,83,523,0.1586998087954111,0.028819444444444446,0.8417227427822909
tableau,python,2025-06,84,553,0.1518987341772152,0.029166666666666667,0.7770308249207456
tableau,scala,2024-01,74,541,0.1367837338262477,0.025694444444444443,0.7085200601071823
tableau,scala,2024-02,81,564,0.14361702127659576,0.028125,0.7493061979648474
tableau,scala,2024-03,71,543,0.13075506445672191,0.024652777777777777,0.6822003362959403
tableau,scala,2024-04,67,534,0.1254681647940075,0.02326388888888889,0.6741573033707865
tableau,scala,2024-05,81,544,0.1488970588235294,0.028125,0.7712653406686415
tableau,scala,2024-06,73,502,0.1454183266932271,0.025347222222222222,0.7712795227928068
tableau,scala,2024-07,78,558,0.13978494623655913,0.027083333333333334,0.7496846278608758
tableau,scala,2024-08,89,564,0.15780141843971632,0.03090277777777778,0.8673055059282119
tableau,scala,2024-09,81,507,0.15976331360946747,0.028125,0.8114961961115809
tableau,scala,2024-10,89,540,0.1648148148148148,0.03090277777777778,0.8226458694396301
tableau,scala,2024-11,95,537,0.17690875232774675,0.03298611111111111,0.8985841388076026
tableau,scala,2024-12,92,558,0.16487455197132617,0.03194444444444444,0.8744727618368681
tableau,scala,2025-01,82,514,0.15953307392996108,0.02847222222222222,0.8074784761305588
tableau,scala,2025-02,74,531,0.1393596986817326,0.025694444444444443,0.7446306719914468
tableau,scala,2025-03,83,557,0.1490125673249551,0.028819444444444446,0.8082037549828073
tableau,scala,2025-04,86,561,0.1532976827094474,0.029861111111111113,0.7940599392144038
tableau,scala,2025-05,61,523,0.11663479923518165,0.021180555555555557,0.6573546414820414
tableau,scala,2025-06,77,553,0.13924050632911392,0.02673611111111111,0.759493670886076
tableau,snowflake,2024-01,108,541,0.19963031423290203,0.0375,1.105644817289919
tableau,snowflake,2024-02,110,564,0.1950354609929078,0.03819444444444445,1.0363507890398054
tableau,snowflake,2024-03,107,543,0.19705340699815838,0.03715277777777778,1.0062301633948514
tableau,snowflake,2024-04,110,534,0.20599250936329588,0.03819444444444445,1.0123863941404303
tableau,snowflake,2024-05,108,544,0.19852941176470587,0.0375,0.9404024767801857
tableau,snowflake,2024-06,113,502,0.2250996015936255,0.03923611111111111,1.029026750142288
tableau,snowflake,2024-07,124,558,0.2222222222222222,0.043055555555555555,0.9815950920245399
tableau,snowflake,2024-08,143,564,0.25354609929078015,0.049652777777777775,1.0834017299071912
tableau,snowflake,2024-09,121,507,0.23865877712031558,0.04201388888888889,0.9875535604978576
tableau,snowflake,2024-10,133,540,0.2462962962962963,0.04618055555555556,0.9879294336118848
tableau,snowflake,2024-11,139,537,0.25884543761638734,0.04826388888888889,1.0073984599124266
tableau,snowflake,2024-12,142,558,0.25448028673835127,0.049305555555555554,0.9618152569638473
tableau,snowflake,2025-01,133,514,0.2587548638132296,0.04618055555555556,0.9505280711506394
tableau,snowflake,2025-02,142,531,0.2674199623352166,0.049305555555555554,0.9555452748454389
tableau,snowflake,2025-03,150,557,0.26929982046678635,0.052083333333333336,0.9366950277105613
tableau,snowflake,2025-04,176,561,0.3137254901960784,0.06111111111111111,1.0629757785467127
tableau,snowflake,2025-05,162,523,0.30975143403441685,0.05625,1.0230322591962393
tableau,snowflake,2025-06,170,553,0.3074141048824593,0.059027777777777776,0.9903273177421508
tableau,spark,2024-01,81,541,0.14972273567467653,0.028125,0.8090084028950627
tableau,spark,2024-02,91,564,0.16134751773049646,0.03159722222222222,0.8402908699165096
tableau,spark,2024-03,87,543,0.16022099447513813,0.030208333333333334,0.8167017063511466
tableau,spark,2024-04,78,534,0.14606741573033707,0.027083333333333334,0.7704654895666132
tableau,spark,2024-05,82,544,0.15073529411764705,0.02847222222222222,0.833239245794287
tableau,spark,2024-06,65,502,0.1294820717131474,0.022569444444444444,0.7488119809916959
tableau,spark,2024-07,83,558,0.14874551971326164,0.028819444444444446,0.7889265133963048
tableau,spark,2024-08,88,564,0.15602836879432624,0.030555555555555555,0.788353863381859
tableau,spark,2024-09,74,507,0.14595660749506903,0.025694444444444443,0.7727114514444832
tableau,spark,2024-10,76,540,0.14074074074074075,0.02638888888888889,0.7061556329849012
tableau,spark,2024-11,82,537,0.1527001862197393,0.02847222222222222,0.7867201007385495
tableau,spark,2024-12,51,558,0.0913978494623656,0.017708333333333333,0.5233117424485346
tableau,spark,2025-01,74,514,0.14396887159533073,0.025694444444444443,0.7664146953688586
tableau,spark,2025-02,73,531,0.1374764595103578,0.025347222222222222,0.7512945035860161
tableau,spark,2025-03,82,557,0.14721723518850988,0.02847222222222222,0.7625640959404828
tableau,spark,2025-04,70,561,0.12477718360071301,0.024305555555555556,0.6742181778049783
tableau,spark,2025-05,75,523,0.14340344168260039,0.026041666666666668,0.7690910838843372
tableau,spark,2025-06,90,553,0.162748643761302,0.03125,0.8506644174819415
tableau,sql,2024-01,85,541,0.15711645101663585,0.029513888888888888,0.8348623227452238
tableau,sql,2024-02,88,564,0.15602836879432624,0.030555555555555555,0.8368001901818614
tableau,sql,2024-03,79,543,0.14548802946593,0.027430555555555555,0.8011577913229033
tableau,sql,2024-04,79,534,0.14794007490636704,0.027430555555555555,0.8225239685913843
tableau,sql,2024-05,67,544,0.12316176470588236,0.02326388888888889,0.6414211254121902
tableau,sql,2024-06,77,502,0.15338645418326693,0.02673611111111111,0.7902557925721087
tableau,sql,2024-07,96,558,0.17204301075268819,0.03333333333333333,0.8816438985191138
tableau,sql,2024-08,83,564,0.14716312056737588,0.028819444444444446,0.8277925531914893
tableau,sql,2024-09,66,507,0.1301775147928994,0.022916666666666665,0.6612191227575843
tableau,sql,2024-10,72,540,0.13333333333333333,0.025,0.7258979206049149
tableau,sql,2024-11,70,537,0.1303538175046555,0.024305555555555556,0.7375618750754573
tableau,sql,2024-12,69,558,0.12365591397849462,0.023958333333333335,0.6619498740856218
tableau,sql,2025-01,78,514,0.1517509727626459,0.027083333333333334,0.8215090254819928
tableau,sql,2025-02,72,531,0.13559322033898305,0.025,0.7036188731103985
tableau,sql,2025-03,84,557,0.15080789946140036,0.029166666666666667,0.8241494315917136
tableau,sql,2025-04,90,561,0.16042780748663102,0.03125,0.8355010588815502
tableau,sql,2025-05,85,523,0.16252390057361377,0.029513888888888888,0.8732627493507605
tableau,sql,2025-06,88,553,0.15913200723327306,0.030555555555555555,0.8378431093817668
tableau,terraform,2024-01,91,541,0.16820702402957485,0.03159722222222222,0.972763512460192
tableau,terraform,2024-02,84,564,0.14893617021276595,0.029166666666666667,0.7525195968645016
tableau,terraform,2024-03,89,543,0.16390423572744015,0.03090277777777778,0.8598254988980467
tableau,terraform,2024-04,88,534,0.1647940074906367,0.030555555555555555,0.8444959814466791
tableau,terraform,2024-05,68,544,0.125,0.02361111111111111,0.7017543859649122
tableau,terraform,2024-06,84,502,0.16733067729083664,0.029166666666666667,0.8308833630993268
tableau,terraform,2024-07,74,558,0.13261648745519714,0.025694444444444443,0.6759920068512704
tableau,terraform,2024-08,89,564,0.15780141843971632,0.03090277777777778,0.8416075650118203
tableau,terraform,2024-09,74,507,0.14595660749506903,0.025694444444444443,0.7857103356743903
tableau,terraform,2024-10,86,540,0.15925925925925927,0.029861111111111113,0.817587641117053
tableau,terraform,2024-11,80,537,0.148975791433892,0.027777777777777776,0.7829384659299434
tableau,terraform,2024-12,85,558,0.15232974910394265,0.029513888888888888,0.8230950795860316
tableau,terraform,2025-01,63,514,0.122568093385214,0.021875,0.6598058111204044
tableau,terraform,2025-02,73,531,0.1374764595103578,0.025347222222222222,0.7291569123201298
tableau,terraform,2025-03,78,557,0.1400359066427289,0.027083333333333334,0.7413665645791531
tableau,terraform,2025-04,84,561,0.1497326203208556,0.029166666666666667,0.8308862168093721
tableau,terraform,2025-05,83,523,0.1586998087954111,0.028819444444444446,0.8250098363371551
tableau,terraform,2025-06,101,553,0.18264014466546113,0.035069444444444445,1.011545416608708
terraform,airflow,2024-01,78,498,0.1566265060240964,0.027083333333333334,0.8415752562488761
terraform,airflow,2024-02,86,570,0.15087719298245614,0.029861111111111113,0.8437404190086867
terraform,airflow,2024-03,90,549,0.16393442622950818,0.03125,0.890813485926384
terraform,airflow,2024-04,87,562,0.15480427046263345,0.030208333333333334,0.857377497946893
terraform,airflow,2024-05,81,513,0.15789473684210525,0.028125,0.888157894736842
terraform,airflow,2024-06,85,580,0.14655172413793102,0.029513888888888888,0.7744384688389749
terraform,airflow,2024-07,95,565,0.168141592920354,0.03298611111111111,0.8918007138317118
terraform,airflow,2024-08,63,540,0.11666666666666667,0.021875,0.6733466933867736
terraform,airflow,2024-09,80,535,0.14953271028037382,0.027777777777777776,0.8202937249666221
terraform,airflow,2024-10,92,561,0.16399286987522282,0.03194444444444444,0.8315131430292989
terraform,airflow,2024-11,72,548,0.13138686131386862,0.025,0.7126067054311518
terraform,airflow,2024-12,78,533,0.14634146341463414,0.027083333333333334,0.7833892465318705
terraform,airflow,2025-01,74,535,0.1383177570093458,0.025694444444444443,0.696425070256846
terraform,airflow,2025-02,81,543,0.14917127071823205,0.028125,0.8407304494491356
terraform,airflow,2025-03,83,544,0.15257352941176472,0.028819444444444446,0.8062601187263897
terraform,airflow,2025-04,90,519,0.17341040462427745,0.03125,0.9423055949394699
terraform,airflow,2025-05,81,554,0.14620938628158844,0.028125,0.7573435836168609
terraform,airflow,2025-06,82,520,0.1576923076923077,0.02847222222222222,0.841025641025641
terraform,aws,2024-01,81,498,0.16265060240963855,0.028125,0.9025698168396128
terraform,aws,2024-02,93,570,0.1631578947368421,0.03229166666666667,0.8287385129490393
terraform,aws,2024-03,75,549,0.1366120218579235,0.026041666666666668,0.7537214999057849
terraform,aws,2024-04,77,562,0.13701067615658363,0.02673611111111111,0.7473309608540926
terraform,aws,2024-05,76,513,0.14814814814814814,0.02638888888888889,0.8126984126984127
terraform,aws,2024-06,70,580,0.1206896551724138,0.024305555555555556,0.6595563698226788
terraform,aws,2024-07,80,565,0.1415929203539823,0.027777777777777776,0.7812023191943851
terraform,aws,2024-08,78,540,0.14444444444444443,0.027083333333333334,0.8062015503875968
terraform,aws,2024-09,78,535,0.14579439252336449,0.027083333333333334,0.7967511394066219
terraform,aws,2024-10,85,561,0.15151515151515152,0.029513888888888888,0.8006672226855713
terraform,aws,2024-11,71,548,0.12956204379562045,0.024652777777777777,0.7693581157348183
terraform,aws,2024-12,88,533,0.1651031894934334,0.030555555555555555,0.8327446335220459
terraform,aws,2025-01,76,535,0.14205607476635515,0.02638888888888889,0.7661451223353986
terraform,aws,2025-02,89,543,0.16390423572744015,0.03090277777777778,0.8957195424953086
terraform,aws,2025-03,67,544,0.12316176470588236,0.02326388888888889,0.6756302521008404
terraform,aws,2025-04,80,519,0.15414258188824662,0.027777777777777776,0.8205741882405735
terraform,aws,2025-05,83,554,0.14981949458483754,0.028819444444444446,0.7816669282687175
terraform,aws,2025-06,77,520,0.14807692307692308,0.02673611111111111,0.803129074315515
terraform,azure,2024-01,72,498,0.14457831325301204,0.025,0.7556906391446002
terraform,azure,2024-02,75,570,0.13157894736842105,0.026041666666666668,0.7372516895351218
terraform,azure,2024-03,82,549,0.1493624772313297,0.02847222222222222,0.8040447372452888
terraform,azure,2024-04,84,562,0.1494661921708185,0.029166666666666667,0.7798236113260095
terraform,azure,2024-05,79,513,0.1539961013645224,0.027430555555555555,0.8063795853269538
terraform,azure,2024-06,86,580,0.1482758620689655,0.029861111111111113,0.8275862068965517
terraform,azure,2024-07,74,565,0.13097345132743363,0.025694444444444443,0.7117047921188846
terraform,azure,2024-08,79,540,0.14629629629629629,0.027430555555555555,0.7391812865497076
terraform,azure,2024-09,81,535,0.15140186915887852,0.028125,0.7703840692183218
terraform,azure,2024-10,86,561,0.1532976827094474,0.029861111111111113,0.8298821921112942
terraform,azure,2024-11,72,548,0.13138686131386862,0.025,0.6892425511547207
terraform,azure,2024-12,72,533,0.1350844277673546,0.025,0.7382222997532851
terraform,azure,2025-01,86,535,0.16074766355140188,0.029861111111111113,0.8386834620073141
terraform,azure,2025-02,93,543,0.1712707182320442,0.03229166666666667,0.8126188937533564
terraform,azure,2025-03,89,544,0.1636029411764706,0.03090277777777778,0.8566844919786097
terraform,azure,2025-04,79,519,0.15221579961464354,0.027430555555555555,0.8646577966275609
terraform,azure,2025-05,80,554,0.1444043321299639,0.027777777777777776,0.8435790599072942
terraform,azure,2025-06,75,520,0.14423076923076922,0.026041666666666668,0.7444168734491314
terraform,databricks,2024-01,65,498,0.13052208835341367,0.022569444444444444,0.9397590361445783
terraform,databricks,2024-02,71,570,0.12456140350877193,0.024652777777777777,0.8582221102996725
terraform,databricks,2024-03,77,549,0.14025500910746813,0.02673611111111111,0.9264551060309822
terraform,databricks,2024-04,79,562,0.14056939501779359,0.027430555555555555,0.8917177481304968
terraform,databricks,2024-05,86,513,0.16764132553606237,0.029861111111111113,1.022896223609872
terraform,databricks,2024-06,90,580,0.15517241379310345,0.03125,0.912033779028853
terraform,databricks,2024-07,108,565,0.1911504424778761,0.0375,1.0836875479060692
terraform,databricks,2024-08,108,540,0.2,0.0375,1.0950570342205324
terraform,databricks,2024-09,94,535,0.17570093457943925,0.03263888888888889,0.9301814183617372
terraform,databricks,2024-10,113,561,0.2014260249554367,0.03923611111111111,1.0322187755723446
terraform,databricks,2024-11,105,548,0.19160583941605838,0.036458333333333336,0.9514220991693934
terraform,databricks,2024-12,108,533,0.2026266416510319,0.0375,0.9758607490885817
terraform,databricks,2025-01,115,535,0.21495327102803738,0.03993055555555555,1.0049763320791358
terraform,databricks,2025-02,117,543,0.2154696132596685,0.040625,0.9787894103909233
terraform,databricks,2025-03,125,544,0.22977941176470587,0.043402777777777776,1.014976542764345
terraform,databricks,2025-04,124,519,0.23892100192678228,0.043055555555555555,1.0270037097748252
terraform,databricks,2025-05,127,554,0.2292418772563177,0.044097222222222225,0.9596171606078415
terraform,databricks,2025-06,120,520,0.23076923076923078,0.041666666666666664,0.9413815646110265
terraform,dbt,2024-01,60,498,0.12048192771084337,0.020833333333333332,1.3345690454124188
terraform,dbt,2024-02,50,570,0.08771929824561403,0.017361111111111112,0.9322198485142745
terraform,dbt,2024-03,48,549,0.08743169398907104,0.016666666666666666,0.8929194279734914
terraform,dbt,2024-04,67,562,0.11921708185053381,0.02326388888888889,1.171826606585452
terraform,dbt,2024-05,63,513,0.12280701754385964,0.021875,1.1634349030470914
terraform,dbt,2024-06,64,580,0.1103448275862069,0.022222222222222223,1.0088669950738915
terraform,dbt,2024-07,72,565,0.12743362831858407,0.025,1.125794017047614
terraform,dbt,2024-08,65,540,0.12037037037037036,0.022569444444444444,1.0286844708209693
terraform,dbt,2024-09,60,535,0.11214953271028037,0.020833333333333332,0.9281340638092168
terraform,dbt,2024-10,58,561,0.10338680926916222,0.02013888888888889,0.8293983584824155
terraform,dbt,2024-11,63,548,0.11496350364963503,0.021875,0.8948510554349971
terraform,dbt,2024-12,72,533,0.1350844277673546,0.025,1.0211106350918142
terraform,dbt,2025-01,82,535,0.15327102803738318,0.02847222222222222,1.1260728590501623
terraform,dbt,2025-02,83,543,0.15285451197053407,0.028819444444444446,1.092359787779499
terraform,dbt,2025-03,73,544,0.13419117647058823,0.025347222222222222,0.9335038363171356
terraform,dbt,2025-04,82,519,0.1579961464354528,0.02847222222222222,1.0706562393743624
terraform,dbt,2025-05,83,554,0.14981949458483754,0.028819444444444446,0.9896333587255324
terraform,dbt,2025-06,81,520,0.15576923076923077,0.028125,1.0036138358286009
terraform,docker,2024-01,91,498,0.1827309236947791,0.03159722222222222,0.9603377011696421
terraform,docker,2024-02,76,570,0.13333333333333333,0.02638888888888889,0.768
terraform,docker,2024-03,85,549,0.15482695810564662,0.029513888888888888,0.7701237294374133
terraform,docker,2024-04,80,562,0.1423487544483986,0.027777777777777776,0.7426891536438187
terraform,docker,2024-05,67,513,0.13060428849902533,0.02326388888888889,0.7247405604570192
terraform,docker,2024-06,77,580,0.13275862068965516,0.02673611111111111,0.739545121056493
terraform,docker,2024-07,93,565,0.16460176991150444,0.03229166666666667,0.8844274204200239
terraform,docker,2024-08,76,540,0.14074074074074075,0.02638888888888889,0.7809890815671163
terraform,docker,2024-09,77,535,0.14392523364485982,0.02673611111111111,0.7661823898284589
terraform,docker,2024-10,78,561,0.13903743315508021,0.027083333333333334,0.7176125582197689
terraform,docker,2024-11,84,548,0.15328467153284672,0.029166666666666667,0.7869159608103361
terraform,docker,2024-12,79,533,0.14821763602251406,0.027430555555555555,0.853733583489681
terraform,docker,2025-01,90,535,0.16822429906542055,0.03125,0.8239557505245089
terraform,docker,2025-02,75,543,0.13812154696132597,0.026041666666666668,0.7380149448026323
terraform,docker,2025-03,90,544,0.16544117647058823,0.03125,0.916289592760181
terraform,docker,2025-04,61,519,0.11753371868978806,0.021180555555555557,0.6650237914078381
terraform,docker,2025-05,85,554,0.15342960288808663,0.029513888888888888,0.7698210040377865
terraform,docker,2025-06,79,520,0.1519230769230769,0.027430555555555555,0.7869396790260099
terraform,gcp,2024-01,82,498,0.1646586345381526,0.02847222222222222,0.8733275644012514
terraform,gcp,2024-02,77,570,0.13508771929824562,0.02673611111111111,0.7125506072874495
terraform,gcp,2024-03,89,549,0.1621129326047359,0.03090277777777778,0.848882265275708
terraform,gcp,2024-04,93,562,0.16548042704626334,0.03229166666666667,0.8633761411109391
terraform,gcp,2024-05,79,513,0.1539961013645224,0.027430555555555555,0.8197944028277718
terraform,gcp,2024-06,78,580,0.13448275862068965,0.027083333333333334,0.7159156096628211
terraform,gcp,2024-07,86,565,0.15221238938053097,0.029861111111111113,0.8767433628318584
terraform,gcp,2024-08,84,540,0.15555555555555556,0.029166666666666667,0.7915194346289753
terraform,gcp,2024-09,89,535,0.16635514018691588,0.03090277777777778,0.887227414330218
terraform,gcp,2024-10,83,561,0.14795008912655971,0.028819444444444446,0.8521925133689839
terraform,gcp,2024-11,91,548,0.16605839416058393,0.03159722222222222,0.8743111063665114
terraform,gcp,2024-12,73,533,0.13696060037523453,0.025347222222222222,0.7400497731344754
terraform,gcp,2025-01,69,535,0.12897196261682242,0.023958333333333335,0.6904075322238821
terraform,gcp,2025-02,67,543,0.12338858195211787,0.02326388888888889,0.6860214595021226
terraform,gcp,2025-03,97,544,0.17830882352941177,0.033680555555555554,0.9616655651024455
terraform,gcp,2025-04,71,519,0.13680154142581888,0.024652777777777777,0.7547671251079663
terraform,gcp,2025-05,75,554,0.13537906137184116,0.026041666666666668,0.7675033400608318
terraform,gcp,2025-06,74,520,0.1423076923076923,0.025694444444444443,0.7492617072141752
terraform,hadoop,2024-01,146,498,0.2931726907630522,0.050694444444444445,0.9817876155785934
terraform,hadoop,2024-02,168,570,0.29473684210526313,0.058333333333333334,1.0326546292739147
terraform,hadoop,2024-03,151,549,0.2750455373406193,0.05243055555555556,1.0103713616594179
terraform,hadoop,2024-04,137,562,0.24377224199288255,0.04756944444444444,0.9411046339671605
terraform,hadoop,2024-05,119,513,0.23196881091617932,0.04131944444444444,0.9436019427098821
terraform,hadoop,2024-06,134,580,0.23103448275862068,0.04652777777777778,0.9931034482758619
terraform,hadoop,2024-07,106,565,0.18761061946902655,0.03680555555555556,0.85493446846645
terraform,hadoop,2024-08,121,540,0.22407407407407406,0.04201388888888889,1.0864197530864197
terraform,hadoop,2024-09,107,535,0.2,0.03715277777777778,1.0359712230215827
terraform,hadoop,2024-10,104,561,0.18538324420677363,0.03611111111111111,1.0307022071727954
terraform,hadoop,2024-11,92,548,0.1678832116788321,0.03194444444444444,1.0072992700729928
terraform,hadoop,2024-12,89,533,0.1669793621013133,0.03090277777777778,1.0880103231940776
terraform,hadoop,2025-01,68,535,0.12710280373831775,0.02361111111111111,0.9060793929860276
terraform,hadoop,2025-02,72,543,0.13259668508287292,0.025,1.043383751471787
terraform,hadoop,2025-03,54,544,0.09926470588235294,0.01875,0.8715925394548063
terraform,hadoop,2025-04,52,519,0.1001926782273603,0.018055555555555554,0.995016942395854
terraform,hadoop,2025-05,53,554,0.09566787003610108,0.01840277777777778,1.0933470861268695
terraform,hadoop,2025-06,41,520,0.07884615384615384,0.01423611111111111,1.0611071171818836
terraform,hive,2024-01,60,498,0.12048192771084337,0.020833333333333332,0.6218422075398368
terraform,hive,2024-02,86,570,0.15087719298245614,0.029861111111111113,0.862155388471178
terraform,hive,2024-03,78,549,0.14207650273224043,0.027083333333333334,0.8333611565557075
terraform,hive,2024-04,65,562,0.11565836298932385,0.022569444444444444,0.6001731268635183
terraform,hive,2024-05,75,513,0.14619883040935672,0.026041666666666668,0.7959407024176698
terraform,hive,2024-06,103,580,0.17758620689655172,0.03576388888888889,0.8802896314321325
terraform,hive,2024-07,75,565,0.13274336283185842,0.026041666666666668,0.7040531951302988
terraform,hive,2024-08,78,540,0.14444444444444443,0.027083333333333334,0.7647058823529411
terraform,hive,2024-09,87,535,0.16261682242990655,0.030208333333333334,0.8954807812583765
terraform,hive,2024-10,72,561,0.12834224598930483,0.025,0.7067412398646231
terraform,hive,2024-11,85,548,0.1551094890510949,0.029513888888888888,0.8241980230021279
terraform,hive,2024-12,70,533,0.13133208255159476,0.024305555555555556,0.7004377736085053
terraform,hive,2025-01,89,535,0.16635514018691588,0.03090277777777778,0.879087713281317
terraform,hive,2025-02,79,543,0.14548802946593,0.027430555555555555,0.7549649096610421
terraform,hive,2025-03,86,544,0.15808823529411764,0.029861111111111113,0.8478475188958264
terraform,hive,2025-04,69,519,0.1329479768786127,0.023958333333333335,0.6923872936897009
terraform,hive,2025-05,88,554,0.1588447653429603,0.030555555555555555,0.8599115116310633
terraform,hive,2025-06,73,520,0.14038461538461539,0.025347222222222222,0.767187271931105
terraform,java,2024-01,62,498,0.12449799196787148,0.021527777777777778,0.6935284658945259
terraform,java,2024-02,69,570,0.12105263157894737,0.023958333333333335,0.6468118347817596
terraform,java,2024-03,89,549,0.1621129326047359,0.03090277777777778,0.8910023776748843
terraform,java,2024-04,83,562,0.14768683274021352,0.028819444444444446,0.8698120210466562
terraform,java,2024-05,85,513,0.16569200779727095,0.029513888888888888,0.8386519902568371
terraform,java,2024-06,87,580,0.15,0.030208333333333334,0.8307692307692307
terraform,java,2024-07,91,565,0.16106194690265488,0.03159722222222222,0.8327799049903879
terraform,java,2024-08,93,540,0.17222222222222222,0.03229166666666667,0.8537005163511188
terraform,java,2024-09,71,535,0.13271028037383178,0.024652777777777777,0.6936580897942569
terraform,java,2024-10,81,561,0.1443850267379679,0.028125,0.7714821465776392
terraform,java,2024-11,75,548,0.13686131386861314,0.026041666666666668,0.7353742237716526
terraform,java,2024-12,77,533,0.14446529080675422,0.02673611111111111,0.7879924953095685
terraform,java,2025-01,88,535,0.16448598130841122,0.030555555555555555,0.8821594528272333
terraform,java,2025-02,73,543,0.13443830570902393,0.025347222222222222,0.7651824514663813
terraform,java,2025-03,73,544,0.13419117647058823,0.025347222222222222,0.7475253157355786
terraform,java,2025-04,81,519,0.15606936416184972,0.028125,0.7941338671132989
terraform,java,2025-05,73,554,0.13176895306859207,0.025347222222222222,0.7201035765418314
terraform,java,2025-06,73,520,0.14038461538461539,0.025347222222222222,0.8184366241046404
terraform,kafka,2024-01,62,498,0.12449799196787148,0.021527777777777778,0.6948725133090501
terraform,kafka,2024-02,90,570,0.15789473684210525,0.03125,0.874493927125506
terraform,kafka,2024-03,77,549,0.14025500910746813,0.02673611111111111,0.746644041089664
terraform,kafka,2024-04,94,562,0.16725978647686832,0.03263888888888889,0.9106014840328558
terraform,kafka,2024-05,73,513,0.14230019493177387,0.025347222222222222,0.7732538894405825
terraform,kafka,2024-06,91,580,0.15689655172413794,0.03159722222222222,0.854181604849749
terraform,kafka,2024-07,82,565,0.14513274336283186,0.02847222222222222,0.790136674640748
terraform,kafka,2024-08,84,540,0.15555555555555556,0.029166666666666667,0.8057553956834532
terraform,kafka,2024-09,84,535,0.15700934579439252,0.029166666666666667,0.8206659090523603
terraform,kafka,2024-10,99,561,0.17647058823529413,0.034375,0.9377034946820058
terraform,kafka,2024-11,78,548,0.14233576642335766,0.027083333333333334,0.7577209007380222
terraform,kafka,2024-12,75,533,0.14071294559099437,0.026041666666666668,0.7275642429121432
terraform,kafka,2025-01,86,535,0.16074766355140188,0.029861111111111113,0.8448052391022581
terraform,kafka,2025-02,81,543,0.14917127071823205,0.028125,0.7484551562169134
terraform,kafka,2025-03,84,544,0.15441176470588236,0.029166666666666667,0.7856994387861153
terraform,kafka,2025-04,68,519,0.13102119460500963,0.02361111111111111,0.7270540278659494
terraform,kafka,2025-05,80,554,0.1444043321299639,0.027777777777777776,0.7659014300815765
terraform,kafka,2025-06,75,520,0.14423076923076922,0.026041666666666668,0.7912087912087912
terraform,kubernetes,2024-01,69,498,0.13855421686746988,0.023958333333333335,0.6988373810478341
terraform,kubernetes,2024-02,96,570,0.16842105263157894,0.03333333333333333,0.8835202761000863
terraform,kubernetes,2024-03,85,549,0.15482695810564662,0.029513888888888888,0.8077928248990258
terraform,kubernetes,2024-04,84,562,0.1494661921708185,0.029166666666666667,0.7912916056102156
terraform,kubernetes,2024-05,70,513,0.1364522417153996,0.024305555555555556,0.7210687268630291
terraform,kubernetes,2024-06,87,580,0.15,0.030208333333333334,0.8105065666041276
terraform,kubernetes,2024-07,76,565,0.13451327433628318,0.02638888888888889,0.7566371681415929
terraform,kubernetes,2024-08,85,540,0.1574074074074074,0.029513888888888888,0.821256038647343
terraform,kubernetes,2024-09,75,535,0.14018691588785046,0.026041666666666668,0.7794176018475083
terraform,kubernetes,2024-10,78,561,0.13903743315508021,0.027083333333333334,0.7745218713474488
terraform,kubernetes,2024-11,83,548,0.15145985401459855,0.028819444444444446,0.8292858927035054
terraform,kubernetes,2024-12,91,533,0.17073170731707318,0.03159722222222222,0.8434087771409448
terraform,kubernetes,2025-01,79,535,0.14766355140186915,0.027430555555555555,0.8100400534045394
terraform,kubernetes,2025-02,78,543,0.143646408839779,0.027083333333333334,0.7400745213927791
terraform,kubernetes,2025-03,80,544,0.14705882352941177,0.027777777777777776,0.7785467128027682
terraform,kubernetes,2025-04,75,519,0.14450867052023122,0.026041666666666668,0.7525948844453272
terraform,kubernetes,2025-05,79,554,0.14259927797833935,0.027430555555555555,0.7619404834464143
terraform,kubernetes,2025-06,83,520,0.1596153846153846,0.028819444444444446,0.9066909421939007
terraform,powerbi,2024-01,62,498,0.12449799196787148,0.021527777777777778,0.6777962511672397
terraform,powerbi,2024-02,90,570,0.15789473684210525,0.03125,0.8628782582642565
terraform,powerbi,2024-03,87,549,0.15846994535519127,0.030208333333333334,0.8238148783807776
terraform,powerbi,2024-04,97,562,0.17259786476868327,0.033680555555555554,0.9087419571001971
terraform,powerbi,2024-05,88,513,0.17153996101364521,0.030555555555555555,0.8806329549363604
terraform,powerbi,2024-06,88,580,0.15172413793103448,0.030555555555555555,0.7520921122915306
terraform,powerbi,2024-07,84,565,0.1486725663716814,0.029166666666666667,0.7714900741449413
terraform,powerbi,2024-08,78,540,0.14444444444444443,0.027083333333333334,0.7549909255898366
terraform,powerbi,2024-09,97,535,0.18130841121495328,0.033680555555555554,0.9616357721898074
terraform,powerbi,2024-10,86,561,0.1532976827094474,0.029861111111111113,0.8572763615596282
terraform,powerbi,2024-11,90,548,0.16423357664233576,0.03125,0.8522391004142829
terraform,powerbi,2024-12,80,533,0.150093808630394,0.027777777777777776,0.7946142809844389
terraform,powerbi,2025-01,75,535,0.14018691588785046,0.026041666666666668,0.7916437603078613
terraform,powerbi,2025-02,83,543,0.15285451197053407,0.028819444444444446,0.813717180175856
terraform,powerbi,2025-03,72,544,0.1323529411764706,0.025,0.7246700961753523
terraform,powerbi,2025-04,83,519,0.1599229287090559,0.028819444444444446,0.8592873781382108
terraform,powerbi,2025-05,91,554,0.16425992779783394,0.03159722222222222,0.8086642599277979
terraform,powerbi,2025-06,70,520,0.1346153846153846,0.024305555555555556,0.7738369415016122
terraform,python,2024-01,76,498,0.15261044176706828,0.02638888888888889,0.8277176502620652
terraform,python,2024-02,83,570,0.1456140350877193,0.028819444444444446,0.7396268448900029
terraform,python,2024-03,71,549,0.12932604735883424,0.024652777777777777,0.6784317238496222
terraform,python,2024-04,95,562,0.16903914590747332,0.03298611111111111,0.8835439931279913
terraform,python,2024-05,75,513,0.14619883040935672,0.026041666666666668,0.771158665895508
terraform,python,2024-06,87,580,0.15,0.030208333333333334,0.8135593220338982
terraform,python,2024-07,87,565,0.15398230088495576,0.030208333333333334,0.8107294818074454
terraform,python,2024-08,86,540,0.15925925925925927,0.029861111111111113,0.8703352308665403
terraform,python,2024-09,69,535,0.12897196261682242,0.023958333333333335,0.7061582744038947
terraform,python,2024-10,85,561,0.15151515151515152,0.029513888888888888,0.7736943907156674
terraform,python,2024-11,79,548,0.14416058394160583,0.027430555555555555,0.8030608931369918
terraform,python,2024-12,93,533,0.17448405253283303,0.03229166666666667,0.9186728908492855
terraform,python,2025-01,81,535,0.15140186915887852,0.028125,0.8738224111774953
terraform,python,2025-02,82,543,0.15101289134438306,0.02847222222222222,0.7780270609513832
terraform,python,2025-03,73,544,0.13419117647058823,0.025347222222222222,0.721027216856892
terraform,python,2025-04,65,519,0.1252408477842004,0.022569444444444444,0.6630397823869433
terraform,python,2025-05,74,554,0.13357400722021662,0.025694444444444443,0.7084588228254584
terraform,python,2025-06,81,520,0.15576923076923077,0.028125,0.7968301680557454
terraform,scala,2024-01,71,498,0.142570281124498,0.024652777777777777,0.7384935425153852
terraform,scala,2024-02,86,570,0.15087719298245614,0.029861111111111113,0.7871853546910754
terraform,scala,2024-03,88,549,0.16029143897996356,0.030555555555555555,0.836303159895462
terraform,scala,2024-04,79,562,0.14056939501779359,0.027430555555555555,0.7552982418866521
terraform,scala,2024-05,74,513,0.1442495126705653,0.025694444444444443,0.7471917203079641
terraform,scala,2024-06,102,580,0.17586206896551723,0.035416666666666666,0.9327490950657268
terraform,scala,2024-07,77,565,0.13628318584070798,0.02673611111111111,0.7309042369110595
terraform,scala,2024-08,80,540,0.14814814814814814,0.027777777777777776,0.8142493638676844
terraform,scala,2024-09,77,535,0.14392523364485982,0.02673611111111111,0.731048805815161
terraform,scala,2024-10,95,561,0.16934046345811052,0.03298611111111111,0.8452348955968081
terraform,scala,2024-11,88,548,0.16058394160583941,0.030555555555555555,0.8156644652995018
terraform,scala,2024-12,87,533,0.16322701688555347,0.030208333333333334,0.8657344541996206
terraform,scala,2025-01,83,535,0.15514018691588785,0.028819444444444446,0.7852438283264622
terraform,scala,2025-02,97,543,0.17863720073664824,0.033680555555555554,0.9544993286114043
terraform,scala,2025-03,80,544,0.14705882352941177,0.027777777777777776,0.7976071784646062
terraform,scala,2025-04,63,519,0.12138728323699421,0.021875,0.6287686613714808
terraform,scala,2025-05,80,554,0.1444043321299639,0.027777777777777776,0.8138639462510685
terraform,scala,2025-06,68,520,0.13076923076923078,0.02361111111111111,0.7132867132867133
terraform,snowflake,2024-01,93,498,0.18674698795180722,0.03229166666666667,1.0342910101946245
terraform,snowflake,2024-02,94,570,0.1649122807017544,0.03263888888888889,0.8762866576034182
terraform,snowflake,2024-03,102,549,0.18579234972677597,0.035416666666666666,0.9487268922218347
terraform,snowflake,2024-04,123,562,0.2188612099644128,0.042708333333333334,1.0756318851493325
terraform,snowflake,2024-05,120,513,0.23391812865497075,0.041666666666666664,1.1080332409972298
terraform,snowflake,2024-06,124,580,0.21379310344827587,0.043055555555555555,0.9773399014778326
terraform,snowflake,2024-07,131,565,0.23185840707964603,0.04548611111111111,1.0241598349530376
terraform,snowflake,2024-08,128,540,0.23703703703703705,0.044444444444444446,1.012858555885262
terraform,snowflake,2024-09,132,535,0.2467289719626168,0.04583333333333333,1.0209474701901384
terraform,snowflake,2024-10,138,561,0.24598930481283424,0.04791666666666667,0.986698047160115
terraform,snowflake,2024-11,134,548,0.24452554744525548,0.04652777777777778,0.951666995462616
terraform,snowflake,2024-12,127,533,0.23827392120075047,0.044097222222222225,0.900562851782364
terraform,snowflake,2025-01,152,535,0.2841121495327103,0.05277777777777778,1.0436772839977113
terraform,snowflake,2025-02,156,543,0.287292817679558,0.05416666666666667,1.026554981286758
terraform,snowflake,2025-03,150,544,0.2757352941176471,0.052083333333333336,0.9590792838874682
terraform,snowflake,2025-04,148,519,0.28516377649325625,0.05138888888888889,0.966201972118327
terraform,snowflake,2025-05,170,554,0.30685920577617326,0.059027777777777776,1.013479945682774
terraform,snowflake,2025-06,154,520,0.29615384615384616,0.05347222222222222,0.9540526587506453
terraform,spark,2024-01,66,498,0.13253012048192772,0.022916666666666665,0.7161102194895906
terraform,spark,2024-02,92,570,0.16140350877192983,0.03194444444444444,0.8405824688303035
terraform,spark,2024-03,78,549,0.14207650273224043,0.027083333333333334,0.7242129696793849
terraform,spark,2024-04,77,562,0.13701067615658363,0.02673611111111111,0.7226936764303313
terraform,spark,2024-05,74,513,0.1442495126705653,0.025694444444444443,0.7973869414418965
terraform,spark,2024-06,80,580,0.13793103448275862,0.027777777777777776,0.7976734524304113
terraform,spark,2024-07,88,565,0.15575221238938053,0.030555555555555555,0.8260890822862171
terraform,spark,2024-08,90,540,0.16666666666666666,0.03125,0.8421052631578947
terraform,spark,2024-09,79,535,0.14766355140186915,0.027430555555555555,0.7817482133040132
terraform,spark,2024-10,68,561,0.12121212121212122,0.02361111111111111,0.6081723154893887
terraform,spark,2024-11,88,548,0.16058394160583941,0.030555555555555555,0.827337659793949
terraform,spark,2024-12,85,533,0.15947467166979362,0.029513888888888888,0.9130955356043851
terraform,spark,2025-01,85,535,0.1588785046728972,0.029513888888888888,0.8457857550054416
terraform,spark,2025-02,105,543,0.19337016574585636,0.036458333333333336,1.056747774854016
terraform,spark,2025-03,73,544,0.13419117647058823,0.025347222222222222,0.6950909860347015
terraform,spark,2025-04,70,519,0.1348747591522158,0.024305555555555556,0.7287791864134737
terraform,spark,2025-05,79,554,0.14259927797833935,0.027430555555555555,0.7647782506100881
terraform,spark,2025-06,77,520,0.14807692307692308,0.02673611111111111,0.7739773837777468
terraform,sql,2024-01,78,498,0.1566265060240964,0.027083333333333334,0.8322589249988885
terraform,sql,2024-02,97,570,0.17017543859649123,0.033680555555555554,0.912672743310791
terraform,sql,2024-03,67,549,0.122040072859745,0.02326388888888889,0.6720371124972574
terraform,sql,2024-04,71,562,0.12633451957295375,0.024652777777777777,0.7024004177029088
terraform,sql,2024-05,91,513,0.17738791423001948,0.03159722222222222,0.9238285587386186
terraform,sql,2024-06,83,580,0.14310344827586208,0.028819444444444446,0.7372771574856579
terraform,sql,2024-07,91,565,0.16106194690265488,0.03159722222222222,0.825370831102573
terraform,sql,2024-08,77,540,0.1425925925925926,0.02673611111111111,0.8020833333333334
terraform,sql,2024-09,74,535,0.1383177570093458,0.025694444444444443,0.7025663848093755
terraform,sql,2024-10,97,561,0.17290552584670232,0.033680555555555554,0.9413382125491544
terraform,sql,2024-11,71,548,0.12956204379562045,0.024652777777777777,0.7330818980970273
terraform,sql,2024-12,85,533,0.15947467166979362,0.029513888888888888,0.8536934096821666
terraform,sql,2025-01,84,535,0.15700934579439252,0.029166666666666667,0.8499754058042301
terraform,sql,2025-02,83,543,0.15285451197053407,0.028819444444444446,0.7931909810362848
terraform,sql,2025-03,64,544,0.11764705882352941,0.022222222222222223,0.642928898314544
terraform,sql,2025-04,80,519,0.15414258188824662,0.027777777777777776,0.8027678767416822
terraform,sql,2025-05,77,554,0.13898916967509026,0.02673611111111111,0.7468074788512312
terraform,sql,2025-06,61,520,0.11730769230769231,0.021180555555555557,0.6176346505414148
terraform,tableau,2024-01,91,498,0.1827309236947791,0.03159722222222222,0.972763512460192
terraform,tableau,2024-02,84,570,0.14736842105263157,0.029166666666666667,0.7525195968645016
terraform,tableau,2024-03,89,549,0.1621129326047359,0.03090277777777778,0.8598254988980467
terraform,tableau,2024-04,88,562,0.15658362989323843,0.030555555555555555,0.8444959814466791
terraform,tableau,2024-05,68,513,0.13255360623781676,0.02361111111111111,0.7017543859649122
terraform,tableau,2024-06,84,580,0.14482758620689656,0.029166666666666667,0.830883363099327
terraform,tableau,2024-07,74,565,0.13097345132743363,0.025694444444444443,0.6759920068512704
terraform,tableau,2024-08,89,540,0.1648148148148148,0.03090277777777778,0.8416075650118203
terraform,tableau,2024-09,74,535,0.1383177570093458,0.025694444444444443,0.7857103356743902
terraform,tableau,2024-10,86,561,0.1532976827094474,0.029861111111111113,0.8175876411170528
terraform,tableau,2024-11,80,548,0.145985401459854,0.027777777777777776,0.7829384659299432
terraform,tableau,2024-12,85,533,0.15947467166979362,0.029513888888888888,0.8230950795860316
terraform,tableau,2025-01,63,535,0.11775700934579439,0.021875,0.6598058111204044
terraform,tableau,2025-02,73,543,0.13443830570902393,0.025347222222222222,0.7291569123201298
terraform,tableau,2025-03,78,544,0.14338235294117646,0.027083333333333334,0.741366564579153
terraform,tableau,2025-04,84,519,0.16184971098265896,0.029166666666666667,0.8308862168093722
terraform,tableau,2025-05,83,554,0.14981949458483754,0.028819444444444446,0.8250098363371551
terraform,tableau,2025-06,101,520,0.19423076923076923,0.035069444444444445,1.0115454166087077
