posting_id,company_id,rejection_reason,rejected_at,_source_file,rejection_details
JP000525,CMP074,no_skills_listed,2026-09-22T20:34:40.206068+00:00,postings.csv,skills_raw was empty
JP000551,CMP202,no_skills_listed,2026-09-22T20:34:40.206142+00:00,postings.csv,skills_raw was empty
JP000595,CMP249,no_skills_listed,2026-09-22T20:34:40.206188+00:00,postings.csv,skills_raw was empty
JP000603,CMP363,no_skills_listed,2026-09-22T20:34:40.206228+00:00,postings.csv,skills_raw was empty
JP000632,CMP374,no_skills_listed,2026-09-22T20:34:40.206267+00:00,postings.csv,skills_raw was empty
JP000633,CMP278,no_skills_listed,2026-09-22T20:34:40.206304+00:00,postings.csv,skills_raw was empty
JP000648,CMP326,no_skills_listed,2026-09-22T20:34:40.206342+00:00,postings.csv,skills_raw was empty
JP000720,CMP009,no_skills_listed,2026-09-22T20:34:40.206417+00:00,postings.csv,skills_raw was empty
JP000737,CMP013,no_skills_listed,2026-09-22T20:34:40.206464+00:00,postings.csv,skills_raw was empty
JP000751,CMP030,no_skills_listed,2026-09-22T20:34:40.206505+00:00,postings.csv,skills_raw was empty
JP000765,CMP282,no_skills_listed,2026-09-22T20:34:40.206544+00:00,postings.csv,skills_raw was empty
JP000862,CMP119,no_skills_listed,2026-09-22T20:34:40.206594+00:00,postings.csv,skills_raw was empty
JP000882,CMP031,no_skills_listed,2026-09-22T20:34:40.206633+00:00,postings.csv,skills_raw was empty
JP000899,CMP360,no_skills_listed,2026-09-22T20:34:40.206670+00:00,postings.csv,skills_raw was empty
JP000917,CMP211,no_skills_listed,2026-09-22T20:34:40.206708+00:00,postings.csv,skills_raw was empty
JP000918,CMP222,no_skills_listed,2026-09-22T20:34:40.206744+00:00,postings.csv,skills_raw was empty
JP000932,CMP257,no_skills_listed,2026-09-22T20:34:40.206780+00:00,postings.csv,skills_raw was empty
JP000975,CMP283,no_skills_listed,2026-09-22T20:34:40.206817+00:00,postings.csv,skills_raw was empty
JP000981,CMP249,no_skills_listed,2026-09-22T20:34:40.206854+00:00,postings.csv,skills_raw was empty
JP001431,CMP396,no_skills_listed,2026-09-22T20:34:40.206891+00:00,postings.csv,skills_raw was empty
JP001447,CMP355,no_skills_listed,2026-09-22T20:34:40.206926+00:00,postings.csv,skills_raw was empty
JP001475,CMP009,no_skills_listed,2026-09-22T20:34:40.206962+00:00,postings.csv,skills_raw was empty
JP001510,CMP111,no_skills_listed,2026-09-22T20:34:40.207036+00:00,postings.csv,skills_raw was empty
JP001545,CMP236,no_skills_listed,2026-09-22T20:34:40.207080+00:00,postings.csv,skills_raw was empty
JP001562,CMP278,no_skills_listed,2026-09-22T20:34:40.207121+00:00,postings.csv,skills_raw was empty
JP001578,CMP231,no_skills_listed,2026-09-22T20:34:40.207161+00:00,postings.csv,skills_raw was empty
JP001608,CMP145,no_skills_listed,2026-09-22T20:34:40.207199+00:00,postings.csv,skills_raw was empty
JP001610,CMP353,no_skills_listed,2026-09-22T20:34:40.207236+00:00,postings.csv,skills_raw was empty
JP001692,CMP066,no_skills_listed,2026-09-22T20:34:40.207273+00:00,postings.csv,skills_raw was empty
JP002691,CMP174,no_skills_listed,2026-09-22T20:34:40.207311+00:00,postings.csv,skills_raw was empty
JP002693,CMP350,no_skills_listed,2026-09-22T20:34:40.207346+00:00,postings.csv,skills_raw was empty
JP002702,CMP301,no_skills_listed,2026-09-22T20:34:40.207381+00:00,postings.csv,skills_raw was empty
JP002720,CMP289,no_skills_listed,2026-09-22T20:34:40.207417+00:00,postings.csv,skills_raw was empty
JP002727,CMP126,no_skills_listed,2026-09-22T20:34:40.207454+00:00,postings.csv,skills_raw was empty
JP002734,CMP169,no_skills_listed,2026-09-22T20:34:40.207491+00:00,postings.csv,skills_raw was empty
JP002736,CMP036,no_skills_listed,2026-09-22T20:34:40.207526+00:00,postings.csv,skills_raw was empty
JP002751,CMP011,no_skills_listed,2026-09-22T20:34:40.207567+00:00,postings.csv,skills_raw was empty
JP002756,CMP156,no_skills_listed,2026-09-22T20:34:40.207609+00:00,postings.csv,skills_raw was empty
JP002778,CMP187,no_skills_listed,2026-09-22T20:34:40.207645+00:00,postings.csv,skills_raw was empty
JP002795,CMP319,no_skills_listed,2026-09-22T20:34:40.207681+00:00,postings.csv,skills_raw was empty
JP002805,CMP376,no_skills_listed,2026-09-22T20:34:40.207718+00:00,postings.csv,skills_raw was empty
JP002823,CMP356,no_skills_listed,2026-09-22T20:34:40.207754+00:00,postings.csv,skills_raw was empty
JP002836,CMP218,no_skills_listed,2026-09-22T20:34:40.207789+00:00,postings.csv,skills_raw was empty
JP002858,CMP072,no_skills_listed,2026-09-22T20:34:40.207825+00:00,postings.csv,skills_raw was empty
JP002859,CMP084,no_skills_listed,2026-09-22T20:34:40.207860+00:00,postings.csv,skills_raw was empty
JP002891,CMP165,no_skills_listed,2026-09-22T20:34:40.207897+00:00,postings.csv,skills_raw was empty
JP002907,CMP117,no_skills_listed,2026-09-22T20:34:40.207932+00:00,postings.csv,skills_raw was empty
JP002914,CMP368,no_skills_listed,2026-09-22T20:34:40.207986+00:00,postings.csv,skills_raw was empty
JP002940,CMP235,no_skills_listed,2026-09-22T20:34:40.208035+00:00,postings.csv,skills_raw was empty
JP002971,CMP250,no_skills_listed,2026-09-22T20:34:40.208075+00:00,postings.csv,skills_raw was empty
JP003563,CMP208,no_skills_listed,2026-09-22T20:34:40.208113+00:00,postings.csv,skills_raw was empty
JP003580,CMP041,no_skills_listed,2026-09-22T20:34:40.208151+00:00,postings.csv,skills_raw was empty
JP003589,CMP335,no_skills_listed,2026-09-22T20:34:40.208189+00:00,postings.csv,skills_raw was empty
JP003620,CMP151,no_skills_listed,2026-09-22T20:34:40.208225+00:00,postings.csv,skills_raw was empty
JP003656,CMP395,no_skills_listed,2026-09-22T20:34:40.208262+00:00,postings.csv,skills_raw was empty
JP003665,CMP309,no_skills_listed,2026-09-22T20:34:40.208297+00:00,postings.csv,skills_raw was empty
JP003671,CMP216,no_skills_listed,2026-09-22T20:34:40.208334+00:00,postings.csv,skills_raw was empty
JP003684,CMP338,no_skills_listed,2026-09-22T20:34:40.208370+00:00,postings.csv,skills_raw was empty
JP003692,CMP150,no_skills_listed,2026-09-22T20:34:40.208404+00:00,postings.csv,skills_raw was empty
JP003706,CMP303,no_skills_listed,2026-09-22T20:34:40.208439+00:00,postings.csv,skills_raw was empty
JP003709,CMP131,no_skills_listed,2026-09-22T20:34:40.208475+00:00,postings.csv,skills_raw was empty
JP003739,CMP140,no_skills_listed,2026-09-22T20:34:40.208510+00:00,postings.csv,skills_raw was empty
JP003743,CMP229,no_skills_listed,2026-09-22T20:34:40.208546+00:00,postings.csv,skills_raw was empty
JP003772,CMP222,no_skills_listed,2026-09-22T20:34:40.208591+00:00,postings.csv,skills_raw was empty
JP003790,CMP365,no_skills_listed,2026-09-22T20:34:40.208628+00:00,postings.csv,skills_raw was empty
JP003849,CMP318,no_skills_listed,2026-09-22T20:34:40.208665+00:00,postings.csv,skills_raw was empty
JP003897,CMP192,no_skills_listed,2026-09-22T20:34:40.208701+00:00,postings.csv,skills_raw was empty
JP003917,CMP011,no_skills_listed,2026-09-22T20:34:40.208737+00:00,postings.csv,skills_raw was empty
JP003930,CMP319,no_skills_listed,2026-09-22T20:34:40.208772+00:00,postings.csv,skills_raw was empty
JP004431,CMP098,no_skills_listed,2026-09-22T20:34:40.208808+00:00,postings.csv,skills_raw was empty
JP004440,CMP056,no_skills_listed,2026-09-22T20:34:40.208843+00:00,postings.csv,skills_raw was empty
JP004448,CMP051,no_skills_listed,2026-09-22T20:34:40.208877+00:00,postings.csv,skills_raw was empty
JP004449,CMP345,no_skills_listed,2026-09-22T20:34:40.208913+00:00,postings.csv,skills_raw was empty
JP004454,CMP217,no_skills_listed,2026-09-22T20:34:40.208948+00:00,postings.csv,skills_raw was empty
JP004477,CMP365,no_skills_listed,2026-09-22T20:34:40.209010+00:00,postings.csv,skills_raw was empty
JP004483,CMP372,no_skills_listed,2026-09-22T20:34:40.209056+00:00,postings.csv,skills_raw was empty
JP004507,CMP238,no_skills_listed,2026-09-22T20:34:40.209096+00:00,postings.csv,skills_raw was empty
JP004525,CMP094,no_skills_listed,2026-09-22T20:34:40.209136+00:00,postings.csv,skills_raw was empty
JP004562,CMP111,no_skills_listed,2026-09-22T20:34:40.209173+00:00,postings.csv,skills_raw was empty
JP004572,CMP195,no_skills_listed,2026-09-22T20:34:40.209210+00:00,postings.csv,skills_raw was empty
JP004583,CMP066,no_skills_listed,2026-09-22T20:34:40.209246+00:00,postings.csv,skills_raw was empty
JP004628,CMP026,no_skills_listed,2026-09-22T20:34:40.209283+00:00,postings.csv,skills_raw was empty
JP004654,CMP197,no_skills_listed,2026-09-22T20:34:40.209319+00:00,postings.csv,skills_raw was empty
JP004735,CMP212,no_skills_listed,2026-09-22T20:34:40.209356+00:00,postings.csv,skills_raw was empty
JP004752,CMP101,no_skills_listed,2026-09-22T20:34:40.209392+00:00,postings.csv,skills_raw was empty
JP004756,CMP006,no_skills_listed,2026-09-22T20:34:40.209427+00:00,postings.csv,skills_raw was empty
JP004776,CMP397,no_skills_listed,2026-09-22T20:34:40.209462+00:00,postings.csv,skills_raw was empty
JP004791,CMP155,no_skills_listed,2026-09-22T20:34:40.209498+00:00,postings.csv,skills_raw was empty
JP004799,CMP164,no_skills_listed,2026-09-22T20:34:40.209532+00:00,postings.csv,skills_raw was empty
JP005657,CMP117,no_skills_listed,2026-09-22T20:34:40.209573+00:00,postings.csv,skills_raw was empty
JP005671,CMP174,no_skills_listed,2026-09-22T20:34:40.209615+00:00,postings.csv,skills_raw was empty
JP005684,CMP055,no_skills_listed,2026-09-22T20:34:40.209650+00:00,postings.csv,skills_raw was empty
JP005699,CMP171,no_skills_listed,2026-09-22T20:34:40.209686+00:00,postings.csv,skills_raw was empty
JP005700,CMP201,no_skills_listed,2026-09-22T20:34:40.209722+00:00,postings.csv,skills_raw was empty
JP005713,CMP349,no_skills_listed,2026-09-22T20:34:40.209755+00:00,postings.csv,skills_raw was empty
JP005744,CMP102,no_skills_listed,2026-09-22T20:34:40.209789+00:00,postings.csv,skills_raw was empty
JP005800,CMP081,no_skills_listed,2026-09-22T20:34:40.209824+00:00,postings.csv,skills_raw was empty
JP005889,CMP259,no_skills_listed,2026-09-22T20:34:40.209858+00:00,postings.csv,skills_raw was empty
JP005894,CMP128,no_skills_listed,2026-09-22T20:34:40.209893+00:00,postings.csv,skills_raw was empty
JP005918,CMP323,no_skills_listed,2026-09-22T20:34:40.209927+00:00,postings.csv,skills_raw was empty
JP006585,CMP173,no_skills_listed,2026-09-22T20:34:40.209961+00:00,postings.csv,skills_raw was empty
JP006611,CMP136,no_skills_listed,2026-09-22T20:34:40.210029+00:00,postings.csv,skills_raw was empty
JP006612,CMP290,no_skills_listed,2026-09-22T20:34:40.210070+00:00,postings.csv,skills_raw was empty
JP006656,CMP379,no_skills_listed,2026-09-22T20:34:40.210107+00:00,postings.csv,skills_raw was empty
JP006702,CMP175,no_skills_listed,2026-09-22T20:34:40.210143+00:00,postings.csv,skills_raw was empty
JP006706,CMP023,no_skills_listed,2026-09-22T20:34:40.210180+00:00,postings.csv,skills_raw was empty
JP006734,CMP014,no_skills_listed,2026-09-22T20:34:40.210217+00:00,postings.csv,skills_raw was empty
JP006743,CMP330,no_skills_listed,2026-09-22T20:34:40.210254+00:00,postings.csv,skills_raw was empty
JP006745,CMP329,no_skills_listed,2026-09-22T20:34:40.210290+00:00,postings.csv,skills_raw was empty
JP006777,CMP196,no_skills_listed,2026-09-22T20:34:40.210325+00:00,postings.csv,skills_raw was empty
JP006839,CMP180,no_skills_listed,2026-09-22T20:34:40.210382+00:00,postings.csv,skills_raw was empty
JP006901,CMP119,no_skills_listed,2026-09-22T20:34:40.210433+00:00,postings.csv,skills_raw was empty
JP006917,CMP063,no_skills_listed,2026-09-22T20:34:40.210473+00:00,postings.csv,skills_raw was empty
JP006919,CMP280,no_skills_listed,2026-09-22T20:34:40.210510+00:00,postings.csv,skills_raw was empty
JP006935,CMP251,no_skills_listed,2026-09-22T20:34:40.210553+00:00,postings.csv,skills_raw was empty
JP006955,CMP135,no_skills_listed,2026-09-22T20:34:40.210600+00:00,postings.csv,skills_raw was empty
JP006959,CMP070,no_skills_listed,2026-09-22T20:34:40.210637+00:00,postings.csv,skills_raw was empty
JP006982,CMP266,no_skills_listed,2026-09-22T20:34:40.210673+00:00,postings.csv,skills_raw was empty
JP006997,CMP173,no_skills_listed,2026-09-22T20:34:40.210709+00:00,postings.csv,skills_raw was empty
JP007484,CMP020,no_skills_listed,2026-09-22T20:34:40.210745+00:00,postings.csv,skills_raw was empty
JP007503,CMP337,no_skills_listed,2026-09-22T20:34:40.210780+00:00,postings.csv,skills_raw was empty
JP007517,CMP127,no_skills_listed,2026-09-22T20:34:40.210817+00:00,postings.csv,skills_raw was empty
JP007529,CMP213,no_skills_listed,2026-09-22T20:34:40.210852+00:00,postings.csv,skills_raw was empty
JP007544,CMP338,no_skills_listed,2026-09-22T20:34:40.210888+00:00,postings.csv,skills_raw was empty
JP007556,CMP166,no_skills_listed,2026-09-22T20:34:40.210923+00:00,postings.csv,skills_raw was empty
JP007561,CMP239,no_skills_listed,2026-09-22T20:34:40.210958+00:00,postings.csv,skills_raw was empty
JP007563,CMP266,no_skills_listed,2026-09-22T20:34:40.211024+00:00,postings.csv,skills_raw was empty
JP007634,CMP091,no_skills_listed,2026-09-22T20:34:40.211067+00:00,postings.csv,skills_raw was empty
JP007639,CMP026,no_skills_listed,2026-09-22T20:34:40.211104+00:00,postings.csv,skills_raw was empty
JP007673,CMP387,no_skills_listed,2026-09-22T20:34:40.211142+00:00,postings.csv,skills_raw was empty
JP007703,CMP355,no_skills_listed,2026-09-22T20:34:40.211180+00:00,postings.csv,skills_raw was empty
JP007726,CMP079,no_skills_listed,2026-09-22T20:34:40.211215+00:00,postings.csv,skills_raw was empty
JP007729,CMP322,no_skills_listed,2026-09-22T20:34:40.211251+00:00,postings.csv,skills_raw was empty
JP007792,CMP294,no_skills_listed,2026-09-22T20:34:40.211286+00:00,postings.csv,skills_raw was empty
JP007797,CMP085,no_skills_listed,2026-09-22T20:34:40.211320+00:00,postings.csv,skills_raw was empty
JP008638,CMP077,no_skills_listed,2026-09-22T20:34:40.211357+00:00,postings.csv,skills_raw was empty
JP008688,CMP246,no_skills_listed,2026-09-22T20:34:40.211393+00:00,postings.csv,skills_raw was empty
JP008710,CMP181,no_skills_listed,2026-09-22T20:34:40.211428+00:00,postings.csv,skills_raw was empty
JP008736,CMP287,no_skills_listed,2026-09-22T20:34:40.211463+00:00,postings.csv,skills_raw was empty
JP008740,CMP250,no_skills_listed,2026-09-22T20:34:40.211498+00:00,postings.csv,skills_raw was empty
JP008741,CMP074,no_skills_listed,2026-09-22T20:34:40.211532+00:00,postings.csv,skills_raw was empty
JP008779,CMP317,no_skills_listed,2026-09-22T20:34:40.211575+00:00,postings.csv,skills_raw was empty
JP008809,CMP348,no_skills_listed,2026-09-22T20:34:40.211617+00:00,postings.csv,skills_raw was empty
JP008830,CMP222,no_skills_listed,2026-09-22T20:34:40.211653+00:00,postings.csv,skills_raw was empty
JP008834,CMP169,no_skills_listed,2026-09-22T20:34:40.211732+00:00,postings.csv,skills_raw was empty
JP008898,CMP146,no_skills_listed,2026-09-22T20:34:40.211774+00:00,postings.csv,skills_raw was empty
JP008925,CMP006,no_skills_listed,2026-09-22T20:34:40.211812+00:00,postings.csv,skills_raw was empty
JP008947,CMP035,no_skills_listed,2026-09-22T20:34:40.211848+00:00,postings.csv,skills_raw was empty
JP008980,CMP185,no_skills_listed,2026-09-22T20:34:40.211883+00:00,postings.csv,skills_raw was empty
JP008985,CMP215,no_skills_listed,2026-09-22T20:34:40.211919+00:00,postings.csv,skills_raw was empty
JP009586,CMP087,no_skills_listed,2026-09-22T20:34:40.211954+00:00,postings.csv,skills_raw was empty
JP009615,CMP325,no_skills_listed,2026-09-22T20:34:40.212020+00:00,postings.csv,skills_raw was empty
JP009691,CMP139,no_skills_listed,2026-09-22T20:34:40.212062+00:00,postings.csv,skills_raw was empty
JP009695,CMP298,no_skills_listed,2026-09-22T20:34:40.212101+00:00,postings.csv,skills_raw was empty
JP009751,CMP283,no_skills_listed,2026-09-22T20:34:40.212139+00:00,postings.csv,skills_raw was empty
JP009764,CMP388,no_skills_listed,2026-09-22T20:34:40.212176+00:00,postings.csv,skills_raw was empty
JP009773,CMP288,no_skills_listed,2026-09-22T20:34:40.212211+00:00,postings.csv,skills_raw was empty
JP009787,CMP058,no_skills_listed,2026-09-22T20:34:40.212248+00:00,postings.csv,skills_raw was empty
JP009803,CMP117,no_skills_listed,2026-09-22T20:34:40.212284+00:00,postings.csv,skills_raw was empty
JP009909,CMP157,no_skills_listed,2026-09-22T20:34:40.212318+00:00,postings.csv,skills_raw was empty
JP009922,CMP263,no_skills_listed,2026-09-22T20:34:40.212354+00:00,postings.csv,skills_raw was empty
JP009923,CMP293,no_skills_listed,2026-09-22T20:34:40.212390+00:00,postings.csv,skills_raw was empty
JP009933,CMP068,no_skills_listed,2026-09-22T20:34:40.212425+00:00,postings.csv,skills_raw was empty
JP009968,CMP172,no_skills_listed,2026-09-22T20:34:40.212460+00:00,postings.csv,skills_raw was empty
JP009991,CMP344,no_skills_listed,2026-09-22T20:34:40.212495+00:00,postings.csv,skills_raw was empty
JP010455,CMP060,no_skills_listed,2026-09-22T20:34:40.212527+00:00,postings.csv,skills_raw was empty
JP010465,CMP259,no_skills_listed,2026-09-22T20:34:40.212565+00:00,postings.csv,skills_raw was empty
JP010499,CMP118,no_skills_listed,2026-09-22T20:34:40.212603+00:00,postings.csv,skills_raw was empty
JP010505,CMP213,no_skills_listed,2026-09-22T20:34:40.212636+00:00,postings.csv,skills_raw was empty
JP010521,CMP064,no_skills_listed,2026-09-22T20:34:40.212669+00:00,postings.csv,skills_raw was empty
JP010529,CMP335,no_skills_listed,2026-09-22T20:34:40.212709+00:00,postings.csv,skills_raw was empty
JP010544,CMP154,no_skills_listed,2026-09-22T20:34:40.212746+00:00,postings.csv,skills_raw was empty
JP010556,CMP326,no_skills_listed,2026-09-22T20:34:40.212778+00:00,postings.csv,skills_raw was empty
JP010578,CMP025,no_skills_listed,2026-09-22T20:34:40.212810+00:00,postings.csv,skills_raw was empty
JP010594,CMP166,no_skills_listed,2026-09-22T20:34:40.212840+00:00,postings.csv,skills_raw was empty
JP010596,CMP370,no_skills_listed,2026-09-22T20:34:40.212870+00:00,postings.csv,skills_raw was empty
JP010610,CMP054,no_skills_listed,2026-09-22T20:34:40.212902+00:00,postings.csv,skills_raw was empty
JP010615,CMP327,no_skills_listed,2026-09-22T20:34:40.212934+00:00,postings.csv,skills_raw was empty
JP010633,CMP300,no_skills_listed,2026-09-22T20:34:40.212979+00:00,postings.csv,skills_raw was empty
JP010641,CMP005,no_skills_listed,2026-09-22T20:34:40.213024+00:00,postings.csv,skills_raw was empty
JP010646,CMP279,no_skills_listed,2026-09-22T20:34:40.213060+00:00,postings.csv,skills_raw was empty
JP010659,CMP152,no_skills_listed,2026-09-22T20:34:40.213096+00:00,postings.csv,skills_raw was empty
JP010703,CMP397,no_skills_listed,2026-09-22T20:34:40.213130+00:00,postings.csv,skills_raw was empty
JP010733,CMP249,no_skills_listed,2026-09-22T20:34:40.213163+00:00,postings.csv,skills_raw was empty
JP010758,CMP016,no_skills_listed,2026-09-22T20:34:40.213195+00:00,postings.csv,skills_raw was empty
JP010761,CMP387,no_skills_listed,2026-09-22T20:34:40.213227+00:00,postings.csv,skills_raw was empty
JP010763,CMP255,no_skills_listed,2026-09-22T20:34:40.213260+00:00,postings.csv,skills_raw was empty
JP010769,CMP053,no_skills_listed,2026-09-22T20:34:40.213292+00:00,postings.csv,skills_raw was empty
JP010770,CMP236,no_skills_listed,2026-09-22T20:34:40.213324+00:00,postings.csv,skills_raw was empty
JP010784,CMP399,no_skills_listed,2026-09-22T20:34:40.213365+00:00,postings.csv,skills_raw was empty
JP011579,CMP337,no_skills_listed,2026-09-22T20:34:40.213416+00:00,postings.csv,skills_raw was empty
JP011610,CMP360,no_skills_listed,2026-09-22T20:34:40.213452+00:00,postings.csv,skills_raw was empty
JP011653,CMP161,no_skills_listed,2026-09-22T20:34:40.213485+00:00,postings.csv,skills_raw was empty
JP011683,CMP196,no_skills_listed,2026-09-22T20:34:40.213518+00:00,postings.csv,skills_raw was empty
JP011720,CMP015,no_skills_listed,2026-09-22T20:34:40.213552+00:00,postings.csv,skills_raw was empty
JP011723,CMP039,no_skills_listed,2026-09-22T20:34:40.213595+00:00,postings.csv,skills_raw was empty
JP011762,CMP113,no_skills_listed,2026-09-22T20:34:40.213629+00:00,postings.csv,skills_raw was empty
JP011790,CMP345,no_skills_listed,2026-09-22T20:34:40.213662+00:00,postings.csv,skills_raw was empty
JP011863,CMP397,no_skills_listed,2026-09-22T20:34:40.213692+00:00,postings.csv,skills_raw was empty
JP011918,CMP057,no_skills_listed,2026-09-22T20:34:40.213724+00:00,postings.csv,skills_raw was empty
JP012612,CMP048,no_skills_listed,2026-09-22T20:34:40.213756+00:00,postings.csv,skills_raw was empty
JP012615,CMP282,no_skills_listed,2026-09-22T20:34:40.213788+00:00,postings.csv,skills_raw was empty
JP012618,CMP203,no_skills_listed,2026-09-22T20:34:40.213819+00:00,postings.csv,skills_raw was empty
JP012653,CMP218,no_skills_listed,2026-09-22T20:34:40.213850+00:00,postings.csv,skills_raw was empty
JP012655,CMP078,no_skills_listed,2026-09-22T20:34:40.213881+00:00,postings.csv,skills_raw was empty
JP012664,CMP239,no_skills_listed,2026-09-22T20:34:40.213912+00:00,postings.csv,skills_raw was empty
JP012709,CMP027,no_skills_listed,2026-09-22T20:34:40.213943+00:00,postings.csv,skills_raw was empty
JP012712,CMP327,no_skills_listed,2026-09-22T20:34:40.213993+00:00,postings.csv,skills_raw was empty
JP012732,CMP167,no_skills_listed,2026-09-22T20:34:40.214035+00:00,postings.csv,skills_raw was empty
JP012735,CMP075,no_skills_listed,2026-09-22T20:34:40.214069+00:00,postings.csv,skills_raw was empty
JP012775,CMP191,no_skills_listed,2026-09-22T20:34:40.214102+00:00,postings.csv,skills_raw was empty
JP012811,CMP041,no_skills_listed,2026-09-22T20:34:40.214134+00:00,postings.csv,skills_raw was empty
JP012824,CMP222,no_skills_listed,2026-09-22T20:34:40.214166+00:00,postings.csv,skills_raw was empty
JP012829,CMP058,no_skills_listed,2026-09-22T20:34:40.214206+00:00,postings.csv,skills_raw was empty
JP012835,CMP095,no_skills_listed,2026-09-22T20:34:40.214246+00:00,postings.csv,skills_raw was empty
JP012846,CMP285,no_skills_listed,2026-09-22T20:34:40.214278+00:00,postings.csv,skills_raw was empty
JP012881,CMP355,no_skills_listed,2026-09-22T20:34:40.214309+00:00,postings.csv,skills_raw was empty
JP012929,CMP260,no_skills_listed,2026-09-22T20:34:40.214340+00:00,postings.csv,skills_raw was empty
JP012931,CMP072,no_skills_listed,2026-09-22T20:34:40.214398+00:00,postings.csv,skills_raw was empty
JP012966,CMP390,no_skills_listed,2026-09-22T20:34:40.214439+00:00,postings.csv,skills_raw was empty
JP013572,CMP124,no_skills_listed,2026-09-22T20:34:40.214475+00:00,postings.csv,skills_raw was empty
JP013598,CMP107,no_skills_listed,2026-09-22T20:34:40.214509+00:00,postings.csv,skills_raw was empty
JP013643,CMP201,no_skills_listed,2026-09-22T20:34:40.214542+00:00,postings.csv,skills_raw was empty
JP013653,CMP270,no_skills_listed,2026-09-22T20:34:40.214581+00:00,postings.csv,skills_raw was empty
JP013661,CMP238,no_skills_listed,2026-09-22T20:34:40.214616+00:00,postings.csv,skills_raw was empty
JP013695,CMP199,no_skills_listed,2026-09-22T20:34:40.214648+00:00,postings.csv,skills_raw was empty
JP013722,CMP140,no_skills_listed,2026-09-22T20:34:40.214680+00:00,postings.csv,skills_raw was empty
JP013738,CMP356,no_skills_listed,2026-09-22T20:34:40.214713+00:00,postings.csv,skills_raw was empty
JP013797,CMP133,no_skills_listed,2026-09-22T20:34:40.214745+00:00,postings.csv,skills_raw was empty
JP014508,CMP019,no_skills_listed,2026-09-22T20:34:40.214777+00:00,postings.csv,skills_raw was empty
JP014533,CMP248,no_skills_listed,2026-09-22T20:34:40.214808+00:00,postings.csv,skills_raw was empty
JP014540,CMP305,no_skills_listed,2026-09-22T20:34:40.214840+00:00,postings.csv,skills_raw was empty
JP014554,CMP116,no_skills_listed,2026-09-22T20:34:40.214872+00:00,postings.csv,skills_raw was empty
JP014613,CMP242,no_skills_listed,2026-09-22T20:34:40.214906+00:00,postings.csv,skills_raw was empty
JP014619,CMP225,no_skills_listed,2026-09-22T20:34:40.214938+00:00,postings.csv,skills_raw was empty
JP014679,CMP240,no_skills_listed,2026-09-22T20:34:40.214989+00:00,postings.csv,skills_raw was empty
JP014693,CMP346,no_skills_listed,2026-09-22T20:34:40.215032+00:00,postings.csv,skills_raw was empty
JP014710,CMP363,no_skills_listed,2026-09-22T20:34:40.215068+00:00,postings.csv,skills_raw was empty
JP014734,CMP237,no_skills_listed,2026-09-22T20:34:40.215102+00:00,postings.csv,skills_raw was empty
JP014763,CMP155,no_skills_listed,2026-09-22T20:34:40.215135+00:00,postings.csv,skills_raw was empty
JP014767,CMP393,no_skills_listed,2026-09-22T20:34:40.215167+00:00,postings.csv,skills_raw was empty
JP014774,CMP045,no_skills_listed,2026-09-22T20:34:40.215200+00:00,postings.csv,skills_raw was empty
JP014798,CMP317,no_skills_listed,2026-09-22T20:34:40.215232+00:00,postings.csv,skills_raw was empty
JP014827,CMP229,no_skills_listed,2026-09-22T20:34:40.215265+00:00,postings.csv,skills_raw was empty
JP014845,CMP306,no_skills_listed,2026-09-22T20:34:40.215298+00:00,postings.csv,skills_raw was empty
JP014856,CMP373,no_skills_listed,2026-09-22T20:34:40.215331+00:00,postings.csv,skills_raw was empty
JP014915,CMP186,no_skills_listed,2026-09-22T20:34:40.215363+00:00,postings.csv,skills_raw was empty
JP014935,CMP245,no_skills_listed,2026-09-22T20:34:40.215395+00:00,postings.csv,skills_raw was empty
JP014980,CMP139,no_skills_listed,2026-09-22T20:34:40.215428+00:00,postings.csv,skills_raw was empty
JP014986,CMP100,no_skills_listed,2026-09-22T20:34:40.215459+00:00,postings.csv,skills_raw was empty
JP015676,CMP265,no_skills_listed,2026-09-22T20:34:40.215491+00:00,postings.csv,skills_raw was empty
JP015709,CMP152,no_skills_listed,2026-09-22T20:34:40.215523+00:00,postings.csv,skills_raw was empty
JP015786,CMP396,no_skills_listed,2026-09-22T20:34:40.215554+00:00,postings.csv,skills_raw was empty
JP015813,CMP328,no_skills_listed,2026-09-22T20:34:40.215594+00:00,postings.csv,skills_raw was empty
JP015869,CMP392,no_skills_listed,2026-09-22T20:34:40.215626+00:00,postings.csv,skills_raw was empty
JP015886,CMP284,no_skills_listed,2026-09-22T20:34:40.215657+00:00,postings.csv,skills_raw was empty
JP015890,CMP188,no_skills_listed,2026-09-22T20:34:40.215689+00:00,postings.csv,skills_raw was empty
JP015913,CMP252,no_skills_listed,2026-09-22T20:34:40.215720+00:00,postings.csv,skills_raw was empty
JP015923,CMP046,no_skills_listed,2026-09-22T20:34:40.215751+00:00,postings.csv,skills_raw was empty
JP015965,CMP338,no_skills_listed,2026-09-22T20:34:40.215782+00:00,postings.csv,skills_raw was empty
JP015978,CMP370,no_skills_listed,2026-09-22T20:34:40.215813+00:00,postings.csv,skills_raw was empty
JP016502,CMP363,no_skills_listed,2026-09-22T20:34:40.215843+00:00,postings.csv,skills_raw was empty
JP016531,CMP268,no_skills_listed,2026-09-22T20:34:40.215874+00:00,postings.csv,skills_raw was empty
JP016536,CMP234,no_skills_listed,2026-09-22T20:34:40.215906+00:00,postings.csv,skills_raw was empty
JP016571,CMP014,no_skills_listed,2026-09-22T20:34:40.215940+00:00,postings.csv,skills_raw was empty
JP016620,CMP250,no_skills_listed,2026-09-22T20:34:40.215990+00:00,postings.csv,skills_raw was empty
JP016629,CMP046,no_skills_listed,2026-09-22T20:34:40.216032+00:00,postings.csv,skills_raw was empty
JP016652,CMP213,no_skills_listed,2026-09-22T20:34:40.216068+00:00,postings.csv,skills_raw was empty
JP016705,CMP104,no_skills_listed,2026-09-22T20:34:40.216103+00:00,postings.csv,skills_raw was empty
JP016706,CMP251,no_skills_listed,2026-09-22T20:34:40.216137+00:00,postings.csv,skills_raw was empty
JP016715,CMP022,no_skills_listed,2026-09-22T20:34:40.216171+00:00,postings.csv,skills_raw was empty
JP016736,CMP271,no_skills_listed,2026-09-22T20:34:40.216204+00:00,postings.csv,skills_raw was empty
JP016765,CMP135,no_skills_listed,2026-09-22T20:34:40.216236+00:00,postings.csv,skills_raw was empty
JP017500,CMP396,no_skills_listed,2026-09-22T20:34:40.216268+00:00,postings.csv,skills_raw was empty
JP017517,CMP209,no_skills_listed,2026-09-22T20:34:40.216299+00:00,postings.csv,skills_raw was empty
JP017520,CMP268,no_skills_listed,2026-09-22T20:34:40.216332+00:00,postings.csv,skills_raw was empty
JP017526,CMP036,no_skills_listed,2026-09-22T20:34:40.216364+00:00,postings.csv,skills_raw was empty
JP017538,CMP084,no_skills_listed,2026-09-22T20:34:40.216395+00:00,postings.csv,skills_raw was empty
JP017545,CMP017,no_skills_listed,2026-09-22T20:34:40.216427+00:00,postings.csv,skills_raw was empty
JP017555,CMP314,no_skills_listed,2026-09-22T20:34:40.216458+00:00,postings.csv,skills_raw was empty
JP017557,CMP086,no_skills_listed,2026-09-22T20:34:40.216489+00:00,postings.csv,skills_raw was empty
JP017566,CMP351,no_skills_listed,2026-09-22T20:34:40.216518+00:00,postings.csv,skills_raw was empty
JP017579,CMP229,no_skills_listed,2026-09-22T20:34:40.216549+00:00,postings.csv,skills_raw was empty
JP017583,CMP240,no_skills_listed,2026-09-22T20:34:40.216589+00:00,postings.csv,skills_raw was empty
JP017647,CMP162,no_skills_listed,2026-09-22T20:34:40.216622+00:00,postings.csv,skills_raw was empty
JP017702,CMP099,no_skills_listed,2026-09-22T20:34:40.216654+00:00,postings.csv,skills_raw was empty
JP017706,CMP387,no_skills_listed,2026-09-22T20:34:40.216685+00:00,postings.csv,skills_raw was empty
JP017741,CMP308,no_skills_listed,2026-09-22T20:34:40.216717+00:00,postings.csv,skills_raw was empty
JP017793,CMP297,no_skills_listed,2026-09-22T20:34:40.216748+00:00,postings.csv,skills_raw was empty
JP017808,CMP200,no_skills_listed,2026-09-22T20:34:40.216780+00:00,postings.csv,skills_raw was empty
JP017814,CMP231,no_skills_listed,2026-09-22T20:34:40.216812+00:00,postings.csv,skills_raw was empty
JP017831,CMP227,no_skills_listed,2026-09-22T20:34:40.216844+00:00,postings.csv,skills_raw was empty
JP017839,CMP120,no_skills_listed,2026-09-22T20:34:40.216875+00:00,postings.csv,skills_raw was empty
JP017884,CMP067,no_skills_listed,2026-09-22T20:34:40.216906+00:00,postings.csv,skills_raw was empty
JP017902,CMP223,no_skills_listed,2026-09-22T20:34:40.216935+00:00,postings.csv,skills_raw was empty
JP017915,CMP007,no_skills_listed,2026-09-22T20:34:40.216980+00:00,postings.csv,skills_raw was empty
JP017976,CMP094,no_skills_listed,2026-09-22T20:34:40.217026+00:00,postings.csv,skills_raw was empty
JP017989,CMP044,no_skills_listed,2026-09-22T20:34:40.217062+00:00,postings.csv,skills_raw was empty
JP017995,CMP320,no_skills_listed,2026-09-22T20:34:40.217096+00:00,postings.csv,skills_raw was empty
JP017997,CMP321,no_skills_listed,2026-09-22T20:34:40.217128+00:00,postings.csv,skills_raw was empty
JP018659,CMP131,no_skills_listed,2026-09-22T20:34:40.217161+00:00,postings.csv,skills_raw was empty
JP018701,CMP055,no_skills_listed,2026-09-22T20:34:40.217193+00:00,postings.csv,skills_raw was empty
JP018713,CMP387,no_skills_listed,2026-09-22T20:34:40.217225+00:00,postings.csv,skills_raw was empty
JP018730,CMP214,no_skills_listed,2026-09-22T20:34:40.217256+00:00,postings.csv,skills_raw was empty
JP018742,CMP330,no_skills_listed,2026-09-22T20:34:40.217287+00:00,postings.csv,skills_raw was empty
JP018753,CMP333,no_skills_listed,2026-09-22T20:34:40.217318+00:00,postings.csv,skills_raw was empty
JP018807,CMP209,no_skills_listed,2026-09-22T20:34:40.217348+00:00,postings.csv,skills_raw was empty
JP018834,CMP227,no_skills_listed,2026-09-22T20:34:40.217379+00:00,postings.csv,skills_raw was empty
JP018845,CMP040,no_skills_listed,2026-09-22T20:34:40.217410+00:00,postings.csv,skills_raw was empty
JP018899,CMP030,no_skills_listed,2026-09-22T20:34:40.217442+00:00,postings.csv,skills_raw was empty
JP018911,CMP056,no_skills_listed,2026-09-22T20:34:40.217473+00:00,postings.csv,skills_raw was empty
JP018987,CMP118,no_skills_listed,2026-09-22T20:34:40.217503+00:00,postings.csv,skills_raw was empty
JP019508,CMP167,no_skills_listed,2026-09-22T20:34:40.217535+00:00,postings.csv,skills_raw was empty
JP019513,CMP060,no_skills_listed,2026-09-22T20:34:40.217573+00:00,postings.csv,skills_raw was empty
JP019551,CMP059,no_skills_listed,2026-09-22T20:34:40.217609+00:00,postings.csv,skills_raw was empty
JP019565,CMP206,no_skills_listed,2026-09-22T20:34:40.217641+00:00,postings.csv,skills_raw was empty
JP019577,CMP277,no_skills_listed,2026-09-22T20:34:40.217673+00:00,postings.csv,skills_raw was empty
JP019589,CMP279,no_skills_listed,2026-09-22T20:34:40.217705+00:00,postings.csv,skills_raw was empty
JP019611,CMP121,no_skills_listed,2026-09-22T20:34:40.217736+00:00,postings.csv,skills_raw was empty
JP019614,CMP308,no_skills_listed,2026-09-22T20:34:40.217769+00:00,postings.csv,skills_raw was empty
JP019641,CMP173,no_skills_listed,2026-09-22T20:34:40.217800+00:00,postings.csv,skills_raw was empty
JP019650,CMP164,no_skills_listed,2026-09-22T20:34:40.217848+00:00,postings.csv,skills_raw was empty
JP019678,CMP009,no_skills_listed,2026-09-22T20:34:40.217892+00:00,postings.csv,skills_raw was empty
JP019692,CMP005,no_skills_listed,2026-09-22T20:34:40.217926+00:00,postings.csv,skills_raw was empty
JP019705,CMP327,no_skills_listed,2026-09-22T20:34:40.217958+00:00,postings.csv,skills_raw was empty
JP019721,CMP041,no_skills_listed,2026-09-22T20:34:40.218016+00:00,postings.csv,skills_raw was empty
JP019737,CMP305,no_skills_listed,2026-09-22T20:34:40.218054+00:00,postings.csv,skills_raw was empty
JP019758,CMP012,no_skills_listed,2026-09-22T20:34:40.218088+00:00,postings.csv,skills_raw was empty
JP019772,CMP136,no_skills_listed,2026-09-22T20:34:40.218121+00:00,postings.csv,skills_raw was empty
JP019778,CMP043,no_skills_listed,2026-09-22T20:34:40.218154+00:00,postings.csv,skills_raw was empty
JP020475,CMP089,no_skills_listed,2026-09-22T20:34:40.218187+00:00,postings.csv,skills_raw was empty
JP020487,CMP237,no_skills_listed,2026-09-22T20:34:40.218247+00:00,postings.csv,skills_raw was empty
JP020509,CMP114,no_skills_listed,2026-09-22T20:34:40.218284+00:00,postings.csv,skills_raw was empty
JP020533,CMP049,no_skills_listed,2026-09-22T20:34:40.218319+00:00,postings.csv,skills_raw was empty
JP020596,CMP180,no_skills_listed,2026-09-22T20:34:40.218352+00:00,postings.csv,skills_raw was empty
JP020627,CMP162,no_skills_listed,2026-09-22T20:34:40.218419+00:00,postings.csv,skills_raw was empty
JP020722,CMP022,no_skills_listed,2026-09-22T20:34:40.218459+00:00,postings.csv,skills_raw was empty
JP020738,CMP236,no_skills_listed,2026-09-22T20:34:40.218496+00:00,postings.csv,skills_raw was empty
JP020739,CMP332,no_skills_listed,2026-09-22T20:34:40.218531+00:00,postings.csv,skills_raw was empty
JP020754,CMP365,no_skills_listed,2026-09-22T20:34:40.218572+00:00,postings.csv,skills_raw was empty
JP020775,CMP060,no_skills_listed,2026-09-22T20:34:40.218609+00:00,postings.csv,skills_raw was empty
JP020789,CMP346,no_skills_listed,2026-09-22T20:34:40.218643+00:00,postings.csv,skills_raw was empty
JP020790,CMP174,no_skills_listed,2026-09-22T20:34:40.218676+00:00,postings.csv,skills_raw was empty
JP020822,CMP359,no_skills_listed,2026-09-22T20:34:40.218708+00:00,postings.csv,skills_raw was empty
JP020831,CMP007,no_skills_listed,2026-09-22T20:34:40.218740+00:00,postings.csv,skills_raw was empty
JP020837,CMP223,no_skills_listed,2026-09-22T20:34:40.218772+00:00,postings.csv,skills_raw was empty
JP020879,CMP294,no_skills_listed,2026-09-22T20:34:40.218804+00:00,postings.csv,skills_raw was empty
JP020892,CMP074,no_skills_listed,2026-09-22T20:34:40.218837+00:00,postings.csv,skills_raw was empty
JP020910,CMP377,no_skills_listed,2026-09-22T20:34:40.218868+00:00,postings.csv,skills_raw was empty
JP020962,CMP076,no_skills_listed,2026-09-22T20:34:40.218900+00:00,postings.csv,skills_raw was empty
JP021721,CMP039,no_skills_listed,2026-09-22T20:34:40.218931+00:00,postings.csv,skills_raw was empty
JP021726,CMP008,no_skills_listed,2026-09-22T20:34:40.218976+00:00,postings.csv,skills_raw was empty
JP021732,CMP311,no_skills_listed,2026-09-22T20:34:40.219025+00:00,postings.csv,skills_raw was empty
JP021763,CMP171,no_skills_listed,2026-09-22T20:34:40.219063+00:00,postings.csv,skills_raw was empty
JP021769,CMP356,no_skills_listed,2026-09-22T20:34:40.219101+00:00,postings.csv,skills_raw was empty
JP021837,CMP376,no_skills_listed,2026-09-22T20:34:40.219138+00:00,postings.csv,skills_raw was empty
JP021849,CMP262,no_skills_listed,2026-09-22T20:34:40.219174+00:00,postings.csv,skills_raw was empty
JP021891,CMP264,no_skills_listed,2026-09-22T20:34:40.219212+00:00,postings.csv,skills_raw was empty
JP021911,CMP255,no_skills_listed,2026-09-22T20:34:40.219247+00:00,postings.csv,skills_raw was empty
JP021961,CMP167,no_skills_listed,2026-09-22T20:34:40.219283+00:00,postings.csv,skills_raw was empty
JP022529,CMP398,no_skills_listed,2026-09-22T20:34:40.219318+00:00,postings.csv,skills_raw was empty
JP022535,CMP392,no_skills_listed,2026-09-22T20:34:40.219353+00:00,postings.csv,skills_raw was empty
JP022550,CMP392,no_skills_listed,2026-09-22T20:34:40.219388+00:00,postings.csv,skills_raw was empty
JP022554,CMP118,no_skills_listed,2026-09-22T20:34:40.219423+00:00,postings.csv,skills_raw was empty
JP022557,CMP108,no_skills_listed,2026-09-22T20:34:40.219458+00:00,postings.csv,skills_raw was empty
JP022576,CMP123,no_skills_listed,2026-09-22T20:34:40.219493+00:00,postings.csv,skills_raw was empty
JP022587,CMP108,no_skills_listed,2026-09-22T20:34:40.219529+00:00,postings.csv,skills_raw was empty
JP022589,CMP317,no_skills_listed,2026-09-22T20:34:40.219571+00:00,postings.csv,skills_raw was empty
JP022591,CMP192,no_skills_listed,2026-09-22T20:34:40.219612+00:00,postings.csv,skills_raw was empty
JP022608,CMP326,no_skills_listed,2026-09-22T20:34:40.219649+00:00,postings.csv,skills_raw was empty
JP022660,CMP018,no_skills_listed,2026-09-22T20:34:40.219685+00:00,postings.csv,skills_raw was empty
JP022661,CMP234,no_skills_listed,2026-09-22T20:34:40.219722+00:00,postings.csv,skills_raw was empty
JP022690,CMP027,no_skills_listed,2026-09-22T20:34:40.219757+00:00,postings.csv,skills_raw was empty
JP022796,CMP354,no_skills_listed,2026-09-22T20:34:40.219793+00:00,postings.csv,skills_raw was empty
JP023407,CMP392,no_skills_listed,2026-09-22T20:34:40.219828+00:00,postings.csv,skills_raw was empty
JP023419,CMP184,no_skills_listed,2026-09-22T20:34:40.219862+00:00,postings.csv,skills_raw was empty
JP023448,CMP110,no_skills_listed,2026-09-22T20:34:40.219898+00:00,postings.csv,skills_raw was empty
JP023508,CMP019,no_skills_listed,2026-09-22T20:34:40.219933+00:00,postings.csv,skills_raw was empty
JP023563,CMP393,no_skills_listed,2026-09-22T20:34:40.219986+00:00,postings.csv,skills_raw was empty
JP023589,CMP153,no_skills_listed,2026-09-22T20:34:40.220035+00:00,postings.csv,skills_raw was empty
JP023632,CMP290,no_skills_listed,2026-09-22T20:34:40.220075+00:00,postings.csv,skills_raw was empty
JP023642,CMP259,no_skills_listed,2026-09-22T20:34:40.220113+00:00,postings.csv,skills_raw was empty
JP023645,CMP361,no_skills_listed,2026-09-22T20:34:40.220149+00:00,postings.csv,skills_raw was empty
JP023668,CMP261,no_skills_listed,2026-09-22T20:34:40.220186+00:00,postings.csv,skills_raw was empty
JP023734,CMP251,no_skills_listed,2026-09-22T20:34:40.220223+00:00,postings.csv,skills_raw was empty
JP023743,CMP283,no_skills_listed,2026-09-22T20:34:40.220258+00:00,postings.csv,skills_raw was empty
JP023752,CMP196,no_skills_listed,2026-09-22T20:34:40.220293+00:00,postings.csv,skills_raw was empty
JP023788,CMP027,no_skills_listed,2026-09-22T20:34:40.220329+00:00,postings.csv,skills_raw was empty
JP023821,CMP061,no_skills_listed,2026-09-22T20:34:40.220364+00:00,postings.csv,skills_raw was empty
JP023830,CMP288,no_skills_listed,2026-09-22T20:34:40.220399+00:00,postings.csv,skills_raw was empty
JP023856,CMP396,no_skills_listed,2026-09-22T20:34:40.220435+00:00,postings.csv,skills_raw was empty
JP023858,CMP334,no_skills_listed,2026-09-22T20:34:40.220471+00:00,postings.csv,skills_raw was empty
JP023869,CMP143,no_skills_listed,2026-09-22T20:34:40.220506+00:00,postings.csv,skills_raw was empty
JP023884,CMP088,no_skills_listed,2026-09-22T20:34:40.220540+00:00,postings.csv,skills_raw was empty
JP023915,CMP397,no_skills_listed,2026-09-22T20:34:40.220582+00:00,postings.csv,skills_raw was empty
JP023928,CMP197,no_skills_listed,2026-09-22T20:34:40.220620+00:00,postings.csv,skills_raw was empty
JP023937,CMP179,no_skills_listed,2026-09-22T20:34:40.220655+00:00,postings.csv,skills_raw was empty
JP023954,CMP107,no_skills_listed,2026-09-22T20:34:40.220689+00:00,postings.csv,skills_raw was empty
JP023982,CMP077,no_skills_listed,2026-09-22T20:34:40.220724+00:00,postings.csv,skills_raw was empty
JP023985,CMP261,no_skills_listed,2026-09-22T20:34:40.220758+00:00,postings.csv,skills_raw was empty
JP024728,CMP150,no_skills_listed,2026-09-22T20:34:40.220793+00:00,postings.csv,skills_raw was empty
JP024739,CMP175,no_skills_listed,2026-09-22T20:34:40.220828+00:00,postings.csv,skills_raw was empty
JP024756,CMP244,no_skills_listed,2026-09-22T20:34:40.220862+00:00,postings.csv,skills_raw was empty
JP024762,CMP147,no_skills_listed,2026-09-22T20:34:40.220897+00:00,postings.csv,skills_raw was empty
JP024772,CMP031,no_skills_listed,2026-09-22T20:34:40.220931+00:00,postings.csv,skills_raw was empty
JP024781,CMP141,no_skills_listed,2026-09-22T20:34:40.220980+00:00,postings.csv,skills_raw was empty
JP024796,CMP135,no_skills_listed,2026-09-22T20:34:40.221031+00:00,postings.csv,skills_raw was empty
JP024841,CMP045,no_skills_listed,2026-09-22T20:34:40.221070+00:00,postings.csv,skills_raw was empty
JP024845,CMP384,no_skills_listed,2026-09-22T20:34:40.221107+00:00,postings.csv,skills_raw was empty
JP024876,CMP181,no_skills_listed,2026-09-22T20:34:40.221144+00:00,postings.csv,skills_raw was empty
JP024881,CMP003,no_skills_listed,2026-09-22T20:34:40.221180+00:00,postings.csv,skills_raw was empty
JP024888,CMP135,no_skills_listed,2026-09-22T20:34:40.221216+00:00,postings.csv,skills_raw was empty
JP024905,CMP315,no_skills_listed,2026-09-22T20:34:40.221252+00:00,postings.csv,skills_raw was empty
JP024966,CMP089,no_skills_listed,2026-09-22T20:34:40.221288+00:00,postings.csv,skills_raw was empty
JP024999,CMP003,no_skills_listed,2026-09-22T20:34:40.221323+00:00,postings.csv,skills_raw was empty
JP025596,CMP018,no_skills_listed,2026-09-22T20:34:40.221358+00:00,postings.csv,skills_raw was empty
JP025599,CMP113,no_skills_listed,2026-09-22T20:34:40.221394+00:00,postings.csv,skills_raw was empty
JP025650,CMP052,no_skills_listed,2026-09-22T20:34:40.221429+00:00,postings.csv,skills_raw was empty
JP025689,CMP254,no_skills_listed,2026-09-22T20:34:40.221463+00:00,postings.csv,skills_raw was empty
JP025697,CMP068,no_skills_listed,2026-09-22T20:34:40.221496+00:00,postings.csv,skills_raw was empty
JP025709,CMP199,no_skills_listed,2026-09-22T20:34:40.221529+00:00,postings.csv,skills_raw was empty
JP025726,CMP245,no_skills_listed,2026-09-22T20:34:40.221568+00:00,postings.csv,skills_raw was empty
JP025731,CMP383,no_skills_listed,2026-09-22T20:34:40.221610+00:00,postings.csv,skills_raw was empty
JP025751,CMP162,no_skills_listed,2026-09-22T20:34:40.221645+00:00,postings.csv,skills_raw was empty
JP025796,CMP055,no_skills_listed,2026-09-22T20:34:40.221679+00:00,postings.csv,skills_raw was empty
JP026397,CMP044,no_skills_listed,2026-09-22T20:34:40.221715+00:00,postings.csv,skills_raw was empty
JP026398,CMP299,no_skills_listed,2026-09-22T20:34:40.221750+00:00,postings.csv,skills_raw was empty
JP026401,CMP229,no_skills_listed,2026-09-22T20:34:40.221785+00:00,postings.csv,skills_raw was empty
JP026404,CMP290,no_skills_listed,2026-09-22T20:34:40.221821+00:00,postings.csv,skills_raw was empty
JP026417,CMP225,no_skills_listed,2026-09-22T20:34:40.221855+00:00,postings.csv,skills_raw was empty
JP026450,CMP370,no_skills_listed,2026-09-22T20:34:40.221887+00:00,postings.csv,skills_raw was empty
JP026455,CMP374,no_skills_listed,2026-09-22T20:34:40.221921+00:00,postings.csv,skills_raw was empty
JP026463,CMP385,no_skills_listed,2026-09-22T20:34:40.221956+00:00,postings.csv,skills_raw was empty
JP026470,CMP378,no_skills_listed,2026-09-22T20:34:40.222018+00:00,postings.csv,skills_raw was empty
JP026475,CMP247,no_skills_listed,2026-09-22T20:34:40.222060+00:00,postings.csv,skills_raw was empty
JP026487,CMP215,no_skills_listed,2026-09-22T20:34:40.222097+00:00,postings.csv,skills_raw was empty
JP026535,CMP309,no_skills_listed,2026-09-22T20:34:40.222133+00:00,postings.csv,skills_raw was empty
JP026556,CMP319,no_skills_listed,2026-09-22T20:34:40.222169+00:00,postings.csv,skills_raw was empty
JP026574,CMP341,no_skills_listed,2026-09-22T20:34:40.222204+00:00,postings.csv,skills_raw was empty
JP026769,CMP293,no_skills_listed,2026-09-22T20:34:40.222238+00:00,postings.csv,skills_raw was empty
JP026775,CMP185,no_skills_listed,2026-09-22T20:34:40.222273+00:00,postings.csv,skills_raw was empty
JP026818,CMP271,no_skills_listed,2026-09-22T20:34:40.222307+00:00,postings.csv,skills_raw was empty
JP026827,CMP219,no_skills_listed,2026-09-22T20:34:40.222341+00:00,postings.csv,skills_raw was empty
JP026834,CMP040,no_skills_listed,2026-09-22T20:34:40.222407+00:00,postings.csv,skills_raw was empty
JP026859,CMP207,no_skills_listed,2026-09-22T20:34:40.222454+00:00,postings.csv,skills_raw was empty
JP026877,CMP043,no_skills_listed,2026-09-22T20:34:40.222495+00:00,postings.csv,skills_raw was empty
JP026889,CMP309,no_skills_listed,2026-09-22T20:34:40.222534+00:00,postings.csv,skills_raw was empty
JP026901,CMP173,no_skills_listed,2026-09-22T20:34:40.222577+00:00,postings.csv,skills_raw was empty
JP026996,CMP345,no_skills_listed,2026-09-22T20:34:40.222617+00:00,postings.csv,skills_raw was empty
JP026999,CMP028,no_skills_listed,2026-09-22T20:34:40.222656+00:00,postings.csv,skills_raw was empty
JP027724,CMP148,no_skills_listed,2026-09-22T20:34:40.222692+00:00,postings.csv,skills_raw was empty
JP027782,CMP053,no_skills_listed,2026-09-22T20:34:40.222747+00:00,postings.csv,skills_raw was empty
JP027793,CMP183,no_skills_listed,2026-09-22T20:34:40.222783+00:00,postings.csv,skills_raw was empty
JP027840,CMP010,no_skills_listed,2026-09-22T20:34:40.222819+00:00,postings.csv,skills_raw was empty
JP027842,CMP038,no_skills_listed,2026-09-22T20:34:40.222854+00:00,postings.csv,skills_raw was empty
JP027859,CMP129,no_skills_listed,2026-09-22T20:34:40.222891+00:00,postings.csv,skills_raw was empty
JP027904,CMP065,no_skills_listed,2026-09-22T20:34:40.222926+00:00,postings.csv,skills_raw was empty
JP027991,CMP170,no_skills_listed,2026-09-22T20:34:40.222962+00:00,postings.csv,skills_raw was empty
JP028585,CMP060,no_skills_listed,2026-09-22T20:34:40.223029+00:00,postings.csv,skills_raw was empty
JP028591,CMP202,no_skills_listed,2026-09-22T20:34:40.223069+00:00,postings.csv,skills_raw was empty
JP028630,CMP257,no_skills_listed,2026-09-22T20:34:40.223107+00:00,postings.csv,skills_raw was empty
JP028640,CMP118,no_skills_listed,2026-09-22T20:34:40.223143+00:00,postings.csv,skills_raw was empty
JP028683,CMP320,no_skills_listed,2026-09-22T20:34:40.223180+00:00,postings.csv,skills_raw was empty
JP028694,CMP268,no_skills_listed,2026-09-22T20:34:40.223218+00:00,postings.csv,skills_raw was empty
JP028717,CMP292,no_skills_listed,2026-09-22T20:34:40.223253+00:00,postings.csv,skills_raw was empty
JP029357,CMP179,no_skills_listed,2026-09-22T20:34:40.223289+00:00,postings.csv,skills_raw was empty
JP029423,CMP086,no_skills_listed,2026-09-22T20:34:40.223325+00:00,postings.csv,skills_raw was empty
JP029429,CMP192,no_skills_listed,2026-09-22T20:34:40.223360+00:00,postings.csv,skills_raw was empty
JP029444,CMP100,no_skills_listed,2026-09-22T20:34:40.223395+00:00,postings.csv,skills_raw was empty
JP029449,CMP396,no_skills_listed,2026-09-22T20:34:40.223430+00:00,postings.csv,skills_raw was empty
JP029485,CMP162,no_skills_listed,2026-09-22T20:34:40.223464+00:00,postings.csv,skills_raw was empty
JP029490,CMP085,no_skills_listed,2026-09-22T20:34:40.223500+00:00,postings.csv,skills_raw was empty
JP029505,CMP011,no_skills_listed,2026-09-22T20:34:40.223532+00:00,postings.csv,skills_raw was empty
JP029514,CMP343,no_skills_listed,2026-09-22T20:34:40.223573+00:00,postings.csv,skills_raw was empty
JP029525,CMP305,no_skills_listed,2026-09-22T20:34:40.223612+00:00,postings.csv,skills_raw was empty
JP029530,CMP347,no_skills_listed,2026-09-22T20:34:40.223647+00:00,postings.csv,skills_raw was empty
JP029531,CMP058,no_skills_listed,2026-09-22T20:34:40.223682+00:00,postings.csv,skills_raw was empty
JP029532,CMP187,no_skills_listed,2026-09-22T20:34:40.223719+00:00,postings.csv,skills_raw was empty
JP029552,CMP019,no_skills_listed,2026-09-22T20:34:40.223754+00:00,postings.csv,skills_raw was empty
JP029559,CMP227,no_skills_listed,2026-09-22T20:34:40.223787+00:00,postings.csv,skills_raw was empty
JP029603,CMP050,no_skills_listed,2026-09-22T20:34:40.223821+00:00,postings.csv,skills_raw was empty
JP029623,CMP202,no_skills_listed,2026-09-22T20:34:40.223856+00:00,postings.csv,skills_raw was empty
JP029643,CMP282,no_skills_listed,2026-09-22T20:34:40.223890+00:00,postings.csv,skills_raw was empty
JP029659,CMP195,no_skills_listed,2026-09-22T20:34:40.223925+00:00,postings.csv,skills_raw was empty
JP029667,CMP341,no_skills_listed,2026-09-22T20:34:40.223959+00:00,postings.csv,skills_raw was empty
JP029672,CMP075,no_skills_listed,2026-09-22T20:34:40.224025+00:00,postings.csv,skills_raw was empty
JP029680,CMP389,no_skills_listed,2026-09-22T20:34:40.224068+00:00,postings.csv,skills_raw was empty
JP029689,CMP158,no_skills_listed,2026-09-22T20:34:40.224106+00:00,postings.csv,skills_raw was empty
JP029702,CMP184,no_skills_listed,2026-09-22T20:34:40.224142+00:00,postings.csv,skills_raw was empty
JP029707,CMP033,no_skills_listed,2026-09-22T20:34:40.224179+00:00,postings.csv,skills_raw was empty
JP029776,CMP015,no_skills_listed,2026-09-22T20:34:40.224215+00:00,postings.csv,skills_raw was empty
JP029826,CMP076,no_skills_listed,2026-09-22T20:34:40.224250+00:00,postings.csv,skills_raw was empty
JP029828,CMP176,no_skills_listed,2026-09-22T20:34:40.224285+00:00,postings.csv,skills_raw was empty
JP029859,CMP351,no_skills_listed,2026-09-22T20:34:40.224322+00:00,postings.csv,skills_raw was empty
JP029867,CMP289,no_skills_listed,2026-09-22T20:34:40.224356+00:00,postings.csv,skills_raw was empty
JP029888,CMP107,no_skills_listed,2026-09-22T20:34:40.224389+00:00,postings.csv,skills_raw was empty
JP029924,CMP324,no_skills_listed,2026-09-22T20:34:40.224424+00:00,postings.csv,skills_raw was empty
JP029944,CMP060,no_skills_listed,2026-09-22T20:34:40.224459+00:00,postings.csv,skills_raw was empty
JP029945,CMP273,no_skills_listed,2026-09-22T20:34:40.224492+00:00,postings.csv,skills_raw was empty
JP029959,CMP040,no_skills_listed,2026-09-22T20:34:40.224524+00:00,postings.csv,skills_raw was empty
JP030790,CMP386,no_skills_listed,2026-09-22T20:34:40.224563+00:00,postings.csv,skills_raw was empty
JP030832,CMP209,no_skills_listed,2026-09-22T20:34:40.224605+00:00,postings.csv,skills_raw was empty
JP030839,CMP117,no_skills_listed,2026-09-22T20:34:40.224643+00:00,postings.csv,skills_raw was empty
JP030855,CMP031,no_skills_listed,2026-09-22T20:34:40.224679+00:00,postings.csv,skills_raw was empty
JP030872,CMP234,no_skills_listed,2026-09-22T20:34:40.224715+00:00,postings.csv,skills_raw was empty
JP030887,CMP279,no_skills_listed,2026-09-22T20:34:40.224751+00:00,postings.csv,skills_raw was empty
JP030915,CMP370,no_skills_listed,2026-09-22T20:34:40.224786+00:00,postings.csv,skills_raw was empty
JP030928,CMP111,no_skills_listed,2026-09-22T20:34:40.224820+00:00,postings.csv,skills_raw was empty
JP030955,CMP191,no_skills_listed,2026-09-22T20:34:40.224855+00:00,postings.csv,skills_raw was empty
JP030962,CMP145,no_skills_listed,2026-09-22T20:34:40.224889+00:00,postings.csv,skills_raw was empty
JP031580,CMP189,no_skills_listed,2026-09-22T20:34:40.224923+00:00,postings.csv,skills_raw was empty
JP031614,CMP351,no_skills_listed,2026-09-22T20:34:40.224957+00:00,postings.csv,skills_raw was empty
JP031646,CMP269,no_skills_listed,2026-09-22T20:34:40.225020+00:00,postings.csv,skills_raw was empty
JP031656,CMP058,no_skills_listed,2026-09-22T20:34:40.225064+00:00,postings.csv,skills_raw was empty
JP031662,CMP378,no_skills_listed,2026-09-22T20:34:40.225102+00:00,postings.csv,skills_raw was empty
JP031687,CMP086,no_skills_listed,2026-09-22T20:34:40.225140+00:00,postings.csv,skills_raw was empty
JP031736,CMP293,no_skills_listed,2026-09-22T20:34:40.225176+00:00,postings.csv,skills_raw was empty
JP031745,CMP397,no_skills_listed,2026-09-22T20:34:40.225212+00:00,postings.csv,skills_raw was empty
JP031792,CMP134,no_skills_listed,2026-09-22T20:34:40.225248+00:00,postings.csv,skills_raw was empty
JP031793,CMP044,no_skills_listed,2026-09-22T20:34:40.225284+00:00,postings.csv,skills_raw was empty
JP032290,CMP218,no_skills_listed,2026-09-22T20:34:40.225319+00:00,postings.csv,skills_raw was empty
JP032326,CMP067,no_skills_listed,2026-09-22T20:34:40.225355+00:00,postings.csv,skills_raw was empty
JP032352,CMP104,no_skills_listed,2026-09-22T20:34:40.225390+00:00,postings.csv,skills_raw was empty
JP032384,CMP000,no_skills_listed,2026-09-22T20:34:40.225428+00:00,postings.csv,skills_raw was empty
JP032392,CMP300,no_skills_listed,2026-09-22T20:34:40.225464+00:00,postings.csv,skills_raw was empty
JP032413,CMP111,no_skills_listed,2026-09-22T20:34:40.225499+00:00,postings.csv,skills_raw was empty
JP032426,CMP317,no_skills_listed,2026-09-22T20:34:40.225532+00:00,postings.csv,skills_raw was empty
JP032464,CMP010,no_skills_listed,2026-09-22T20:34:40.225572+00:00,postings.csv,skills_raw was empty
JP032518,CMP036,no_skills_listed,2026-09-22T20:34:40.225612+00:00,postings.csv,skills_raw was empty
JP032519,CMP063,no_skills_listed,2026-09-22T20:34:40.225646+00:00,postings.csv,skills_raw was empty
JP032533,CMP002,no_skills_listed,2026-09-22T20:34:40.225680+00:00,postings.csv,skills_raw was empty
JP032538,CMP303,no_skills_listed,2026-09-22T20:34:40.225716+00:00,postings.csv,skills_raw was empty
JP032568,CMP045,no_skills_listed,2026-09-22T20:34:40.225750+00:00,postings.csv,skills_raw was empty
JP032575,CMP262,no_skills_listed,2026-09-22T20:34:40.225784+00:00,postings.csv,skills_raw was empty
JP032589,CMP032,no_skills_listed,2026-09-22T20:34:40.225818+00:00,postings.csv,skills_raw was empty
JP032620,CMP049,no_skills_listed,2026-09-22T20:34:40.225852+00:00,postings.csv,skills_raw was empty
JP032625,CMP331,no_skills_listed,2026-09-22T20:34:40.225888+00:00,postings.csv,skills_raw was empty
JP032661,CMP329,no_skills_listed,2026-09-22T20:34:40.225922+00:00,postings.csv,skills_raw was empty
JP032667,CMP137,no_skills_listed,2026-09-22T20:34:40.225956+00:00,postings.csv,skills_raw was empty
JP032677,CMP312,no_skills_listed,2026-09-22T20:34:40.226022+00:00,postings.csv,skills_raw was empty
JP032712,CMP156,no_skills_listed,2026-09-22T20:34:40.226066+00:00,postings.csv,skills_raw was empty
JP032718,CMP314,no_skills_listed,2026-09-22T20:34:40.226105+00:00,postings.csv,skills_raw was empty
JP032763,CMP036,no_skills_listed,2026-09-22T20:34:40.226143+00:00,postings.csv,skills_raw was empty
JP032767,CMP367,no_skills_listed,2026-09-22T20:34:40.226180+00:00,postings.csv,skills_raw was empty
JP032851,CMP102,no_skills_listed,2026-09-22T20:34:40.226217+00:00,postings.csv,skills_raw was empty
JP032863,CMP088,no_skills_listed,2026-09-22T20:34:40.226254+00:00,postings.csv,skills_raw was empty
JP032880,CMP309,no_skills_listed,2026-09-22T20:34:40.226290+00:00,postings.csv,skills_raw was empty
JP032886,CMP284,no_skills_listed,2026-09-22T20:34:40.226326+00:00,postings.csv,skills_raw was empty
JP032925,CMP082,no_skills_listed,2026-09-22T20:34:40.226385+00:00,postings.csv,skills_raw was empty
JP032977,CMP152,no_skills_listed,2026-09-22T20:34:40.226433+00:00,postings.csv,skills_raw was empty
JP033795,CMP285,no_skills_listed,2026-09-22T20:34:40.226472+00:00,postings.csv,skills_raw was empty
JP033833,CMP192,no_skills_listed,2026-09-22T20:34:40.226508+00:00,postings.csv,skills_raw was empty
JP033887,CMP257,no_skills_listed,2026-09-22T20:34:40.226545+00:00,postings.csv,skills_raw was empty
JP033891,CMP346,no_skills_listed,2026-09-22T20:34:40.226590+00:00,postings.csv,skills_raw was empty
JP033897,CMP002,no_skills_listed,2026-09-22T20:34:40.226627+00:00,postings.csv,skills_raw was empty
JP034605,CMP143,no_skills_listed,2026-09-22T20:34:40.226663+00:00,postings.csv,skills_raw was empty
JP034621,CMP391,no_skills_listed,2026-09-22T20:34:40.226698+00:00,postings.csv,skills_raw was empty
JP034654,CMP167,no_skills_listed,2026-09-22T20:34:40.226733+00:00,postings.csv,skills_raw was empty
JP034672,CMP128,no_skills_listed,2026-09-22T20:34:40.226768+00:00,postings.csv,skills_raw was empty
JP034674,CMP023,no_skills_listed,2026-09-22T20:34:40.226803+00:00,postings.csv,skills_raw was empty
JP034740,CMP037,no_skills_listed,2026-09-22T20:34:40.226838+00:00,postings.csv,skills_raw was empty
JP034793,CMP322,no_skills_listed,2026-09-22T20:34:40.226875+00:00,postings.csv,skills_raw was empty
JP035250,CMP177,no_skills_listed,2026-09-22T20:34:40.226911+00:00,postings.csv,skills_raw was empty
JP035258,CMP055,no_skills_listed,2026-09-22T20:34:40.226947+00:00,postings.csv,skills_raw was empty
JP035266,CMP290,no_skills_listed,2026-09-22T20:34:40.227006+00:00,postings.csv,skills_raw was empty
JP035289,CMP097,no_skills_listed,2026-09-22T20:34:40.227050+00:00,postings.csv,skills_raw was empty
JP035294,CMP112,no_skills_listed,2026-09-22T20:34:40.227088+00:00,postings.csv,skills_raw was empty
JP035313,CMP383,no_skills_listed,2026-09-22T20:34:40.227124+00:00,postings.csv,skills_raw was empty
JP035336,CMP079,no_skills_listed,2026-09-22T20:34:40.227159+00:00,postings.csv,skills_raw was empty
JP035340,CMP222,no_skills_listed,2026-09-22T20:34:40.227195+00:00,postings.csv,skills_raw was empty
JP035343,CMP383,no_skills_listed,2026-09-22T20:34:40.227231+00:00,postings.csv,skills_raw was empty
JP035362,CMP038,no_skills_listed,2026-09-22T20:34:40.227267+00:00,postings.csv,skills_raw was empty
JP035374,CMP103,no_skills_listed,2026-09-22T20:34:40.227302+00:00,postings.csv,skills_raw was empty
JP035391,CMP325,no_skills_listed,2026-09-22T20:34:40.227337+00:00,postings.csv,skills_raw was empty
JP035434,CMP191,no_skills_listed,2026-09-22T20:34:40.227372+00:00,postings.csv,skills_raw was empty
JP035459,CMP125,no_skills_listed,2026-09-22T20:34:40.227405+00:00,postings.csv,skills_raw was empty
JP035493,CMP126,no_skills_listed,2026-09-22T20:34:40.227439+00:00,postings.csv,skills_raw was empty
JP035515,CMP358,no_skills_listed,2026-09-22T20:34:40.227472+00:00,postings.csv,skills_raw was empty
JP035516,CMP272,no_skills_listed,2026-09-22T20:34:40.227505+00:00,postings.csv,skills_raw was empty
JP035530,CMP115,no_skills_listed,2026-09-22T20:34:40.227539+00:00,postings.csv,skills_raw was empty
JP035543,CMP300,no_skills_listed,2026-09-22T20:34:40.227581+00:00,postings.csv,skills_raw was empty
JP035564,CMP108,no_skills_listed,2026-09-22T20:34:40.227618+00:00,postings.csv,skills_raw was empty
JP035571,CMP334,no_skills_listed,2026-09-22T20:34:40.227653+00:00,postings.csv,skills_raw was empty
JP035636,CMP015,no_skills_listed,2026-09-22T20:34:40.227687+00:00,postings.csv,skills_raw was empty
JP035643,CMP158,no_skills_listed,2026-09-22T20:34:40.227722+00:00,postings.csv,skills_raw was empty
JP035649,CMP373,no_skills_listed,2026-09-22T20:34:40.227755+00:00,postings.csv,skills_raw was empty
JP035668,CMP359,no_skills_listed,2026-09-22T20:34:40.227789+00:00,postings.csv,skills_raw was empty
JP035701,CMP018,no_skills_listed,2026-09-22T20:34:40.227824+00:00,postings.csv,skills_raw was empty
JP035717,CMP161,no_skills_listed,2026-09-22T20:34:40.227858+00:00,postings.csv,skills_raw was empty
JP035731,CMP154,no_skills_listed,2026-09-22T20:34:40.227891+00:00,postings.csv,skills_raw was empty
JP035800,CMP068,no_skills_listed,2026-09-22T20:34:40.227925+00:00,postings.csv,skills_raw was empty
JP035815,CMP162,no_skills_listed,2026-09-22T20:34:40.227958+00:00,postings.csv,skills_raw was empty
JP035817,CMP303,no_skills_listed,2026-09-22T20:34:40.228023+00:00,postings.csv,skills_raw was empty
JP035873,CMP067,no_skills_listed,2026-09-22T20:34:40.228066+00:00,postings.csv,skills_raw was empty
JP035935,CMP380,no_skills_listed,2026-09-22T20:34:40.228106+00:00,postings.csv,skills_raw was empty
JP035949,CMP335,no_skills_listed,2026-09-22T20:34:40.228144+00:00,postings.csv,skills_raw was empty
JP035974,CMP310,no_skills_listed,2026-09-22T20:34:40.228181+00:00,postings.csv,skills_raw was empty
JP035977,CMP262,no_skills_listed,2026-09-22T20:34:40.228217+00:00,postings.csv,skills_raw was empty
JP035978,CMP148,no_skills_listed,2026-09-22T20:34:40.228253+00:00,postings.csv,skills_raw was empty
JP035983,CMP057,no_skills_listed,2026-09-22T20:34:40.228287+00:00,postings.csv,skills_raw was empty
JP036788,CMP003,no_skills_listed,2026-09-22T20:34:40.228321+00:00,postings.csv,skills_raw was empty
JP036818,CMP324,no_skills_listed,2026-09-22T20:34:40.228356+00:00,postings.csv,skills_raw was empty
JP036819,CMP218,no_skills_listed,2026-09-22T20:34:40.228391+00:00,postings.csv,skills_raw was empty
JP036833,CMP396,no_skills_listed,2026-09-22T20:34:40.228426+00:00,postings.csv,skills_raw was empty
JP036835,CMP259,no_skills_listed,2026-09-22T20:34:40.228457+00:00,postings.csv,skills_raw was empty
JP036837,CMP139,no_skills_listed,2026-09-22T20:34:40.228489+00:00,postings.csv,skills_raw was empty
JP036906,CMP194,no_skills_listed,2026-09-22T20:34:40.228520+00:00,postings.csv,skills_raw was empty
JP036915,CMP100,no_skills_listed,2026-09-22T20:34:40.228552+00:00,postings.csv,skills_raw was empty
JP036919,CMP080,no_skills_listed,2026-09-22T20:34:40.228594+00:00,postings.csv,skills_raw was empty
JP036927,CMP381,no_skills_listed,2026-09-22T20:34:40.228627+00:00,postings.csv,skills_raw was empty
JP036934,CMP330,no_skills_listed,2026-09-22T20:34:40.228658+00:00,postings.csv,skills_raw was empty
JP036937,CMP119,no_skills_listed,2026-09-22T20:34:40.228690+00:00,postings.csv,skills_raw was empty
JP036941,CMP041,no_skills_listed,2026-09-22T20:34:40.228722+00:00,postings.csv,skills_raw was empty
JP036954,CMP333,no_skills_listed,2026-09-22T20:34:40.228755+00:00,postings.csv,skills_raw was empty
JP036956,CMP052,no_skills_listed,2026-09-22T20:34:40.228786+00:00,postings.csv,skills_raw was empty
JP036979,CMP280,no_skills_listed,2026-09-22T20:34:40.228817+00:00,postings.csv,skills_raw was empty
JP037631,CMP058,no_skills_listed,2026-09-22T20:34:40.228849+00:00,postings.csv,skills_raw was empty
JP037635,CMP133,no_skills_listed,2026-09-22T20:34:40.228881+00:00,postings.csv,skills_raw was empty
JP037690,CMP380,no_skills_listed,2026-09-22T20:34:40.228913+00:00,postings.csv,skills_raw was empty
JP037713,CMP231,no_skills_listed,2026-09-22T20:34:40.228945+00:00,postings.csv,skills_raw was empty
JP037732,CMP246,no_skills_listed,2026-09-22T20:34:40.228995+00:00,postings.csv,skills_raw was empty
JP037746,CMP282,no_skills_listed,2026-09-22T20:34:40.229036+00:00,postings.csv,skills_raw was empty
JP037773,CMP120,no_skills_listed,2026-09-22T20:34:40.229071+00:00,postings.csv,skills_raw was empty
JP037780,CMP245,no_skills_listed,2026-09-22T20:34:40.229105+00:00,postings.csv,skills_raw was empty
JP038231,CMP195,no_skills_listed,2026-09-22T20:34:40.229137+00:00,postings.csv,skills_raw was empty
JP038236,CMP187,no_skills_listed,2026-09-22T20:34:40.229169+00:00,postings.csv,skills_raw was empty
JP038239,CMP284,no_skills_listed,2026-09-22T20:34:40.229202+00:00,postings.csv,skills_raw was empty
JP038322,CMP289,no_skills_listed,2026-09-22T20:34:40.229235+00:00,postings.csv,skills_raw was empty
JP038349,CMP385,no_skills_listed,2026-09-22T20:34:40.229266+00:00,postings.csv,skills_raw was empty
JP038375,CMP158,no_skills_listed,2026-09-22T20:34:40.229298+00:00,postings.csv,skills_raw was empty
JP038380,CMP036,no_skills_listed,2026-09-22T20:34:40.229329+00:00,postings.csv,skills_raw was empty
JP038405,CMP117,no_skills_listed,2026-09-22T20:34:40.229360+00:00,postings.csv,skills_raw was empty
JP038437,CMP265,no_skills_listed,2026-09-22T20:34:40.229390+00:00,postings.csv,skills_raw was empty
JP038494,CMP170,no_skills_listed,2026-09-22T20:34:40.229422+00:00,postings.csv,skills_raw was empty
JP038576,CMP186,no_skills_listed,2026-09-22T20:34:40.229454+00:00,postings.csv,skills_raw was empty
JP038689,CMP267,no_skills_listed,2026-09-22T20:34:40.229485+00:00,postings.csv,skills_raw was empty
JP038696,CMP171,no_skills_listed,2026-09-22T20:34:40.229515+00:00,postings.csv,skills_raw was empty
JP038697,CMP176,no_skills_listed,2026-09-22T20:34:40.229547+00:00,postings.csv,skills_raw was empty
JP038705,CMP347,no_skills_listed,2026-09-22T20:34:40.229594+00:00,postings.csv,skills_raw was empty
JP038722,CMP290,no_skills_listed,2026-09-22T20:34:40.229627+00:00,postings.csv,skills_raw was empty
JP038735,CMP186,no_skills_listed,2026-09-22T20:34:40.229659+00:00,postings.csv,skills_raw was empty
JP038754,CMP123,no_skills_listed,2026-09-22T20:34:40.229690+00:00,postings.csv,skills_raw was empty
JP038771,CMP128,no_skills_listed,2026-09-22T20:34:40.229722+00:00,postings.csv,skills_raw was empty
JP038801,CMP378,no_skills_listed,2026-09-22T20:34:40.229754+00:00,postings.csv,skills_raw was empty
JP038813,CMP157,no_skills_listed,2026-09-22T20:34:40.229787+00:00,postings.csv,skills_raw was empty
JP038819,CMP121,no_skills_listed,2026-09-22T20:34:40.229819+00:00,postings.csv,skills_raw was empty
JP038837,CMP124,no_skills_listed,2026-09-22T20:34:40.229850+00:00,postings.csv,skills_raw was empty
JP038862,CMP244,no_skills_listed,2026-09-22T20:34:40.229880+00:00,postings.csv,skills_raw was empty
JP038885,CMP190,no_skills_listed,2026-09-22T20:34:40.229911+00:00,postings.csv,skills_raw was empty
JP038894,CMP127,no_skills_listed,2026-09-22T20:34:40.229942+00:00,postings.csv,skills_raw was empty
JP039818,CMP227,no_skills_listed,2026-09-22T20:34:40.229993+00:00,postings.csv,skills_raw was empty
JP039828,CMP070,no_skills_listed,2026-09-22T20:34:40.230038+00:00,postings.csv,skills_raw was empty
JP039832,CMP085,no_skills_listed,2026-09-22T20:34:40.230074+00:00,postings.csv,skills_raw was empty
JP039834,CMP223,no_skills_listed,2026-09-22T20:34:40.230109+00:00,postings.csv,skills_raw was empty
JP039867,CMP205,no_skills_listed,2026-09-22T20:34:40.230143+00:00,postings.csv,skills_raw was empty
JP039879,CMP088,no_skills_listed,2026-09-22T20:34:40.230176+00:00,postings.csv,skills_raw was empty
JP039890,CMP070,no_skills_listed,2026-09-22T20:34:40.230209+00:00,postings.csv,skills_raw was empty
JP039921,CMP056,no_skills_listed,2026-09-22T20:34:40.230240+00:00,postings.csv,skills_raw was empty
JP039947,CMP165,no_skills_listed,2026-09-22T20:34:40.230271+00:00,postings.csv,skills_raw was empty
JP039969,CMP232,no_skills_listed,2026-09-22T20:34:40.230302+00:00,postings.csv,skills_raw was empty
JP040714,CMP322,no_skills_listed,2026-09-22T20:34:40.230334+00:00,postings.csv,skills_raw was empty
JP040719,CMP099,no_skills_listed,2026-09-22T20:34:40.230389+00:00,postings.csv,skills_raw was empty
JP040760,CMP279,no_skills_listed,2026-09-22T20:34:40.230431+00:00,postings.csv,skills_raw was empty
JP040761,CMP171,no_skills_listed,2026-09-22T20:34:40.230466+00:00,postings.csv,skills_raw was empty
JP040783,CMP298,no_skills_listed,2026-09-22T20:34:40.230499+00:00,postings.csv,skills_raw was empty
JP041170,CMP153,no_skills_listed,2026-09-22T20:34:40.230531+00:00,postings.csv,skills_raw was empty
JP041175,CMP237,no_skills_listed,2026-09-22T20:34:40.230569+00:00,postings.csv,skills_raw was empty
JP041242,CMP209,no_skills_listed,2026-09-22T20:34:40.230605+00:00,postings.csv,skills_raw was empty
JP041244,CMP003,no_skills_listed,2026-09-22T20:34:40.230638+00:00,postings.csv,skills_raw was empty
JP041278,CMP158,no_skills_listed,2026-09-22T20:34:40.230672+00:00,postings.csv,skills_raw was empty
JP041292,CMP365,no_skills_listed,2026-09-22T20:34:40.230705+00:00,postings.csv,skills_raw was empty
JP041294,CMP108,no_skills_listed,2026-09-22T20:34:40.230738+00:00,postings.csv,skills_raw was empty
JP041312,CMP085,no_skills_listed,2026-09-22T20:34:40.230770+00:00,postings.csv,skills_raw was empty
JP041342,CMP084,no_skills_listed,2026-09-22T20:34:40.230803+00:00,postings.csv,skills_raw was empty
JP041346,CMP129,no_skills_listed,2026-09-22T20:34:40.230835+00:00,postings.csv,skills_raw was empty
JP041359,CMP036,no_skills_listed,2026-09-22T20:34:40.230866+00:00,postings.csv,skills_raw was empty
JP041390,CMP138,no_skills_listed,2026-09-22T20:34:40.230898+00:00,postings.csv,skills_raw was empty
JP041404,CMP326,no_skills_listed,2026-09-22T20:34:40.230930+00:00,postings.csv,skills_raw was empty
JP041413,CMP245,no_skills_listed,2026-09-22T20:34:40.230962+00:00,postings.csv,skills_raw was empty
JP041424,CMP229,no_skills_listed,2026-09-22T20:34:40.231025+00:00,postings.csv,skills_raw was empty
JP041443,CMP300,no_skills_listed,2026-09-22T20:34:40.231061+00:00,postings.csv,skills_raw was empty
JP041497,CMP109,no_skills_listed,2026-09-22T20:34:40.231097+00:00,postings.csv,skills_raw was empty
JP041567,CMP279,no_skills_listed,2026-09-22T20:34:40.231144+00:00,postings.csv,skills_raw was empty
JP041629,CMP284,no_skills_listed,2026-09-22T20:34:40.231189+00:00,postings.csv,skills_raw was empty
JP041640,CMP079,no_skills_listed,2026-09-22T20:34:40.231233+00:00,postings.csv,skills_raw was empty
JP041650,CMP022,no_skills_listed,2026-09-22T20:34:40.231279+00:00,postings.csv,skills_raw was empty
JP041662,CMP267,no_skills_listed,2026-09-22T20:34:40.231319+00:00,postings.csv,skills_raw was empty
JP041663,CMP386,no_skills_listed,2026-09-22T20:34:40.231352+00:00,postings.csv,skills_raw was empty
JP041680,CMP209,no_skills_listed,2026-09-22T20:34:40.231383+00:00,postings.csv,skills_raw was empty
JP041711,CMP193,no_skills_listed,2026-09-22T20:34:40.231415+00:00,postings.csv,skills_raw was empty
JP041756,CMP008,no_skills_listed,2026-09-22T20:34:40.231447+00:00,postings.csv,skills_raw was empty
JP041760,CMP097,no_skills_listed,2026-09-22T20:34:40.231479+00:00,postings.csv,skills_raw was empty
JP041779,CMP284,no_skills_listed,2026-09-22T20:34:40.231509+00:00,postings.csv,skills_raw was empty
JP041798,CMP146,no_skills_listed,2026-09-22T20:34:40.231541+00:00,postings.csv,skills_raw was empty
JP041804,CMP025,no_skills_listed,2026-09-22T20:34:40.231582+00:00,postings.csv,skills_raw was empty
JP041817,CMP025,no_skills_listed,2026-09-22T20:34:40.231617+00:00,postings.csv,skills_raw was empty
JP041830,CMP140,no_skills_listed,2026-09-22T20:34:40.231648+00:00,postings.csv,skills_raw was empty
JP041855,CMP058,no_skills_listed,2026-09-22T20:34:40.231681+00:00,postings.csv,skills_raw was empty
JP041864,CMP392,no_skills_listed,2026-09-22T20:34:40.231712+00:00,postings.csv,skills_raw was empty
JP041926,CMP115,no_skills_listed,2026-09-22T20:34:40.231743+00:00,postings.csv,skills_raw was empty
JP042835,CMP069,no_skills_listed,2026-09-22T20:34:40.231775+00:00,postings.csv,skills_raw was empty
JP042855,CMP301,no_skills_listed,2026-09-22T20:34:40.231806+00:00,postings.csv,skills_raw was empty
JP042870,CMP307,no_skills_listed,2026-09-22T20:34:40.231838+00:00,postings.csv,skills_raw was empty
JP042909,CMP297,no_skills_listed,2026-09-22T20:34:40.231870+00:00,postings.csv,skills_raw was empty
JP042910,CMP042,no_skills_listed,2026-09-22T20:34:40.231901+00:00,postings.csv,skills_raw was empty
JP042948,CMP158,no_skills_listed,2026-09-22T20:34:40.231931+00:00,postings.csv,skills_raw was empty
JP042973,CMP350,no_skills_listed,2026-09-22T20:34:40.231961+00:00,postings.csv,skills_raw was empty
JP042975,CMP237,no_skills_listed,2026-09-22T20:34:40.232043+00:00,postings.csv,skills_raw was empty
JP043669,CMP246,no_skills_listed,2026-09-22T20:34:40.232081+00:00,postings.csv,skills_raw was empty
JP043687,CMP338,no_skills_listed,2026-09-22T20:34:40.232116+00:00,postings.csv,skills_raw was empty
JP043696,CMP330,no_skills_listed,2026-09-22T20:34:40.232150+00:00,postings.csv,skills_raw was empty
JP043699,CMP132,no_skills_listed,2026-09-22T20:34:40.232186+00:00,postings.csv,skills_raw was empty
JP043738,CMP257,no_skills_listed,2026-09-22T20:34:40.232221+00:00,postings.csv,skills_raw was empty
JP043745,CMP206,no_skills_listed,2026-09-22T20:34:40.232257+00:00,postings.csv,skills_raw was empty
JP043762,CMP174,no_skills_listed,2026-09-22T20:34:40.232293+00:00,postings.csv,skills_raw was empty
JP044205,CMP270,no_skills_listed,2026-09-22T20:34:40.232328+00:00,postings.csv,skills_raw was empty
JP044241,CMP041,no_skills_listed,2026-09-22T20:34:40.232364+00:00,postings.csv,skills_raw was empty
JP044244,CMP174,no_skills_listed,2026-09-22T20:34:40.232399+00:00,postings.csv,skills_raw was empty
JP044258,CMP078,no_skills_listed,2026-09-22T20:34:40.232434+00:00,postings.csv,skills_raw was empty
JP044270,CMP344,no_skills_listed,2026-09-22T20:34:40.232469+00:00,postings.csv,skills_raw was empty
JP044286,CMP038,no_skills_listed,2026-09-22T20:34:40.232503+00:00,postings.csv,skills_raw was empty
JP044295,CMP388,no_skills_listed,2026-09-22T20:34:40.232537+00:00,postings.csv,skills_raw was empty
JP044305,CMP391,no_skills_listed,2026-09-22T20:34:40.232579+00:00,postings.csv,skills_raw was empty
JP044306,CMP358,no_skills_listed,2026-09-22T20:34:40.232619+00:00,postings.csv,skills_raw was empty
JP044360,CMP010,no_skills_listed,2026-09-22T20:34:40.232656+00:00,postings.csv,skills_raw was empty
JP044368,CMP053,no_skills_listed,2026-09-22T20:34:40.232692+00:00,postings.csv,skills_raw was empty
JP044382,CMP151,no_skills_listed,2026-09-22T20:34:40.232737+00:00,postings.csv,skills_raw was empty
JP044384,CMP345,no_skills_listed,2026-09-22T20:34:40.232775+00:00,postings.csv,skills_raw was empty
JP044387,CMP115,no_skills_listed,2026-09-22T20:34:40.232810+00:00,postings.csv,skills_raw was empty
JP044495,CMP266,no_skills_listed,2026-09-22T20:34:40.232844+00:00,postings.csv,skills_raw was empty
JP044510,CMP246,no_skills_listed,2026-09-22T20:34:40.232880+00:00,postings.csv,skills_raw was empty
JP044530,CMP063,no_skills_listed,2026-09-22T20:34:40.232917+00:00,postings.csv,skills_raw was empty
JP044544,CMP167,no_skills_listed,2026-09-22T20:34:40.232953+00:00,postings.csv,skills_raw was empty
JP044552,CMP243,no_skills_listed,2026-09-22T20:34:40.233019+00:00,postings.csv,skills_raw was empty
JP044554,CMP137,no_skills_listed,2026-09-22T20:34:40.233061+00:00,postings.csv,skills_raw was empty
JP044585,CMP088,no_skills_listed,2026-09-22T20:34:40.233100+00:00,postings.csv,skills_raw was empty
JP044642,CMP246,no_skills_listed,2026-09-22T20:34:40.233136+00:00,postings.csv,skills_raw was empty
JP044665,CMP292,no_skills_listed,2026-09-22T20:34:40.233172+00:00,postings.csv,skills_raw was empty
JP044678,CMP188,no_skills_listed,2026-09-22T20:34:40.233208+00:00,postings.csv,skills_raw was empty
JP044687,CMP089,no_skills_listed,2026-09-22T20:34:40.233244+00:00,postings.csv,skills_raw was empty
JP044695,CMP386,no_skills_listed,2026-09-22T20:34:40.233281+00:00,postings.csv,skills_raw was empty
JP044705,CMP235,no_skills_listed,2026-09-22T20:34:40.233317+00:00,postings.csv,skills_raw was empty
JP044755,CMP109,no_skills_listed,2026-09-22T20:34:40.233352+00:00,postings.csv,skills_raw was empty
JP044759,CMP381,no_skills_listed,2026-09-22T20:34:40.233386+00:00,postings.csv,skills_raw was empty
JP044770,CMP397,no_skills_listed,2026-09-22T20:34:40.233422+00:00,postings.csv,skills_raw was empty
JP044802,CMP290,no_skills_listed,2026-09-22T20:34:40.233457+00:00,postings.csv,skills_raw was empty
JP044811,CMP195,no_skills_listed,2026-09-22T20:34:40.233491+00:00,postings.csv,skills_raw was empty
JP044825,CMP199,no_skills_listed,2026-09-22T20:34:40.233526+00:00,postings.csv,skills_raw was empty
JP044849,CMP370,no_skills_listed,2026-09-22T20:34:40.233566+00:00,postings.csv,skills_raw was empty
JP044952,CMP342,no_skills_listed,2026-09-22T20:34:40.233607+00:00,postings.csv,skills_raw was empty
JP045904,CMP060,no_skills_listed,2026-09-22T20:34:40.233643+00:00,postings.csv,skills_raw was empty
JP045910,CMP306,no_skills_listed,2026-09-22T20:34:40.233678+00:00,postings.csv,skills_raw was empty
JP045929,CMP174,no_skills_listed,2026-09-22T20:34:40.233713+00:00,postings.csv,skills_raw was empty
JP045941,CMP294,no_skills_listed,2026-09-22T20:34:40.233748+00:00,postings.csv,skills_raw was empty
JP045984,CMP377,no_skills_listed,2026-09-22T20:34:40.233782+00:00,postings.csv,skills_raw was empty
JP046688,CMP267,no_skills_listed,2026-09-22T20:34:40.233816+00:00,postings.csv,skills_raw was empty
JP046770,CMP350,no_skills_listed,2026-09-22T20:34:40.233850+00:00,postings.csv,skills_raw was empty
JP047114,CMP121,no_skills_listed,2026-09-22T20:34:40.233885+00:00,postings.csv,skills_raw was empty
JP047115,CMP055,no_skills_listed,2026-09-22T20:34:40.233920+00:00,postings.csv,skills_raw was empty
JP047166,CMP197,no_skills_listed,2026-09-22T20:34:40.233955+00:00,postings.csv,skills_raw was empty
JP047191,CMP154,no_skills_listed,2026-09-22T20:34:40.234019+00:00,postings.csv,skills_raw was empty
JP047193,CMP087,no_skills_listed,2026-09-22T20:34:40.234062+00:00,postings.csv,skills_raw was empty
JP047212,CMP102,no_skills_listed,2026-09-22T20:34:40.234099+00:00,postings.csv,skills_raw was empty
JP047213,CMP397,no_skills_listed,2026-09-22T20:34:40.234136+00:00,postings.csv,skills_raw was empty
JP047221,CMP300,no_skills_listed,2026-09-22T20:34:40.234173+00:00,postings.csv,skills_raw was empty
JP047230,CMP165,no_skills_listed,2026-09-22T20:34:40.234209+00:00,postings.csv,skills_raw was empty
JP047265,CMP351,no_skills_listed,2026-09-22T20:34:40.234245+00:00,postings.csv,skills_raw was empty
JP047289,CMP388,no_skills_listed,2026-09-22T20:34:40.234281+00:00,postings.csv,skills_raw was empty
JP047330,CMP284,no_skills_listed,2026-09-22T20:34:40.234316+00:00,postings.csv,skills_raw was empty
JP047332,CMP139,no_skills_listed,2026-09-22T20:34:40.234352+00:00,postings.csv,skills_raw was empty
JP047338,CMP327,no_skills_listed,2026-09-22T20:34:40.234426+00:00,postings.csv,skills_raw was empty
JP047352,CMP266,no_skills_listed,2026-09-22T20:34:40.234470+00:00,postings.csv,skills_raw was empty
JP047373,CMP338,no_skills_listed,2026-09-22T20:34:40.234509+00:00,postings.csv,skills_raw was empty
JP047385,CMP025,no_skills_listed,2026-09-22T20:34:40.234548+00:00,postings.csv,skills_raw was empty
JP047388,CMP078,no_skills_listed,2026-09-22T20:34:40.234593+00:00,postings.csv,skills_raw was empty
JP047396,CMP133,no_skills_listed,2026-09-22T20:34:40.234632+00:00,postings.csv,skills_raw was empty
JP047409,CMP080,no_skills_listed,2026-09-22T20:34:40.234668+00:00,postings.csv,skills_raw was empty
JP047482,CMP043,no_skills_listed,2026-09-22T20:34:40.234704+00:00,postings.csv,skills_raw was empty
JP047514,CMP033,no_skills_listed,2026-09-22T20:34:40.234738+00:00,postings.csv,skills_raw was empty
JP047560,CMP000,no_skills_listed,2026-09-22T20:34:40.234773+00:00,postings.csv,skills_raw was empty
JP047571,CMP180,no_skills_listed,2026-09-22T20:34:40.234807+00:00,postings.csv,skills_raw was empty
JP047582,CMP210,no_skills_listed,2026-09-22T20:34:40.234842+00:00,postings.csv,skills_raw was empty
JP047594,CMP255,no_skills_listed,2026-09-22T20:34:40.234877+00:00,postings.csv,skills_raw was empty
JP047642,CMP267,no_skills_listed,2026-09-22T20:34:40.234912+00:00,postings.csv,skills_raw was empty
JP047664,CMP115,no_skills_listed,2026-09-22T20:34:40.234946+00:00,postings.csv,skills_raw was empty
JP047684,CMP025,no_skills_listed,2026-09-22T20:34:40.235004+00:00,postings.csv,skills_raw was empty
JP047722,CMP225,no_skills_listed,2026-09-22T20:34:40.235052+00:00,postings.csv,skills_raw was empty
JP047735,CMP339,no_skills_listed,2026-09-22T20:34:40.235092+00:00,postings.csv,skills_raw was empty
JP047737,CMP292,no_skills_listed,2026-09-22T20:34:40.235131+00:00,postings.csv,skills_raw was empty
JP047752,CMP059,no_skills_listed,2026-09-22T20:34:40.235168+00:00,postings.csv,skills_raw was empty
JP047773,CMP188,no_skills_listed,2026-09-22T20:34:40.235203+00:00,postings.csv,skills_raw was empty
JP047815,CMP314,no_skills_listed,2026-09-22T20:34:40.235240+00:00,postings.csv,skills_raw was empty
JP047841,CMP105,no_skills_listed,2026-09-22T20:34:40.235276+00:00,postings.csv,skills_raw was empty
JP047845,CMP362,no_skills_listed,2026-09-22T20:34:40.235311+00:00,postings.csv,skills_raw was empty
JP047851,CMP332,no_skills_listed,2026-09-22T20:34:40.235345+00:00,postings.csv,skills_raw was empty
JP047925,CMP023,no_skills_listed,2026-09-22T20:34:40.235379+00:00,postings.csv,skills_raw was empty
JP047963,CMP329,no_skills_listed,2026-09-22T20:34:40.235413+00:00,postings.csv,skills_raw was empty
JP047964,CMP153,no_skills_listed,2026-09-22T20:34:40.235448+00:00,postings.csv,skills_raw was empty
JP047992,CMP269,no_skills_listed,2026-09-22T20:34:40.235483+00:00,postings.csv,skills_raw was empty
JP047999,CMP041,no_skills_listed,2026-09-22T20:34:40.235517+00:00,postings.csv,skills_raw was empty
JP048906,CMP016,no_skills_listed,2026-09-22T20:34:40.235550+00:00,postings.csv,skills_raw was empty
JP048909,CMP061,no_skills_listed,2026-09-22T20:34:40.235596+00:00,postings.csv,skills_raw was empty
JP048921,CMP191,no_skills_listed,2026-09-22T20:34:40.235633+00:00,postings.csv,skills_raw was empty
JP048932,CMP134,no_skills_listed,2026-09-22T20:34:40.235669+00:00,postings.csv,skills_raw was empty
JP048944,CMP099,no_skills_listed,2026-09-22T20:34:40.235704+00:00,postings.csv,skills_raw was empty
JP048951,CMP349,no_skills_listed,2026-09-22T20:34:40.235739+00:00,postings.csv,skills_raw was empty
JP048970,CMP092,no_skills_listed,2026-09-22T20:34:40.235773+00:00,postings.csv,skills_raw was empty
JP049697,CMP037,no_skills_listed,2026-09-22T20:34:40.235808+00:00,postings.csv,skills_raw was empty
JP049707,CMP289,no_skills_listed,2026-09-22T20:34:40.235841+00:00,postings.csv,skills_raw was empty
JP049725,CMP203,no_skills_listed,2026-09-22T20:34:40.235877+00:00,postings.csv,skills_raw was empty
JP049733,CMP125,no_skills_listed,2026-09-22T20:34:40.235911+00:00,postings.csv,skills_raw was empty
JP049747,CMP001,no_skills_listed,2026-09-22T20:34:40.235944+00:00,postings.csv,skills_raw was empty
JP049775,CMP117,no_skills_listed,2026-09-22T20:34:40.236001+00:00,postings.csv,skills_raw was empty
JP049779,CMP049,no_skills_listed,2026-09-22T20:34:40.236046+00:00,postings.csv,skills_raw was empty
JP049792,CMP058,no_skills_listed,2026-09-22T20:34:40.236083+00:00,postings.csv,skills_raw was empty
JP050149,CMP282,no_skills_listed,2026-09-22T20:34:40.236121+00:00,postings.csv,skills_raw was empty
JP050188,CMP080,no_skills_listed,2026-09-22T20:34:40.236157+00:00,postings.csv,skills_raw was empty
JP050252,CMP273,no_skills_listed,2026-09-22T20:34:40.236193+00:00,postings.csv,skills_raw was empty
JP050266,CMP240,no_skills_listed,2026-09-22T20:34:40.236228+00:00,postings.csv,skills_raw was empty
JP050270,CMP123,no_skills_listed,2026-09-22T20:34:40.236264+00:00,postings.csv,skills_raw was empty
JP050302,CMP345,no_skills_listed,2026-09-22T20:34:40.236300+00:00,postings.csv,skills_raw was empty
JP050332,CMP003,no_skills_listed,2026-09-22T20:34:40.236334+00:00,postings.csv,skills_raw was empty
JP050361,CMP279,no_skills_listed,2026-09-22T20:34:40.236368+00:00,postings.csv,skills_raw was empty
JP050381,CMP114,no_skills_listed,2026-09-22T20:34:40.236403+00:00,postings.csv,skills_raw was empty
JP050393,CMP292,no_skills_listed,2026-09-22T20:34:40.236437+00:00,postings.csv,skills_raw was empty
JP050447,CMP183,no_skills_listed,2026-09-22T20:34:40.236472+00:00,postings.csv,skills_raw was empty
JP050475,CMP373,no_skills_listed,2026-09-22T20:34:40.236506+00:00,postings.csv,skills_raw was empty
JP050478,CMP170,no_skills_listed,2026-09-22T20:34:40.236540+00:00,postings.csv,skills_raw was empty
JP050485,CMP322,no_skills_listed,2026-09-22T20:34:40.236583+00:00,postings.csv,skills_raw was empty
JP050505,CMP124,no_skills_listed,2026-09-22T20:34:40.236622+00:00,postings.csv,skills_raw was empty
JP050522,CMP283,no_skills_listed,2026-09-22T20:34:40.236657+00:00,postings.csv,skills_raw was empty
JP050543,CMP308,no_skills_listed,2026-09-22T20:34:40.236702+00:00,postings.csv,skills_raw was empty
JP050577,CMP214,no_skills_listed,2026-09-22T20:34:40.236739+00:00,postings.csv,skills_raw was empty
JP050578,CMP398,no_skills_listed,2026-09-22T20:34:40.236774+00:00,postings.csv,skills_raw was empty
JP050588,CMP075,no_skills_listed,2026-09-22T20:34:40.236808+00:00,postings.csv,skills_raw was empty
JP050620,CMP364,no_skills_listed,2026-09-22T20:34:40.236843+00:00,postings.csv,skills_raw was empty
JP050622,CMP104,no_skills_listed,2026-09-22T20:34:40.236878+00:00,postings.csv,skills_raw was empty
JP050681,CMP293,no_skills_listed,2026-09-22T20:34:40.236913+00:00,postings.csv,skills_raw was empty
JP050726,CMP089,no_skills_listed,2026-09-22T20:34:40.236946+00:00,postings.csv,skills_raw was empty
JP050749,CMP245,no_skills_listed,2026-09-22T20:34:40.237003+00:00,postings.csv,skills_raw was empty
JP050825,CMP322,no_skills_listed,2026-09-22T20:34:40.237050+00:00,postings.csv,skills_raw was empty
JP050838,CMP128,no_skills_listed,2026-09-22T20:34:40.237090+00:00,postings.csv,skills_raw was empty
JP050845,CMP199,no_skills_listed,2026-09-22T20:34:40.237127+00:00,postings.csv,skills_raw was empty
JP050864,CMP133,no_skills_listed,2026-09-22T20:34:40.237163+00:00,postings.csv,skills_raw was empty
JP050866,CMP206,no_skills_listed,2026-09-22T20:34:40.237199+00:00,postings.csv,skills_raw was empty
JP050879,CMP282,no_skills_listed,2026-09-22T20:34:40.237234+00:00,postings.csv,skills_raw was empty
JP050889,CMP191,no_skills_listed,2026-09-22T20:34:40.237272+00:00,postings.csv,skills_raw was empty
JP050914,CMP009,no_skills_listed,2026-09-22T20:34:40.237308+00:00,postings.csv,skills_raw was empty
JP050925,CMP082,no_skills_listed,2026-09-22T20:34:40.237344+00:00,postings.csv,skills_raw was empty
JP050970,CMP217,no_skills_listed,2026-09-22T20:34:40.237379+00:00,postings.csv,skills_raw was empty
JP051922,CMP002,no_skills_listed,2026-09-22T20:34:40.237414+00:00,postings.csv,skills_raw was empty
JP051938,CMP380,no_skills_listed,2026-09-22T20:34:40.237448+00:00,postings.csv,skills_raw was empty
JP051960,CMP043,no_skills_listed,2026-09-22T20:34:40.237482+00:00,postings.csv,skills_raw was empty
JP051968,CMP257,no_skills_listed,2026-09-22T20:34:40.237515+00:00,postings.csv,skills_raw was empty
JP051979,CMP147,no_skills_listed,2026-09-22T20:34:40.237548+00:00,postings.csv,skills_raw was empty
JP051989,CMP394,no_skills_listed,2026-09-22T20:34:40.237591+00:00,postings.csv,skills_raw was empty
JP051991,CMP004,no_skills_listed,2026-09-22T20:34:40.237627+00:00,postings.csv,skills_raw was empty
JP052715,CMP061,no_skills_listed,2026-09-22T20:34:40.237662+00:00,postings.csv,skills_raw was empty
JP052722,CMP173,no_skills_listed,2026-09-22T20:34:40.237697+00:00,postings.csv,skills_raw was empty
JP052735,CMP012,no_skills_listed,2026-09-22T20:34:40.237731+00:00,postings.csv,skills_raw was empty
JP052746,CMP118,no_skills_listed,2026-09-22T20:34:40.237765+00:00,postings.csv,skills_raw was empty
JP052760,CMP042,no_skills_listed,2026-09-22T20:34:40.237799+00:00,postings.csv,skills_raw was empty
JP052784,CMP179,no_skills_listed,2026-09-22T20:34:40.237834+00:00,postings.csv,skills_raw was empty
JP053084,CMP265,no_skills_listed,2026-09-22T20:34:40.237868+00:00,postings.csv,skills_raw was empty
JP053101,CMP218,no_skills_listed,2026-09-22T20:34:40.237902+00:00,postings.csv,skills_raw was empty
JP053126,CMP048,no_skills_listed,2026-09-22T20:34:40.237937+00:00,postings.csv,skills_raw was empty
JP053176,CMP147,no_skills_listed,2026-09-22T20:34:40.237990+00:00,postings.csv,skills_raw was empty
JP053178,CMP065,no_skills_listed,2026-09-22T20:34:40.238037+00:00,postings.csv,skills_raw was empty
JP053180,CMP014,no_skills_listed,2026-09-22T20:34:40.238075+00:00,postings.csv,skills_raw was empty
JP053207,CMP265,no_skills_listed,2026-09-22T20:34:40.238112+00:00,postings.csv,skills_raw was empty
JP053212,CMP094,no_skills_listed,2026-09-22T20:34:40.238149+00:00,postings.csv,skills_raw was empty
JP053244,CMP308,no_skills_listed,2026-09-22T20:34:40.238185+00:00,postings.csv,skills_raw was empty
JP053281,CMP046,no_skills_listed,2026-09-22T20:34:40.238221+00:00,postings.csv,skills_raw was empty
JP053315,CMP188,no_skills_listed,2026-09-22T20:34:40.238258+00:00,postings.csv,skills_raw was empty
JP053325,CMP101,no_skills_listed,2026-09-22T20:34:40.238293+00:00,postings.csv,skills_raw was empty
JP053334,CMP032,no_skills_listed,2026-09-22T20:34:40.238328+00:00,postings.csv,skills_raw was empty
JP053342,CMP281,no_skills_listed,2026-09-22T20:34:40.238386+00:00,postings.csv,skills_raw was empty
JP053368,CMP007,no_skills_listed,2026-09-22T20:34:40.238435+00:00,postings.csv,skills_raw was empty
JP053393,CMP034,no_skills_listed,2026-09-22T20:34:40.238476+00:00,postings.csv,skills_raw was empty
JP053423,CMP023,no_skills_listed,2026-09-22T20:34:40.238515+00:00,postings.csv,skills_raw was empty
JP053431,CMP071,no_skills_listed,2026-09-22T20:34:40.238554+00:00,postings.csv,skills_raw was empty
JP053432,CMP277,no_skills_listed,2026-09-22T20:34:40.238601+00:00,postings.csv,skills_raw was empty
JP053443,CMP266,no_skills_listed,2026-09-22T20:34:40.238638+00:00,postings.csv,skills_raw was empty
JP053463,CMP211,no_skills_listed,2026-09-22T20:34:40.238674+00:00,postings.csv,skills_raw was empty
JP053524,CMP159,no_skills_listed,2026-09-22T20:34:40.238710+00:00,postings.csv,skills_raw was empty
JP053534,CMP019,no_skills_listed,2026-09-22T20:34:40.238744+00:00,postings.csv,skills_raw was empty
JP053586,CMP083,no_skills_listed,2026-09-22T20:34:40.238778+00:00,postings.csv,skills_raw was empty
JP053660,CMP385,no_skills_listed,2026-09-22T20:34:40.238812+00:00,postings.csv,skills_raw was empty
JP053684,CMP059,no_skills_listed,2026-09-22T20:34:40.238847+00:00,postings.csv,skills_raw was empty
JP053686,CMP374,no_skills_listed,2026-09-22T20:34:40.238881+00:00,postings.csv,skills_raw was empty
JP053697,CMP378,no_skills_listed,2026-09-22T20:34:40.238915+00:00,postings.csv,skills_raw was empty
JP053754,CMP346,no_skills_listed,2026-09-22T20:34:40.238950+00:00,postings.csv,skills_raw was empty
JP053763,CMP054,no_skills_listed,2026-09-22T20:34:40.239008+00:00,postings.csv,skills_raw was empty
JP053799,CMP371,no_skills_listed,2026-09-22T20:34:40.239050+00:00,postings.csv,skills_raw was empty
JP053812,CMP351,no_skills_listed,2026-09-22T20:34:40.239087+00:00,postings.csv,skills_raw was empty
JP053919,CMP206,no_skills_listed,2026-09-22T20:34:40.239123+00:00,postings.csv,skills_raw was empty
JP053922,CMP175,no_skills_listed,2026-09-22T20:34:40.239159+00:00,postings.csv,skills_raw was empty
JP053933,CMP075,no_skills_listed,2026-09-22T20:34:40.239194+00:00,postings.csv,skills_raw was empty
JP053982,CMP373,no_skills_listed,2026-09-22T20:34:40.239229+00:00,postings.csv,skills_raw was empty
JP053983,CMP043,no_skills_listed,2026-09-22T20:34:40.239265+00:00,postings.csv,skills_raw was empty
JP000523,CMP104,not_specified,2026-09-22T20:34:40.239896+00:00,postings.csv,skills_raw was 'Not specified'
JP000573,CMP199,not_specified,2026-09-22T20:34:40.239951+00:00,postings.csv,skills_raw was 'Not specified'
JP000692,CMP214,not_specified,2026-09-22T20:34:40.240035+00:00,postings.csv,skills_raw was 'Not specified'
JP000701,CMP338,not_specified,2026-09-22T20:34:40.240082+00:00,postings.csv,skills_raw was 'Not specified'
JP000806,CMP001,not_specified,2026-09-22T20:34:40.240123+00:00,postings.csv,skills_raw was 'Not specified'
JP000846,CMP372,not_specified,2026-09-22T20:34:40.240162+00:00,postings.csv,skills_raw was 'Not specified'
JP000920,CMP399,not_specified,2026-09-22T20:34:40.240199+00:00,postings.csv,skills_raw was 'Not specified'
JP000927,CMP393,not_specified,2026-09-22T20:34:40.240235+00:00,postings.csv,skills_raw was 'Not specified'
JP000972,CMP255,not_specified,2026-09-22T20:34:40.240271+00:00,postings.csv,skills_raw was 'Not specified'
JP001451,CMP214,not_specified,2026-09-22T20:34:40.240307+00:00,postings.csv,skills_raw was 'Not specified'
JP001477,CMP211,not_specified,2026-09-22T20:34:40.240342+00:00,postings.csv,skills_raw was 'Not specified'
JP001500,CMP021,not_specified,2026-09-22T20:34:40.240379+00:00,postings.csv,skills_raw was 'Not specified'
JP001511,CMP130,not_specified,2026-09-22T20:34:40.240413+00:00,postings.csv,skills_raw was 'Not specified'
JP001628,CMP096,not_specified,2026-09-22T20:34:40.240450+00:00,postings.csv,skills_raw was 'Not specified'
JP001634,CMP161,not_specified,2026-09-22T20:34:40.240485+00:00,postings.csv,skills_raw was 'Not specified'
JP001652,CMP217,not_specified,2026-09-22T20:34:40.240521+00:00,postings.csv,skills_raw was 'Not specified'
JP001735,CMP001,not_specified,2026-09-22T20:34:40.240564+00:00,postings.csv,skills_raw was 'Not specified'
JP001785,CMP370,not_specified,2026-09-22T20:34:40.240608+00:00,postings.csv,skills_raw was 'Not specified'
JP002670,CMP258,not_specified,2026-09-22T20:34:40.240645+00:00,postings.csv,skills_raw was 'Not specified'
JP002709,CMP126,not_specified,2026-09-22T20:34:40.240681+00:00,postings.csv,skills_raw was 'Not specified'
JP002761,CMP287,not_specified,2026-09-22T20:34:40.240717+00:00,postings.csv,skills_raw was 'Not specified'
JP002789,CMP134,not_specified,2026-09-22T20:34:40.240752+00:00,postings.csv,skills_raw was 'Not specified'
JP002889,CMP019,not_specified,2026-09-22T20:34:40.240787+00:00,postings.csv,skills_raw was 'Not specified'
JP002938,CMP141,not_specified,2026-09-22T20:34:40.240821+00:00,postings.csv,skills_raw was 'Not specified'
JP002989,CMP062,not_specified,2026-09-22T20:34:40.240855+00:00,postings.csv,skills_raw was 'Not specified'
JP003572,CMP083,not_specified,2026-09-22T20:34:40.240888+00:00,postings.csv,skills_raw was 'Not specified'
JP003622,CMP028,not_specified,2026-09-22T20:34:40.240922+00:00,postings.csv,skills_raw was 'Not specified'
JP003693,CMP320,not_specified,2026-09-22T20:34:40.240956+00:00,postings.csv,skills_raw was 'Not specified'
JP003833,CMP331,not_specified,2026-09-22T20:34:40.241021+00:00,postings.csv,skills_raw was 'Not specified'
JP003871,CMP297,not_specified,2026-09-22T20:34:40.241062+00:00,postings.csv,skills_raw was 'Not specified'
JP003886,CMP347,not_specified,2026-09-22T20:34:40.241098+00:00,postings.csv,skills_raw was 'Not specified'
JP003888,CMP189,not_specified,2026-09-22T20:34:40.241136+00:00,postings.csv,skills_raw was 'Not specified'
JP003891,CMP358,not_specified,2026-09-22T20:34:40.241172+00:00,postings.csv,skills_raw was 'Not specified'
JP003964,CMP178,not_specified,2026-09-22T20:34:40.241208+00:00,postings.csv,skills_raw was 'Not specified'
JP004430,CMP339,not_specified,2026-09-22T20:34:40.241244+00:00,postings.csv,skills_raw was 'Not specified'
JP004444,CMP118,not_specified,2026-09-22T20:34:40.241279+00:00,postings.csv,skills_raw was 'Not specified'
JP004496,CMP299,not_specified,2026-09-22T20:34:40.241314+00:00,postings.csv,skills_raw was 'Not specified'
JP004499,CMP245,not_specified,2026-09-22T20:34:40.241349+00:00,postings.csv,skills_raw was 'Not specified'
JP004576,CMP306,not_specified,2026-09-22T20:34:40.241382+00:00,postings.csv,skills_raw was 'Not specified'
JP004609,CMP130,not_specified,2026-09-22T20:34:40.241417+00:00,postings.csv,skills_raw was 'Not specified'
JP004632,CMP178,not_specified,2026-09-22T20:34:40.241452+00:00,postings.csv,skills_raw was 'Not specified'
JP004682,CMP276,not_specified,2026-09-22T20:34:40.241487+00:00,postings.csv,skills_raw was 'Not specified'
JP004728,CMP017,not_specified,2026-09-22T20:34:40.241521+00:00,postings.csv,skills_raw was 'Not specified'
JP004760,CMP198,not_specified,2026-09-22T20:34:40.241555+00:00,postings.csv,skills_raw was 'Not specified'
JP005734,CMP332,not_specified,2026-09-22T20:34:40.241603+00:00,postings.csv,skills_raw was 'Not specified'
JP005779,CMP342,not_specified,2026-09-22T20:34:40.241639+00:00,postings.csv,skills_raw was 'Not specified'
JP005787,CMP357,not_specified,2026-09-22T20:34:40.241674+00:00,postings.csv,skills_raw was 'Not specified'
JP005814,CMP215,not_specified,2026-09-22T20:34:40.241708+00:00,postings.csv,skills_raw was 'Not specified'
JP005968,CMP007,not_specified,2026-09-22T20:34:40.241743+00:00,postings.csv,skills_raw was 'Not specified'
JP005975,CMP235,not_specified,2026-09-22T20:34:40.241778+00:00,postings.csv,skills_raw was 'Not specified'
JP006578,CMP175,not_specified,2026-09-22T20:34:40.241814+00:00,postings.csv,skills_raw was 'Not specified'
JP006697,CMP384,not_specified,2026-09-22T20:34:40.241848+00:00,postings.csv,skills_raw was 'Not specified'
JP006732,CMP208,not_specified,2026-09-22T20:34:40.241882+00:00,postings.csv,skills_raw was 'Not specified'
JP006754,CMP194,not_specified,2026-09-22T20:34:40.241916+00:00,postings.csv,skills_raw was 'Not specified'
JP006796,CMP195,not_specified,2026-09-22T20:34:40.241948+00:00,postings.csv,skills_raw was 'Not specified'
JP006873,CMP295,not_specified,2026-09-22T20:34:40.242004+00:00,postings.csv,skills_raw was 'Not specified'
JP006894,CMP052,not_specified,2026-09-22T20:34:40.242044+00:00,postings.csv,skills_raw was 'Not specified'
JP006939,CMP152,not_specified,2026-09-22T20:34:40.242080+00:00,postings.csv,skills_raw was 'Not specified'
JP006960,CMP228,not_specified,2026-09-22T20:34:40.242114+00:00,postings.csv,skills_raw was 'Not specified'
JP006970,CMP178,not_specified,2026-09-22T20:34:40.242147+00:00,postings.csv,skills_raw was 'Not specified'
JP006972,CMP169,not_specified,2026-09-22T20:34:40.242180+00:00,postings.csv,skills_raw was 'Not specified'
JP007492,CMP245,not_specified,2026-09-22T20:34:40.242213+00:00,postings.csv,skills_raw was 'Not specified'
JP007493,CMP042,not_specified,2026-09-22T20:34:40.242246+00:00,postings.csv,skills_raw was 'Not specified'
JP007593,CMP291,not_specified,2026-09-22T20:34:40.242278+00:00,postings.csv,skills_raw was 'Not specified'
JP007604,CMP159,not_specified,2026-09-22T20:34:40.242311+00:00,postings.csv,skills_raw was 'Not specified'
JP007667,CMP318,not_specified,2026-09-22T20:34:40.242343+00:00,postings.csv,skills_raw was 'Not specified'
JP007713,CMP362,not_specified,2026-09-22T20:34:40.242410+00:00,postings.csv,skills_raw was 'Not specified'
JP007717,CMP040,not_specified,2026-09-22T20:34:40.242453+00:00,postings.csv,skills_raw was 'Not specified'
JP007740,CMP316,not_specified,2026-09-22T20:34:40.242490+00:00,postings.csv,skills_raw was 'Not specified'
JP007793,CMP136,not_specified,2026-09-22T20:34:40.242524+00:00,postings.csv,skills_raw was 'Not specified'
JP008650,CMP166,not_specified,2026-09-22T20:34:40.242563+00:00,postings.csv,skills_raw was 'Not specified'
JP008762,CMP036,not_specified,2026-09-22T20:34:40.242601+00:00,postings.csv,skills_raw was 'Not specified'
JP008810,CMP234,not_specified,2026-09-22T20:34:40.242635+00:00,postings.csv,skills_raw was 'Not specified'
JP008880,CMP192,not_specified,2026-09-22T20:34:40.242670+00:00,postings.csv,skills_raw was 'Not specified'
JP008988,CMP268,not_specified,2026-09-22T20:34:40.242718+00:00,postings.csv,skills_raw was 'Not specified'
JP009588,CMP033,not_specified,2026-09-22T20:34:40.242756+00:00,postings.csv,skills_raw was 'Not specified'
JP009619,CMP151,not_specified,2026-09-22T20:34:40.242789+00:00,postings.csv,skills_raw was 'Not specified'
JP009657,CMP173,not_specified,2026-09-22T20:34:40.242822+00:00,postings.csv,skills_raw was 'Not specified'
JP009666,CMP210,not_specified,2026-09-22T20:34:40.242855+00:00,postings.csv,skills_raw was 'Not specified'
JP009791,CMP054,not_specified,2026-09-22T20:34:40.242887+00:00,postings.csv,skills_raw was 'Not specified'
JP009813,CMP397,not_specified,2026-09-22T20:34:40.242918+00:00,postings.csv,skills_raw was 'Not specified'
JP009846,CMP161,not_specified,2026-09-22T20:34:40.242949+00:00,postings.csv,skills_raw was 'Not specified'
JP009863,CMP295,not_specified,2026-09-22T20:34:40.243005+00:00,postings.csv,skills_raw was 'Not specified'
JP009889,CMP116,not_specified,2026-09-22T20:34:40.243047+00:00,postings.csv,skills_raw was 'Not specified'
JP009957,CMP279,not_specified,2026-09-22T20:34:40.243082+00:00,postings.csv,skills_raw was 'Not specified'
JP010522,CMP372,not_specified,2026-09-22T20:34:40.243118+00:00,postings.csv,skills_raw was 'Not specified'
JP010618,CMP248,not_specified,2026-09-22T20:34:40.243152+00:00,postings.csv,skills_raw was 'Not specified'
JP010652,CMP356,not_specified,2026-09-22T20:34:40.243186+00:00,postings.csv,skills_raw was 'Not specified'
JP010717,CMP358,not_specified,2026-09-22T20:34:40.243219+00:00,postings.csv,skills_raw was 'Not specified'
JP010722,CMP056,not_specified,2026-09-22T20:34:40.243252+00:00,postings.csv,skills_raw was 'Not specified'
JP010738,CMP249,not_specified,2026-09-22T20:34:40.243284+00:00,postings.csv,skills_raw was 'Not specified'
JP010762,CMP240,not_specified,2026-09-22T20:34:40.243318+00:00,postings.csv,skills_raw was 'Not specified'
JP011558,CMP148,not_specified,2026-09-22T20:34:40.243351+00:00,postings.csv,skills_raw was 'Not specified'
JP011594,CMP304,not_specified,2026-09-22T20:34:40.243384+00:00,postings.csv,skills_raw was 'Not specified'
JP011643,CMP239,not_specified,2026-09-22T20:34:40.243416+00:00,postings.csv,skills_raw was 'Not specified'
JP011691,CMP333,not_specified,2026-09-22T20:34:40.243448+00:00,postings.csv,skills_raw was 'Not specified'
JP011797,CMP358,not_specified,2026-09-22T20:34:40.243479+00:00,postings.csv,skills_raw was 'Not specified'
JP011838,CMP213,not_specified,2026-09-22T20:34:40.243510+00:00,postings.csv,skills_raw was 'Not specified'
JP011911,CMP061,not_specified,2026-09-22T20:34:40.243542+00:00,postings.csv,skills_raw was 'Not specified'
JP011912,CMP195,not_specified,2026-09-22T20:34:40.243583+00:00,postings.csv,skills_raw was 'Not specified'
JP012633,CMP031,not_specified,2026-09-22T20:34:40.243618+00:00,postings.csv,skills_raw was 'Not specified'
JP012652,CMP167,not_specified,2026-09-22T20:34:40.243653+00:00,postings.csv,skills_raw was 'Not specified'
JP012672,CMP385,not_specified,2026-09-22T20:34:40.243684+00:00,postings.csv,skills_raw was 'Not specified'
JP012697,CMP164,not_specified,2026-09-22T20:34:40.243716+00:00,postings.csv,skills_raw was 'Not specified'
JP012744,CMP180,not_specified,2026-09-22T20:34:40.243748+00:00,postings.csv,skills_raw was 'Not specified'
JP012820,CMP050,not_specified,2026-09-22T20:34:40.243778+00:00,postings.csv,skills_raw was 'Not specified'
JP012886,CMP041,not_specified,2026-09-22T20:34:40.243808+00:00,postings.csv,skills_raw was 'Not specified'
JP013513,CMP249,not_specified,2026-09-22T20:34:40.243839+00:00,postings.csv,skills_raw was 'Not specified'
JP013553,CMP194,not_specified,2026-09-22T20:34:40.243870+00:00,postings.csv,skills_raw was 'Not specified'
JP013558,CMP317,not_specified,2026-09-22T20:34:40.243900+00:00,postings.csv,skills_raw was 'Not specified'
JP013586,CMP320,not_specified,2026-09-22T20:34:40.243931+00:00,postings.csv,skills_raw was 'Not specified'
JP013672,CMP012,not_specified,2026-09-22T20:34:40.243961+00:00,postings.csv,skills_raw was 'Not specified'
JP013794,CMP010,not_specified,2026-09-22T20:34:40.244020+00:00,postings.csv,skills_raw was 'Not specified'
JP014549,CMP148,not_specified,2026-09-22T20:34:40.244056+00:00,postings.csv,skills_raw was 'Not specified'
JP014580,CMP147,not_specified,2026-09-22T20:34:40.244090+00:00,postings.csv,skills_raw was 'Not specified'
JP014590,CMP052,not_specified,2026-09-22T20:34:40.244123+00:00,postings.csv,skills_raw was 'Not specified'
JP014617,CMP369,not_specified,2026-09-22T20:34:40.244156+00:00,postings.csv,skills_raw was 'Not specified'
JP014685,CMP200,not_specified,2026-09-22T20:34:40.244188+00:00,postings.csv,skills_raw was 'Not specified'
JP014764,CMP000,not_specified,2026-09-22T20:34:40.244220+00:00,postings.csv,skills_raw was 'Not specified'
JP014788,CMP034,not_specified,2026-09-22T20:34:40.244252+00:00,postings.csv,skills_raw was 'Not specified'
JP014881,CMP256,not_specified,2026-09-22T20:34:40.244285+00:00,postings.csv,skills_raw was 'Not specified'
JP014882,CMP373,not_specified,2026-09-22T20:34:40.244318+00:00,postings.csv,skills_raw was 'Not specified'
JP014891,CMP083,not_specified,2026-09-22T20:34:40.244350+00:00,postings.csv,skills_raw was 'Not specified'
JP014921,CMP337,not_specified,2026-09-22T20:34:40.244382+00:00,postings.csv,skills_raw was 'Not specified'
JP014950,CMP181,not_specified,2026-09-22T20:34:40.244414+00:00,postings.csv,skills_raw was 'Not specified'
JP015642,CMP203,not_specified,2026-09-22T20:34:40.244444+00:00,postings.csv,skills_raw was 'Not specified'
JP015690,CMP105,not_specified,2026-09-22T20:34:40.244475+00:00,postings.csv,skills_raw was 'Not specified'
JP015779,CMP060,not_specified,2026-09-22T20:34:40.244507+00:00,postings.csv,skills_raw was 'Not specified'
JP015793,CMP046,not_specified,2026-09-22T20:34:40.244538+00:00,postings.csv,skills_raw was 'Not specified'
JP015842,CMP072,not_specified,2026-09-22T20:34:40.244575+00:00,postings.csv,skills_raw was 'Not specified'
JP015942,CMP035,not_specified,2026-09-22T20:34:40.244610+00:00,postings.csv,skills_raw was 'Not specified'
JP015990,CMP222,not_specified,2026-09-22T20:34:40.244642+00:00,postings.csv,skills_raw was 'Not specified'
JP016541,CMP174,not_specified,2026-09-22T20:34:40.244674+00:00,postings.csv,skills_raw was 'Not specified'
JP016577,CMP359,not_specified,2026-09-22T20:34:40.244707+00:00,postings.csv,skills_raw was 'Not specified'
JP016741,CMP376,not_specified,2026-09-22T20:34:40.244740+00:00,postings.csv,skills_raw was 'Not specified'
JP016758,CMP127,not_specified,2026-09-22T20:34:40.244771+00:00,postings.csv,skills_raw was 'Not specified'
JP016784,CMP044,not_specified,2026-09-22T20:34:40.244802+00:00,postings.csv,skills_raw was 'Not specified'
JP017489,CMP108,not_specified,2026-09-22T20:34:40.244833+00:00,postings.csv,skills_raw was 'Not specified'
JP017491,CMP327,not_specified,2026-09-22T20:34:40.244866+00:00,postings.csv,skills_raw was 'Not specified'
JP017506,CMP219,not_specified,2026-09-22T20:34:40.244897+00:00,postings.csv,skills_raw was 'Not specified'
JP017640,CMP175,not_specified,2026-09-22T20:34:40.244928+00:00,postings.csv,skills_raw was 'Not specified'
JP017705,CMP095,not_specified,2026-09-22T20:34:40.244960+00:00,postings.csv,skills_raw was 'Not specified'
JP017870,CMP086,not_specified,2026-09-22T20:34:40.245018+00:00,postings.csv,skills_raw was 'Not specified'
JP017916,CMP049,not_specified,2026-09-22T20:34:40.245054+00:00,postings.csv,skills_raw was 'Not specified'
JP017923,CMP190,not_specified,2026-09-22T20:34:40.245089+00:00,postings.csv,skills_raw was 'Not specified'
JP017930,CMP378,not_specified,2026-09-22T20:34:40.245123+00:00,postings.csv,skills_raw was 'Not specified'
JP017942,CMP243,not_specified,2026-09-22T20:34:40.245157+00:00,postings.csv,skills_raw was 'Not specified'
JP017947,CMP122,not_specified,2026-09-22T20:34:40.245190+00:00,postings.csv,skills_raw was 'Not specified'
JP017998,CMP021,not_specified,2026-09-22T20:34:40.245222+00:00,postings.csv,skills_raw was 'Not specified'
JP017999,CMP146,not_specified,2026-09-22T20:34:40.245253+00:00,postings.csv,skills_raw was 'Not specified'
JP018667,CMP370,not_specified,2026-09-22T20:34:40.245285+00:00,postings.csv,skills_raw was 'Not specified'
JP018722,CMP175,not_specified,2026-09-22T20:34:40.245316+00:00,postings.csv,skills_raw was 'Not specified'
JP018741,CMP322,not_specified,2026-09-22T20:34:40.245347+00:00,postings.csv,skills_raw was 'Not specified'
JP018769,CMP272,not_specified,2026-09-22T20:34:40.245379+00:00,postings.csv,skills_raw was 'Not specified'
JP018872,CMP368,not_specified,2026-09-22T20:34:40.245411+00:00,postings.csv,skills_raw was 'Not specified'
JP018898,CMP114,not_specified,2026-09-22T20:34:40.245443+00:00,postings.csv,skills_raw was 'Not specified'
JP018974,CMP255,not_specified,2026-09-22T20:34:40.245476+00:00,postings.csv,skills_raw was 'Not specified'
JP018996,CMP065,not_specified,2026-09-22T20:34:40.245506+00:00,postings.csv,skills_raw was 'Not specified'
JP019518,CMP074,not_specified,2026-09-22T20:34:40.245537+00:00,postings.csv,skills_raw was 'Not specified'
JP019554,CMP277,not_specified,2026-09-22T20:34:40.245576+00:00,postings.csv,skills_raw was 'Not specified'
JP019580,CMP198,not_specified,2026-09-22T20:34:40.245612+00:00,postings.csv,skills_raw was 'Not specified'
JP019693,CMP240,not_specified,2026-09-22T20:34:40.245643+00:00,postings.csv,skills_raw was 'Not specified'
JP019728,CMP107,not_specified,2026-09-22T20:34:40.245675+00:00,postings.csv,skills_raw was 'Not specified'
JP019766,CMP103,not_specified,2026-09-22T20:34:40.245706+00:00,postings.csv,skills_raw was 'Not specified'
JP019779,CMP193,not_specified,2026-09-22T20:34:40.245738+00:00,postings.csv,skills_raw was 'Not specified'
JP019781,CMP104,not_specified,2026-09-22T20:34:40.245769+00:00,postings.csv,skills_raw was 'Not specified'
JP020440,CMP125,not_specified,2026-09-22T20:34:40.245801+00:00,postings.csv,skills_raw was 'Not specified'
JP020472,CMP350,not_specified,2026-09-22T20:34:40.245830+00:00,postings.csv,skills_raw was 'Not specified'
JP020567,CMP201,not_specified,2026-09-22T20:34:40.245861+00:00,postings.csv,skills_raw was 'Not specified'
JP020580,CMP330,not_specified,2026-09-22T20:34:40.245891+00:00,postings.csv,skills_raw was 'Not specified'
JP020600,CMP248,not_specified,2026-09-22T20:34:40.245922+00:00,postings.csv,skills_raw was 'Not specified'
JP020786,CMP178,not_specified,2026-09-22T20:34:40.245953+00:00,postings.csv,skills_raw was 'Not specified'
JP020901,CMP062,not_specified,2026-09-22T20:34:40.246008+00:00,postings.csv,skills_raw was 'Not specified'
JP020950,CMP281,not_specified,2026-09-22T20:34:40.246047+00:00,postings.csv,skills_raw was 'Not specified'
JP020958,CMP089,not_specified,2026-09-22T20:34:40.246081+00:00,postings.csv,skills_raw was 'Not specified'
JP021689,CMP160,not_specified,2026-09-22T20:34:40.246114+00:00,postings.csv,skills_raw was 'Not specified'
JP021717,CMP296,not_specified,2026-09-22T20:34:40.246147+00:00,postings.csv,skills_raw was 'Not specified'
JP021720,CMP164,not_specified,2026-09-22T20:34:40.246180+00:00,postings.csv,skills_raw was 'Not specified'
JP021736,CMP043,not_specified,2026-09-22T20:34:40.246212+00:00,postings.csv,skills_raw was 'Not specified'
JP021831,CMP384,not_specified,2026-09-22T20:34:40.246246+00:00,postings.csv,skills_raw was 'Not specified'
JP021886,CMP237,not_specified,2026-09-22T20:34:40.246278+00:00,postings.csv,skills_raw was 'Not specified'
JP022541,CMP005,not_specified,2026-09-22T20:34:40.246311+00:00,postings.csv,skills_raw was 'Not specified'
JP022582,CMP326,not_specified,2026-09-22T20:34:40.246343+00:00,postings.csv,skills_raw was 'Not specified'
JP022585,CMP357,not_specified,2026-09-22T20:34:40.246405+00:00,postings.csv,skills_raw was 'Not specified'
JP022604,CMP393,not_specified,2026-09-22T20:34:40.246447+00:00,postings.csv,skills_raw was 'Not specified'
JP022627,CMP019,not_specified,2026-09-22T20:34:40.246483+00:00,postings.csv,skills_raw was 'Not specified'
JP022701,CMP109,not_specified,2026-09-22T20:34:40.246518+00:00,postings.csv,skills_raw was 'Not specified'
JP022771,CMP302,not_specified,2026-09-22T20:34:40.246552+00:00,postings.csv,skills_raw was 'Not specified'
JP023506,CMP261,not_specified,2026-09-22T20:34:40.246593+00:00,postings.csv,skills_raw was 'Not specified'
JP023535,CMP187,not_specified,2026-09-22T20:34:40.246628+00:00,postings.csv,skills_raw was 'Not specified'
JP023544,CMP229,not_specified,2026-09-22T20:34:40.246662+00:00,postings.csv,skills_raw was 'Not specified'
JP023556,CMP254,not_specified,2026-09-22T20:34:40.246693+00:00,postings.csv,skills_raw was 'Not specified'
JP023581,CMP030,not_specified,2026-09-22T20:34:40.246725+00:00,postings.csv,skills_raw was 'Not specified'
JP023682,CMP037,not_specified,2026-09-22T20:34:40.246757+00:00,postings.csv,skills_raw was 'Not specified'
JP023689,CMP058,not_specified,2026-09-22T20:34:40.246790+00:00,postings.csv,skills_raw was 'Not specified'
JP023692,CMP325,not_specified,2026-09-22T20:34:40.246822+00:00,postings.csv,skills_raw was 'Not specified'
JP023744,CMP089,not_specified,2026-09-22T20:34:40.246855+00:00,postings.csv,skills_raw was 'Not specified'
JP023827,CMP222,not_specified,2026-09-22T20:34:40.246887+00:00,postings.csv,skills_raw was 'Not specified'
JP023922,CMP298,not_specified,2026-09-22T20:34:40.246917+00:00,postings.csv,skills_raw was 'Not specified'
JP023994,CMP153,not_specified,2026-09-22T20:34:40.246948+00:00,postings.csv,skills_raw was 'Not specified'
JP024709,CMP172,not_specified,2026-09-22T20:34:40.247002+00:00,postings.csv,skills_raw was 'Not specified'
JP024723,CMP057,not_specified,2026-09-22T20:34:40.247043+00:00,postings.csv,skills_raw was 'Not specified'
JP024740,CMP330,not_specified,2026-09-22T20:34:40.247078+00:00,postings.csv,skills_raw was 'Not specified'
JP024748,CMP057,not_specified,2026-09-22T20:34:40.247116+00:00,postings.csv,skills_raw was 'Not specified'
JP024831,CMP237,not_specified,2026-09-22T20:34:40.247152+00:00,postings.csv,skills_raw was 'Not specified'
JP024849,CMP390,not_specified,2026-09-22T20:34:40.247189+00:00,postings.csv,skills_raw was 'Not specified'
JP025569,CMP185,not_specified,2026-09-22T20:34:40.247225+00:00,postings.csv,skills_raw was 'Not specified'
JP025672,CMP002,not_specified,2026-09-22T20:34:40.247260+00:00,postings.csv,skills_raw was 'Not specified'
JP025740,CMP056,not_specified,2026-09-22T20:34:40.247296+00:00,postings.csv,skills_raw was 'Not specified'
JP025791,CMP225,not_specified,2026-09-22T20:34:40.247331+00:00,postings.csv,skills_raw was 'Not specified'
JP026381,CMP382,not_specified,2026-09-22T20:34:40.247363+00:00,postings.csv,skills_raw was 'Not specified'
JP026384,CMP168,not_specified,2026-09-22T20:34:40.247395+00:00,postings.csv,skills_raw was 'Not specified'
JP026406,CMP003,not_specified,2026-09-22T20:34:40.247429+00:00,postings.csv,skills_raw was 'Not specified'
JP026481,CMP099,not_specified,2026-09-22T20:34:40.247463+00:00,postings.csv,skills_raw was 'Not specified'
JP026542,CMP173,not_specified,2026-09-22T20:34:40.247496+00:00,postings.csv,skills_raw was 'Not specified'
JP026568,CMP334,not_specified,2026-09-22T20:34:40.247530+00:00,postings.csv,skills_raw was 'Not specified'
JP026576,CMP150,not_specified,2026-09-22T20:34:40.247570+00:00,postings.csv,skills_raw was 'Not specified'
JP026609,CMP084,not_specified,2026-09-22T20:34:40.247610+00:00,postings.csv,skills_raw was 'Not specified'
JP026669,CMP153,not_specified,2026-09-22T20:34:40.247645+00:00,postings.csv,skills_raw was 'Not specified'
JP026741,CMP230,not_specified,2026-09-22T20:34:40.247680+00:00,postings.csv,skills_raw was 'Not specified'
JP026774,CMP036,not_specified,2026-09-22T20:34:40.247714+00:00,postings.csv,skills_raw was 'Not specified'
JP026801,CMP292,not_specified,2026-09-22T20:34:40.247748+00:00,postings.csv,skills_raw was 'Not specified'
JP026876,CMP187,not_specified,2026-09-22T20:34:40.247783+00:00,postings.csv,skills_raw was 'Not specified'
JP026898,CMP268,not_specified,2026-09-22T20:34:40.247818+00:00,postings.csv,skills_raw was 'Not specified'
JP026997,CMP172,not_specified,2026-09-22T20:34:40.247854+00:00,postings.csv,skills_raw was 'Not specified'
JP027768,CMP233,not_specified,2026-09-22T20:34:40.247888+00:00,postings.csv,skills_raw was 'Not specified'
JP027799,CMP244,not_specified,2026-09-22T20:34:40.247923+00:00,postings.csv,skills_raw was 'Not specified'
JP027858,CMP224,not_specified,2026-09-22T20:34:40.247958+00:00,postings.csv,skills_raw was 'Not specified'
JP027924,CMP103,not_specified,2026-09-22T20:34:40.248024+00:00,postings.csv,skills_raw was 'Not specified'
JP027966,CMP264,not_specified,2026-09-22T20:34:40.248066+00:00,postings.csv,skills_raw was 'Not specified'
JP028613,CMP309,not_specified,2026-09-22T20:34:40.248101+00:00,postings.csv,skills_raw was 'Not specified'
JP028659,CMP038,not_specified,2026-09-22T20:34:40.248137+00:00,postings.csv,skills_raw was 'Not specified'
JP028697,CMP169,not_specified,2026-09-22T20:34:40.248170+00:00,postings.csv,skills_raw was 'Not specified'
JP028734,CMP059,not_specified,2026-09-22T20:34:40.248203+00:00,postings.csv,skills_raw was 'Not specified'
JP028771,CMP339,not_specified,2026-09-22T20:34:40.248236+00:00,postings.csv,skills_raw was 'Not specified'
JP029345,CMP013,not_specified,2026-09-22T20:34:40.248269+00:00,postings.csv,skills_raw was 'Not specified'
JP029366,CMP301,not_specified,2026-09-22T20:34:40.248301+00:00,postings.csv,skills_raw was 'Not specified'
JP029385,CMP169,not_specified,2026-09-22T20:34:40.248334+00:00,postings.csv,skills_raw was 'Not specified'
JP029399,CMP115,not_specified,2026-09-22T20:34:40.248366+00:00,postings.csv,skills_raw was 'Not specified'
JP029412,CMP152,not_specified,2026-09-22T20:34:40.248398+00:00,postings.csv,skills_raw was 'Not specified'
JP029597,CMP005,not_specified,2026-09-22T20:34:40.248431+00:00,postings.csv,skills_raw was 'Not specified'
JP029619,CMP146,not_specified,2026-09-22T20:34:40.248463+00:00,postings.csv,skills_raw was 'Not specified'
JP029660,CMP368,not_specified,2026-09-22T20:34:40.248495+00:00,postings.csv,skills_raw was 'Not specified'
JP029688,CMP365,not_specified,2026-09-22T20:34:40.248526+00:00,postings.csv,skills_raw was 'Not specified'
JP029773,CMP267,not_specified,2026-09-22T20:34:40.248557+00:00,postings.csv,skills_raw was 'Not specified'
JP029849,CMP213,not_specified,2026-09-22T20:34:40.248599+00:00,postings.csv,skills_raw was 'Not specified'
JP029873,CMP300,not_specified,2026-09-22T20:34:40.248631+00:00,postings.csv,skills_raw was 'Not specified'
JP029880,CMP031,not_specified,2026-09-22T20:34:40.248663+00:00,postings.csv,skills_raw was 'Not specified'
JP029940,CMP019,not_specified,2026-09-22T20:34:40.248695+00:00,postings.csv,skills_raw was 'Not specified'
JP029978,CMP106,not_specified,2026-09-22T20:34:40.248726+00:00,postings.csv,skills_raw was 'Not specified'
JP030820,CMP023,not_specified,2026-09-22T20:34:40.248757+00:00,postings.csv,skills_raw was 'Not specified'
JP030830,CMP395,not_specified,2026-09-22T20:34:40.248788+00:00,postings.csv,skills_raw was 'Not specified'
JP030869,CMP246,not_specified,2026-09-22T20:34:40.248819+00:00,postings.csv,skills_raw was 'Not specified'
JP030884,CMP314,not_specified,2026-09-22T20:34:40.248851+00:00,postings.csv,skills_raw was 'Not specified'
JP030903,CMP234,not_specified,2026-09-22T20:34:40.248881+00:00,postings.csv,skills_raw was 'Not specified'
JP030960,CMP023,not_specified,2026-09-22T20:34:40.248911+00:00,postings.csv,skills_raw was 'Not specified'
JP030977,CMP126,not_specified,2026-09-22T20:34:40.248942+00:00,postings.csv,skills_raw was 'Not specified'
JP031751,CMP225,not_specified,2026-09-22T20:34:40.248992+00:00,postings.csv,skills_raw was 'Not specified'
JP031768,CMP383,not_specified,2026-09-22T20:34:40.249033+00:00,postings.csv,skills_raw was 'Not specified'
JP031775,CMP226,not_specified,2026-09-22T20:34:40.249068+00:00,postings.csv,skills_raw was 'Not specified'
JP032305,CMP164,not_specified,2026-09-22T20:34:40.249102+00:00,postings.csv,skills_raw was 'Not specified'
JP032322,CMP153,not_specified,2026-09-22T20:34:40.249136+00:00,postings.csv,skills_raw was 'Not specified'
JP032347,CMP170,not_specified,2026-09-22T20:34:40.249169+00:00,postings.csv,skills_raw was 'Not specified'
JP032368,CMP270,not_specified,2026-09-22T20:34:40.249203+00:00,postings.csv,skills_raw was 'Not specified'
JP032416,CMP149,not_specified,2026-09-22T20:34:40.249235+00:00,postings.csv,skills_raw was 'Not specified'
JP032423,CMP149,not_specified,2026-09-22T20:34:40.249267+00:00,postings.csv,skills_raw was 'Not specified'
JP032471,CMP243,not_specified,2026-09-22T20:34:40.249298+00:00,postings.csv,skills_raw was 'Not specified'
JP032583,CMP299,not_specified,2026-09-22T20:34:40.249331+00:00,postings.csv,skills_raw was 'Not specified'
JP032599,CMP225,not_specified,2026-09-22T20:34:40.249362+00:00,postings.csv,skills_raw was 'Not specified'
JP032643,CMP242,not_specified,2026-09-22T20:34:40.249394+00:00,postings.csv,skills_raw was 'Not specified'
JP032726,CMP050,not_specified,2026-09-22T20:34:40.249425+00:00,postings.csv,skills_raw was 'Not specified'
JP032743,CMP056,not_specified,2026-09-22T20:34:40.249456+00:00,postings.csv,skills_raw was 'Not specified'
JP032881,CMP155,not_specified,2026-09-22T20:34:40.249488+00:00,postings.csv,skills_raw was 'Not specified'
JP032907,CMP248,not_specified,2026-09-22T20:34:40.249519+00:00,postings.csv,skills_raw was 'Not specified'
JP032917,CMP199,not_specified,2026-09-22T20:34:40.249550+00:00,postings.csv,skills_raw was 'Not specified'
JP033781,CMP185,not_specified,2026-09-22T20:34:40.249591+00:00,postings.csv,skills_raw was 'Not specified'
JP033858,CMP080,not_specified,2026-09-22T20:34:40.249624+00:00,postings.csv,skills_raw was 'Not specified'
JP033918,CMP196,not_specified,2026-09-22T20:34:40.249656+00:00,postings.csv,skills_raw was 'Not specified'
JP034715,CMP152,not_specified,2026-09-22T20:34:40.249688+00:00,postings.csv,skills_raw was 'Not specified'
JP034723,CMP248,not_specified,2026-09-22T20:34:40.249719+00:00,postings.csv,skills_raw was 'Not specified'
JP034737,CMP199,not_specified,2026-09-22T20:34:40.249753+00:00,postings.csv,skills_raw was 'Not specified'
JP034743,CMP012,not_specified,2026-09-22T20:34:40.249785+00:00,postings.csv,skills_raw was 'Not specified'
JP034747,CMP227,not_specified,2026-09-22T20:34:40.249818+00:00,postings.csv,skills_raw was 'Not specified'
JP035274,CMP026,not_specified,2026-09-22T20:34:40.249851+00:00,postings.csv,skills_raw was 'Not specified'
JP035327,CMP349,not_specified,2026-09-22T20:34:40.249882+00:00,postings.csv,skills_raw was 'Not specified'
JP035376,CMP224,not_specified,2026-09-22T20:34:40.249915+00:00,postings.csv,skills_raw was 'Not specified'
JP035408,CMP146,not_specified,2026-09-22T20:34:40.249946+00:00,postings.csv,skills_raw was 'Not specified'
JP035478,CMP234,not_specified,2026-09-22T20:34:40.250000+00:00,postings.csv,skills_raw was 'Not specified'
JP035489,CMP223,not_specified,2026-09-22T20:34:40.250041+00:00,postings.csv,skills_raw was 'Not specified'
JP035574,CMP234,not_specified,2026-09-22T20:34:40.250075+00:00,postings.csv,skills_raw was 'Not specified'
JP035590,CMP168,not_specified,2026-09-22T20:34:40.250108+00:00,postings.csv,skills_raw was 'Not specified'
JP035603,CMP076,not_specified,2026-09-22T20:34:40.250142+00:00,postings.csv,skills_raw was 'Not specified'
JP035622,CMP013,not_specified,2026-09-22T20:34:40.250174+00:00,postings.csv,skills_raw was 'Not specified'
JP035677,CMP355,not_specified,2026-09-22T20:34:40.250206+00:00,postings.csv,skills_raw was 'Not specified'
JP035697,CMP223,not_specified,2026-09-22T20:34:40.250239+00:00,postings.csv,skills_raw was 'Not specified'
JP035788,CMP264,not_specified,2026-09-22T20:34:40.250271+00:00,postings.csv,skills_raw was 'Not specified'
JP035821,CMP126,not_specified,2026-09-22T20:34:40.250303+00:00,postings.csv,skills_raw was 'Not specified'
JP035870,CMP289,not_specified,2026-09-22T20:34:40.250334+00:00,postings.csv,skills_raw was 'Not specified'
JP035871,CMP397,not_specified,2026-09-22T20:34:40.250388+00:00,postings.csv,skills_raw was 'Not specified'
JP035965,CMP360,not_specified,2026-09-22T20:34:40.250431+00:00,postings.csv,skills_raw was 'Not specified'
JP036840,CMP096,not_specified,2026-09-22T20:34:40.250467+00:00,postings.csv,skills_raw was 'Not specified'
JP036926,CMP005,not_specified,2026-09-22T20:34:40.250502+00:00,postings.csv,skills_raw was 'Not specified'
JP036938,CMP198,not_specified,2026-09-22T20:34:40.250535+00:00,postings.csv,skills_raw was 'Not specified'
JP036967,CMP093,not_specified,2026-09-22T20:34:40.250575+00:00,postings.csv,skills_raw was 'Not specified'
JP036984,CMP309,not_specified,2026-09-22T20:34:40.250611+00:00,postings.csv,skills_raw was 'Not specified'
JP037699,CMP291,not_specified,2026-09-22T20:34:40.250645+00:00,postings.csv,skills_raw was 'Not specified'
JP037714,CMP277,not_specified,2026-09-22T20:34:40.250677+00:00,postings.csv,skills_raw was 'Not specified'
JP037720,CMP215,not_specified,2026-09-22T20:34:40.250710+00:00,postings.csv,skills_raw was 'Not specified'
JP038265,CMP378,not_specified,2026-09-22T20:34:40.250741+00:00,postings.csv,skills_raw was 'Not specified'
JP038289,CMP195,not_specified,2026-09-22T20:34:40.250774+00:00,postings.csv,skills_raw was 'Not specified'
JP038318,CMP016,not_specified,2026-09-22T20:34:40.250805+00:00,postings.csv,skills_raw was 'Not specified'
JP038337,CMP100,not_specified,2026-09-22T20:34:40.250837+00:00,postings.csv,skills_raw was 'Not specified'
JP038350,CMP191,not_specified,2026-09-22T20:34:40.250867+00:00,postings.csv,skills_raw was 'Not specified'
JP038378,CMP074,not_specified,2026-09-22T20:34:40.250898+00:00,postings.csv,skills_raw was 'Not specified'
JP038396,CMP020,not_specified,2026-09-22T20:34:40.250929+00:00,postings.csv,skills_raw was 'Not specified'
JP038402,CMP047,not_specified,2026-09-22T20:34:40.250960+00:00,postings.csv,skills_raw was 'Not specified'
JP038480,CMP311,not_specified,2026-09-22T20:34:40.251027+00:00,postings.csv,skills_raw was 'Not specified'
JP038488,CMP253,not_specified,2026-09-22T20:34:40.251066+00:00,postings.csv,skills_raw was 'Not specified'
JP038566,CMP197,not_specified,2026-09-22T20:34:40.251104+00:00,postings.csv,skills_raw was 'Not specified'
JP038623,CMP072,not_specified,2026-09-22T20:34:40.251141+00:00,postings.csv,skills_raw was 'Not specified'
JP038632,CMP254,not_specified,2026-09-22T20:34:40.251177+00:00,postings.csv,skills_raw was 'Not specified'
JP038652,CMP382,not_specified,2026-09-22T20:34:40.251213+00:00,postings.csv,skills_raw was 'Not specified'
JP038691,CMP197,not_specified,2026-09-22T20:34:40.251249+00:00,postings.csv,skills_raw was 'Not specified'
JP038873,CMP006,not_specified,2026-09-22T20:34:40.251285+00:00,postings.csv,skills_raw was 'Not specified'
JP038998,CMP137,not_specified,2026-09-22T20:34:40.251320+00:00,postings.csv,skills_raw was 'Not specified'
JP039823,CMP354,not_specified,2026-09-22T20:34:40.251356+00:00,postings.csv,skills_raw was 'Not specified'
JP039846,CMP162,not_specified,2026-09-22T20:34:40.251391+00:00,postings.csv,skills_raw was 'Not specified'
JP039863,CMP255,not_specified,2026-09-22T20:34:40.251427+00:00,postings.csv,skills_raw was 'Not specified'
JP039908,CMP107,not_specified,2026-09-22T20:34:40.251461+00:00,postings.csv,skills_raw was 'Not specified'
JP040720,CMP146,not_specified,2026-09-22T20:34:40.251496+00:00,postings.csv,skills_raw was 'Not specified'
JP040748,CMP147,not_specified,2026-09-22T20:34:40.251530+00:00,postings.csv,skills_raw was 'Not specified'
JP040754,CMP274,not_specified,2026-09-22T20:34:40.251572+00:00,postings.csv,skills_raw was 'Not specified'
JP041171,CMP350,not_specified,2026-09-22T20:34:40.251611+00:00,postings.csv,skills_raw was 'Not specified'
JP041211,CMP248,not_specified,2026-09-22T20:34:40.251647+00:00,postings.csv,skills_raw was 'Not specified'
JP041281,CMP327,not_specified,2026-09-22T20:34:40.251682+00:00,postings.csv,skills_raw was 'Not specified'
JP041306,CMP235,not_specified,2026-09-22T20:34:40.251718+00:00,postings.csv,skills_raw was 'Not specified'
JP041330,CMP338,not_specified,2026-09-22T20:34:40.251752+00:00,postings.csv,skills_raw was 'Not specified'
JP041460,CMP341,not_specified,2026-09-22T20:34:40.251788+00:00,postings.csv,skills_raw was 'Not specified'
JP041463,CMP131,not_specified,2026-09-22T20:34:40.251821+00:00,postings.csv,skills_raw was 'Not specified'
JP041477,CMP243,not_specified,2026-09-22T20:34:40.251855+00:00,postings.csv,skills_raw was 'Not specified'
JP041543,CMP030,not_specified,2026-09-22T20:34:40.251889+00:00,postings.csv,skills_raw was 'Not specified'
JP041544,CMP272,not_specified,2026-09-22T20:34:40.251924+00:00,postings.csv,skills_raw was 'Not specified'
JP041557,CMP306,not_specified,2026-09-22T20:34:40.251956+00:00,postings.csv,skills_raw was 'Not specified'
JP041604,CMP280,not_specified,2026-09-22T20:34:40.252020+00:00,postings.csv,skills_raw was 'Not specified'
JP041781,CMP190,not_specified,2026-09-22T20:34:40.252062+00:00,postings.csv,skills_raw was 'Not specified'
JP041844,CMP030,not_specified,2026-09-22T20:34:40.252102+00:00,postings.csv,skills_raw was 'Not specified'
JP041883,CMP379,not_specified,2026-09-22T20:34:40.252138+00:00,postings.csv,skills_raw was 'Not specified'
JP041909,CMP104,not_specified,2026-09-22T20:34:40.252173+00:00,postings.csv,skills_raw was 'Not specified'
JP041919,CMP029,not_specified,2026-09-22T20:34:40.252209+00:00,postings.csv,skills_raw was 'Not specified'
JP041945,CMP040,not_specified,2026-09-22T20:34:40.252245+00:00,postings.csv,skills_raw was 'Not specified'
JP042845,CMP268,not_specified,2026-09-22T20:34:40.252280+00:00,postings.csv,skills_raw was 'Not specified'
JP042849,CMP390,not_specified,2026-09-22T20:34:40.252316+00:00,postings.csv,skills_raw was 'Not specified'
JP042853,CMP198,not_specified,2026-09-22T20:34:40.252350+00:00,postings.csv,skills_raw was 'Not specified'
JP042891,CMP340,not_specified,2026-09-22T20:34:40.252385+00:00,postings.csv,skills_raw was 'Not specified'
JP042940,CMP332,not_specified,2026-09-22T20:34:40.252420+00:00,postings.csv,skills_raw was 'Not specified'
JP042972,CMP373,not_specified,2026-09-22T20:34:40.252453+00:00,postings.csv,skills_raw was 'Not specified'
JP043761,CMP320,not_specified,2026-09-22T20:34:40.252487+00:00,postings.csv,skills_raw was 'Not specified'
JP044145,CMP266,not_specified,2026-09-22T20:34:40.252522+00:00,postings.csv,skills_raw was 'Not specified'
JP044216,CMP313,not_specified,2026-09-22T20:34:40.252555+00:00,postings.csv,skills_raw was 'Not specified'
JP044220,CMP214,not_specified,2026-09-22T20:34:40.252603+00:00,postings.csv,skills_raw was 'Not specified'
JP044474,CMP302,not_specified,2026-09-22T20:34:40.252640+00:00,postings.csv,skills_raw was 'Not specified'
JP044539,CMP028,not_specified,2026-09-22T20:34:40.252675+00:00,postings.csv,skills_raw was 'Not specified'
JP044541,CMP004,not_specified,2026-09-22T20:34:40.252720+00:00,postings.csv,skills_raw was 'Not specified'
JP044566,CMP228,not_specified,2026-09-22T20:34:40.252760+00:00,postings.csv,skills_raw was 'Not specified'
JP044668,CMP112,not_specified,2026-09-22T20:34:40.252795+00:00,postings.csv,skills_raw was 'Not specified'
JP044675,CMP035,not_specified,2026-09-22T20:34:40.252833+00:00,postings.csv,skills_raw was 'Not specified'
JP044702,CMP335,not_specified,2026-09-22T20:34:40.252869+00:00,postings.csv,skills_raw was 'Not specified'
JP044713,CMP241,not_specified,2026-09-22T20:34:40.252905+00:00,postings.csv,skills_raw was 'Not specified'
JP044734,CMP380,not_specified,2026-09-22T20:34:40.252940+00:00,postings.csv,skills_raw was 'Not specified'
JP044787,CMP232,not_specified,2026-09-22T20:34:40.252995+00:00,postings.csv,skills_raw was 'Not specified'
JP044794,CMP079,not_specified,2026-09-22T20:34:40.253042+00:00,postings.csv,skills_raw was 'Not specified'
JP044844,CMP190,not_specified,2026-09-22T20:34:40.253081+00:00,postings.csv,skills_raw was 'Not specified'
JP044856,CMP103,not_specified,2026-09-22T20:34:40.253121+00:00,postings.csv,skills_raw was 'Not specified'
JP044926,CMP221,not_specified,2026-09-22T20:34:40.253159+00:00,postings.csv,skills_raw was 'Not specified'
JP044984,CMP096,not_specified,2026-09-22T20:34:40.253196+00:00,postings.csv,skills_raw was 'Not specified'
JP045884,CMP098,not_specified,2026-09-22T20:34:40.253233+00:00,postings.csv,skills_raw was 'Not specified'
JP045890,CMP247,not_specified,2026-09-22T20:34:40.253270+00:00,postings.csv,skills_raw was 'Not specified'
JP045959,CMP181,not_specified,2026-09-22T20:34:40.253305+00:00,postings.csv,skills_raw was 'Not specified'
JP046677,CMP090,not_specified,2026-09-22T20:34:40.253339+00:00,postings.csv,skills_raw was 'Not specified'
JP046696,CMP067,not_specified,2026-09-22T20:34:40.253376+00:00,postings.csv,skills_raw was 'Not specified'
JP046735,CMP226,not_specified,2026-09-22T20:34:40.253411+00:00,postings.csv,skills_raw was 'Not specified'
JP046767,CMP369,not_specified,2026-09-22T20:34:40.253448+00:00,postings.csv,skills_raw was 'Not specified'
JP047131,CMP242,not_specified,2026-09-22T20:34:40.253483+00:00,postings.csv,skills_raw was 'Not specified'
JP047181,CMP048,not_specified,2026-09-22T20:34:40.253517+00:00,postings.csv,skills_raw was 'Not specified'
JP047226,CMP123,not_specified,2026-09-22T20:34:40.253551+00:00,postings.csv,skills_raw was 'Not specified'
JP047337,CMP295,not_specified,2026-09-22T20:34:40.253595+00:00,postings.csv,skills_raw was 'Not specified'
JP047464,CMP226,not_specified,2026-09-22T20:34:40.253632+00:00,postings.csv,skills_raw was 'Not specified'
JP047634,CMP356,not_specified,2026-09-22T20:34:40.253667+00:00,postings.csv,skills_raw was 'Not specified'
JP047644,CMP132,not_specified,2026-09-22T20:34:40.253703+00:00,postings.csv,skills_raw was 'Not specified'
JP047657,CMP342,not_specified,2026-09-22T20:34:40.253738+00:00,postings.csv,skills_raw was 'Not specified'
JP047688,CMP104,not_specified,2026-09-22T20:34:40.253773+00:00,postings.csv,skills_raw was 'Not specified'
JP047726,CMP068,not_specified,2026-09-22T20:34:40.253807+00:00,postings.csv,skills_raw was 'Not specified'
JP047771,CMP316,not_specified,2026-09-22T20:34:40.253840+00:00,postings.csv,skills_raw was 'Not specified'
JP047791,CMP333,not_specified,2026-09-22T20:34:40.253875+00:00,postings.csv,skills_raw was 'Not specified'
JP047802,CMP255,not_specified,2026-09-22T20:34:40.253908+00:00,postings.csv,skills_raw was 'Not specified'
JP047838,CMP326,not_specified,2026-09-22T20:34:40.253942+00:00,postings.csv,skills_raw was 'Not specified'
JP047847,CMP082,not_specified,2026-09-22T20:34:40.253996+00:00,postings.csv,skills_raw was 'Not specified'
JP047872,CMP373,not_specified,2026-09-22T20:34:40.254043+00:00,postings.csv,skills_raw was 'Not specified'
JP047985,CMP399,not_specified,2026-09-22T20:34:40.254084+00:00,postings.csv,skills_raw was 'Not specified'
JP047998,CMP201,not_specified,2026-09-22T20:34:40.254122+00:00,postings.csv,skills_raw was 'Not specified'
JP048896,CMP091,not_specified,2026-09-22T20:34:40.254159+00:00,postings.csv,skills_raw was 'Not specified'
JP048911,CMP165,not_specified,2026-09-22T20:34:40.254194+00:00,postings.csv,skills_raw was 'Not specified'
JP048918,CMP142,not_specified,2026-09-22T20:34:40.254232+00:00,postings.csv,skills_raw was 'Not specified'
JP048961,CMP208,not_specified,2026-09-22T20:34:40.254268+00:00,postings.csv,skills_raw was 'Not specified'
JP049708,CMP284,not_specified,2026-09-22T20:34:40.254303+00:00,postings.csv,skills_raw was 'Not specified'
JP049722,CMP351,not_specified,2026-09-22T20:34:40.254337+00:00,postings.csv,skills_raw was 'Not specified'
JP049781,CMP039,not_specified,2026-09-22T20:34:40.254402+00:00,postings.csv,skills_raw was 'Not specified'
JP049795,CMP364,not_specified,2026-09-22T20:34:40.254450+00:00,postings.csv,skills_raw was 'Not specified'
JP049798,CMP137,not_specified,2026-09-22T20:34:40.254489+00:00,postings.csv,skills_raw was 'Not specified'
JP050071,CMP148,not_specified,2026-09-22T20:34:40.254528+00:00,postings.csv,skills_raw was 'Not specified'
JP050240,CMP381,not_specified,2026-09-22T20:34:40.254570+00:00,postings.csv,skills_raw was 'Not specified'
JP050334,CMP173,not_specified,2026-09-22T20:34:40.254611+00:00,postings.csv,skills_raw was 'Not specified'
JP050344,CMP114,not_specified,2026-09-22T20:34:40.254648+00:00,postings.csv,skills_raw was 'Not specified'
JP050423,CMP008,not_specified,2026-09-22T20:34:40.254684+00:00,postings.csv,skills_raw was 'Not specified'
JP050456,CMP281,not_specified,2026-09-22T20:34:40.254720+00:00,postings.csv,skills_raw was 'Not specified'
JP050490,CMP126,not_specified,2026-09-22T20:34:40.254756+00:00,postings.csv,skills_raw was 'Not specified'
JP050568,CMP324,not_specified,2026-09-22T20:34:40.254791+00:00,postings.csv,skills_raw was 'Not specified'
JP050648,CMP039,not_specified,2026-09-22T20:34:40.254825+00:00,postings.csv,skills_raw was 'Not specified'
JP050709,CMP106,not_specified,2026-09-22T20:34:40.254860+00:00,postings.csv,skills_raw was 'Not specified'
JP050748,CMP306,not_specified,2026-09-22T20:34:40.254894+00:00,postings.csv,skills_raw was 'Not specified'
JP050807,CMP089,not_specified,2026-09-22T20:34:40.254928+00:00,postings.csv,skills_raw was 'Not specified'
JP050830,CMP069,not_specified,2026-09-22T20:34:40.254976+00:00,postings.csv,skills_raw was 'Not specified'
JP050935,CMP242,not_specified,2026-09-22T20:34:40.255029+00:00,postings.csv,skills_raw was 'Not specified'
JP050966,CMP253,not_specified,2026-09-22T20:34:40.255068+00:00,postings.csv,skills_raw was 'Not specified'
JP050969,CMP261,not_specified,2026-09-22T20:34:40.255106+00:00,postings.csv,skills_raw was 'Not specified'
JP051935,CMP183,not_specified,2026-09-22T20:34:40.255143+00:00,postings.csv,skills_raw was 'Not specified'
JP051936,CMP381,not_specified,2026-09-22T20:34:40.255180+00:00,postings.csv,skills_raw was 'Not specified'
JP051942,CMP336,not_specified,2026-09-22T20:34:40.255217+00:00,postings.csv,skills_raw was 'Not specified'
JP051983,CMP077,not_specified,2026-09-22T20:34:40.255252+00:00,postings.csv,skills_raw was 'Not specified'
JP052726,CMP187,not_specified,2026-09-22T20:34:40.255288+00:00,postings.csv,skills_raw was 'Not specified'
JP052731,CMP019,not_specified,2026-09-22T20:34:40.255324+00:00,postings.csv,skills_raw was 'Not specified'
JP053035,CMP195,not_specified,2026-09-22T20:34:40.255359+00:00,postings.csv,skills_raw was 'Not specified'
JP053100,CMP144,not_specified,2026-09-22T20:34:40.255394+00:00,postings.csv,skills_raw was 'Not specified'
JP053122,CMP000,not_specified,2026-09-22T20:34:40.255429+00:00,postings.csv,skills_raw was 'Not specified'
JP053172,CMP072,not_specified,2026-09-22T20:34:40.255465+00:00,postings.csv,skills_raw was 'Not specified'
JP053302,CMP193,not_specified,2026-09-22T20:34:40.255502+00:00,postings.csv,skills_raw was 'Not specified'
JP053445,CMP077,not_specified,2026-09-22T20:34:40.255537+00:00,postings.csv,skills_raw was 'Not specified'
JP053448,CMP326,not_specified,2026-09-22T20:34:40.255580+00:00,postings.csv,skills_raw was 'Not specified'
JP053482,CMP179,not_specified,2026-09-22T20:34:40.255620+00:00,postings.csv,skills_raw was 'Not specified'
JP053548,CMP356,not_specified,2026-09-22T20:34:40.255657+00:00,postings.csv,skills_raw was 'Not specified'
JP053558,CMP066,not_specified,2026-09-22T20:34:40.255694+00:00,postings.csv,skills_raw was 'Not specified'
JP053582,CMP260,not_specified,2026-09-22T20:34:40.255730+00:00,postings.csv,skills_raw was 'Not specified'
JP053632,CMP155,not_specified,2026-09-22T20:34:40.255766+00:00,postings.csv,skills_raw was 'Not specified'
JP053677,CMP185,not_specified,2026-09-22T20:34:40.255801+00:00,postings.csv,skills_raw was 'Not specified'
JP053696,CMP342,not_specified,2026-09-22T20:34:40.255836+00:00,postings.csv,skills_raw was 'Not specified'
JP053702,CMP068,not_specified,2026-09-22T20:34:40.255871+00:00,postings.csv,skills_raw was 'Not specified'
JP053712,CMP091,not_specified,2026-09-22T20:34:40.255908+00:00,postings.csv,skills_raw was 'Not specified'
JP053713,CMP165,not_specified,2026-09-22T20:34:40.255943+00:00,postings.csv,skills_raw was 'Not specified'
JP053870,CMP398,not_specified,2026-09-22T20:34:40.255999+00:00,postings.csv,skills_raw was 'Not specified'
JP053992,CMP352,not_specified,2026-09-22T20:34:40.256047+00:00,postings.csv,skills_raw was 'Not specified'
JP000759,CMP999,unknown_company,2026-09-22T20:34:40.257922+00:00,postings.csv,company_id CMP999 not found in companies
JP000791,CMP999,unknown_company,2026-09-22T20:34:40.258014+00:00,postings.csv,company_id CMP999 not found in companies
JP000832,CMP999,unknown_company,2026-09-22T20:34:40.258070+00:00,postings.csv,company_id CMP999 not found in companies
JP000851,CMP999,unknown_company,2026-09-22T20:34:40.258115+00:00,postings.csv,company_id CMP999 not found in companies
JP000944,CMP999,unknown_company,2026-09-22T20:34:40.258157+00:00,postings.csv,company_id CMP999 not found in companies
JP001413,CMP999,unknown_company,2026-09-22T20:34:40.258197+00:00,postings.csv,company_id CMP999 not found in companies
JP001422,CMP999,unknown_company,2026-09-22T20:34:40.258236+00:00,postings.csv,company_id CMP999 not found in companies
JP001427,CMP999,unknown_company,2026-09-22T20:34:40.258276+00:00,postings.csv,company_id CMP999 not found in companies
JP001438,CMP999,unknown_company,2026-09-22T20:34:40.258315+00:00,postings.csv,company_id CMP999 not found in companies
JP001448,CMP999,unknown_company,2026-09-22T20:34:40.258353+00:00,postings.csv,company_id CMP999 not found in companies
JP001461,CMP999,unknown_company,2026-09-22T20:34:40.258436+00:00,postings.csv,company_id CMP999 not found in companies
JP001529,CMP999,unknown_company,2026-09-22T20:34:40.258479+00:00,postings.csv,company_id CMP999 not found in companies
JP001535,CMP999,unknown_company,2026-09-22T20:34:40.258520+00:00,postings.csv,company_id CMP999 not found in companies
JP001559,CMP999,unknown_company,2026-09-22T20:34:40.258567+00:00,postings.csv,company_id CMP999 not found in companies
JP001611,CMP999,unknown_company,2026-09-22T20:34:40.258612+00:00,postings.csv,company_id CMP999 not found in companies
JP001645,CMP999,unknown_company,2026-09-22T20:34:40.258650+00:00,postings.csv,company_id CMP999 not found in companies
JP001734,CMP999,unknown_company,2026-09-22T20:34:40.258689+00:00,postings.csv,company_id CMP999 not found in companies
JP001768,CMP999,unknown_company,2026-09-22T20:34:40.258728+00:00,postings.csv,company_id CMP999 not found in companies
JP002662,CMP999,unknown_company,2026-09-22T20:34:40.258765+00:00,postings.csv,company_id CMP999 not found in companies
JP002664,CMP999,unknown_company,2026-09-22T20:34:40.258802+00:00,postings.csv,company_id CMP999 not found in companies
JP002666,CMP999,unknown_company,2026-09-22T20:34:40.258839+00:00,postings.csv,company_id CMP999 not found in companies
JP002712,CMP999,unknown_company,2026-09-22T20:34:40.258876+00:00,postings.csv,company_id CMP999 not found in companies
JP002745,CMP999,unknown_company,2026-09-22T20:34:40.258914+00:00,postings.csv,company_id CMP999 not found in companies
JP002755,CMP999,unknown_company,2026-09-22T20:34:40.258951+00:00,postings.csv,company_id CMP999 not found in companies
JP002792,CMP999,unknown_company,2026-09-22T20:34:40.259017+00:00,postings.csv,company_id CMP999 not found in companies
JP002847,CMP999,unknown_company,2026-09-22T20:34:40.259064+00:00,postings.csv,company_id CMP999 not found in companies
JP002881,CMP999,unknown_company,2026-09-22T20:34:40.259105+00:00,postings.csv,company_id CMP999 not found in companies
JP002951,CMP999,unknown_company,2026-09-22T20:34:40.259144+00:00,postings.csv,company_id CMP999 not found in companies
JP002965,CMP999,unknown_company,2026-09-22T20:34:40.259183+00:00,postings.csv,company_id CMP999 not found in companies
JP002995,CMP999,unknown_company,2026-09-22T20:34:40.259221+00:00,postings.csv,company_id CMP999 not found in companies
JP003637,CMP999,unknown_company,2026-09-22T20:34:40.259258+00:00,postings.csv,company_id CMP999 not found in companies
JP003642,CMP999,unknown_company,2026-09-22T20:34:40.259296+00:00,postings.csv,company_id CMP999 not found in companies
JP003659,CMP999,unknown_company,2026-09-22T20:34:40.259334+00:00,postings.csv,company_id CMP999 not found in companies
JP003678,CMP999,unknown_company,2026-09-22T20:34:40.259372+00:00,postings.csv,company_id CMP999 not found in companies
JP003688,CMP999,unknown_company,2026-09-22T20:34:40.259411+00:00,postings.csv,company_id CMP999 not found in companies
JP003708,CMP999,unknown_company,2026-09-22T20:34:40.259448+00:00,postings.csv,company_id CMP999 not found in companies
JP003824,CMP999,unknown_company,2026-09-22T20:34:40.259486+00:00,postings.csv,company_id CMP999 not found in companies
JP003889,CMP999,unknown_company,2026-09-22T20:34:40.259524+00:00,postings.csv,company_id CMP999 not found in companies
JP003892,CMP999,unknown_company,2026-09-22T20:34:40.259567+00:00,postings.csv,company_id CMP999 not found in companies
JP003894,CMP999,unknown_company,2026-09-22T20:34:40.259610+00:00,postings.csv,company_id CMP999 not found in companies
JP003898,CMP999,unknown_company,2026-09-22T20:34:40.259648+00:00,postings.csv,company_id CMP999 not found in companies
JP003978,CMP999,unknown_company,2026-09-22T20:34:40.259686+00:00,postings.csv,company_id CMP999 not found in companies
JP004426,CMP999,unknown_company,2026-09-22T20:34:40.259724+00:00,postings.csv,company_id CMP999 not found in companies
JP004606,CMP999,unknown_company,2026-09-22T20:34:40.259763+00:00,postings.csv,company_id CMP999 not found in companies
JP004625,CMP999,unknown_company,2026-09-22T20:34:40.259799+00:00,postings.csv,company_id CMP999 not found in companies
JP004656,CMP999,unknown_company,2026-09-22T20:34:40.259834+00:00,postings.csv,company_id CMP999 not found in companies
JP004667,CMP999,unknown_company,2026-09-22T20:34:40.259870+00:00,postings.csv,company_id CMP999 not found in companies
JP004687,CMP999,unknown_company,2026-09-22T20:34:40.259907+00:00,postings.csv,company_id CMP999 not found in companies
JP004733,CMP999,unknown_company,2026-09-22T20:34:40.259942+00:00,postings.csv,company_id CMP999 not found in companies
JP004763,CMP999,unknown_company,2026-09-22T20:34:40.260006+00:00,postings.csv,company_id CMP999 not found in companies
JP004783,CMP999,unknown_company,2026-09-22T20:34:40.260054+00:00,postings.csv,company_id CMP999 not found in companies
JP004793,CMP999,unknown_company,2026-09-22T20:34:40.260095+00:00,postings.csv,company_id CMP999 not found in companies
JP005629,CMP999,unknown_company,2026-09-22T20:34:40.260134+00:00,postings.csv,company_id CMP999 not found in companies
JP005659,CMP999,unknown_company,2026-09-22T20:34:40.260173+00:00,postings.csv,company_id CMP999 not found in companies
JP005750,CMP999,unknown_company,2026-09-22T20:34:40.260211+00:00,postings.csv,company_id CMP999 not found in companies
JP005808,CMP999,unknown_company,2026-09-22T20:34:40.260252+00:00,postings.csv,company_id CMP999 not found in companies
JP005939,CMP999,unknown_company,2026-09-22T20:34:40.260289+00:00,postings.csv,company_id CMP999 not found in companies
JP005940,CMP999,unknown_company,2026-09-22T20:34:40.260326+00:00,postings.csv,company_id CMP999 not found in companies
JP005943,CMP999,unknown_company,2026-09-22T20:34:40.260364+00:00,postings.csv,company_id CMP999 not found in companies
JP005999,CMP999,unknown_company,2026-09-22T20:34:40.260404+00:00,postings.csv,company_id CMP999 not found in companies
JP006580,CMP999,unknown_company,2026-09-22T20:34:40.260442+00:00,postings.csv,company_id CMP999 not found in companies
JP006729,CMP999,unknown_company,2026-09-22T20:34:40.260480+00:00,postings.csv,company_id CMP999 not found in companies
JP006737,CMP999,unknown_company,2026-09-22T20:34:40.260516+00:00,postings.csv,company_id CMP999 not found in companies
JP006768,CMP999,unknown_company,2026-09-22T20:34:40.260553+00:00,postings.csv,company_id CMP999 not found in companies
JP006861,CMP999,unknown_company,2026-09-22T20:34:40.260601+00:00,postings.csv,company_id CMP999 not found in companies
JP006931,CMP999,unknown_company,2026-09-22T20:34:40.260641+00:00,postings.csv,company_id CMP999 not found in companies
JP006940,CMP999,unknown_company,2026-09-22T20:34:40.260678+00:00,postings.csv,company_id CMP999 not found in companies
JP007533,CMP999,unknown_company,2026-09-22T20:34:40.260715+00:00,postings.csv,company_id CMP999 not found in companies
JP007582,CMP999,unknown_company,2026-09-22T20:34:40.260752+00:00,postings.csv,company_id CMP999 not found in companies
JP007602,CMP999,unknown_company,2026-09-22T20:34:40.260790+00:00,postings.csv,company_id CMP999 not found in companies
JP007609,CMP999,unknown_company,2026-09-22T20:34:40.260827+00:00,postings.csv,company_id CMP999 not found in companies
JP007619,CMP999,unknown_company,2026-09-22T20:34:40.260864+00:00,postings.csv,company_id CMP999 not found in companies
JP007654,CMP999,unknown_company,2026-09-22T20:34:40.260901+00:00,postings.csv,company_id CMP999 not found in companies
JP007674,CMP999,unknown_company,2026-09-22T20:34:40.260937+00:00,postings.csv,company_id CMP999 not found in companies
JP008587,CMP999,unknown_company,2026-09-22T20:34:40.260992+00:00,postings.csv,company_id CMP999 not found in companies
JP008590,CMP999,unknown_company,2026-09-22T20:34:40.261042+00:00,postings.csv,company_id CMP999 not found in companies
JP008595,CMP999,unknown_company,2026-09-22T20:34:40.261083+00:00,postings.csv,company_id CMP999 not found in companies
JP008627,CMP999,unknown_company,2026-09-22T20:34:40.261123+00:00,postings.csv,company_id CMP999 not found in companies
JP008633,CMP999,unknown_company,2026-09-22T20:34:40.261162+00:00,postings.csv,company_id CMP999 not found in companies
JP008658,CMP999,unknown_company,2026-09-22T20:34:40.261201+00:00,postings.csv,company_id CMP999 not found in companies
JP008665,CMP999,unknown_company,2026-09-22T20:34:40.261239+00:00,postings.csv,company_id CMP999 not found in companies
JP008675,CMP999,unknown_company,2026-09-22T20:34:40.261277+00:00,postings.csv,company_id CMP999 not found in companies
JP008691,CMP999,unknown_company,2026-09-22T20:34:40.261314+00:00,postings.csv,company_id CMP999 not found in companies
JP008716,CMP999,unknown_company,2026-09-22T20:34:40.261349+00:00,postings.csv,company_id CMP999 not found in companies
JP008811,CMP999,unknown_company,2026-09-22T20:34:40.261386+00:00,postings.csv,company_id CMP999 not found in companies
JP008862,CMP999,unknown_company,2026-09-22T20:34:40.261423+00:00,postings.csv,company_id CMP999 not found in companies
JP008910,CMP999,unknown_company,2026-09-22T20:34:40.261459+00:00,postings.csv,company_id CMP999 not found in companies
JP008936,CMP999,unknown_company,2026-09-22T20:34:40.261496+00:00,postings.csv,company_id CMP999 not found in companies
JP008971,CMP999,unknown_company,2026-09-22T20:34:40.261532+00:00,postings.csv,company_id CMP999 not found in companies
JP008982,CMP999,unknown_company,2026-09-22T20:34:40.261575+00:00,postings.csv,company_id CMP999 not found in companies
JP009602,CMP999,unknown_company,2026-09-22T20:34:40.261615+00:00,postings.csv,company_id CMP999 not found in companies
JP009643,CMP999,unknown_company,2026-09-22T20:34:40.261653+00:00,postings.csv,company_id CMP999 not found in companies
JP009655,CMP999,unknown_company,2026-09-22T20:34:40.261691+00:00,postings.csv,company_id CMP999 not found in companies
JP009690,CMP999,unknown_company,2026-09-22T20:34:40.261728+00:00,postings.csv,company_id CMP999 not found in companies
JP009707,CMP999,unknown_company,2026-09-22T20:34:40.261764+00:00,postings.csv,company_id CMP999 not found in companies
JP009890,CMP999,unknown_company,2026-09-22T20:34:40.261800+00:00,postings.csv,company_id CMP999 not found in companies
JP009900,CMP999,unknown_company,2026-09-22T20:34:40.261836+00:00,postings.csv,company_id CMP999 not found in companies
JP009919,CMP999,unknown_company,2026-09-22T20:34:40.261872+00:00,postings.csv,company_id CMP999 not found in companies
JP009925,CMP999,unknown_company,2026-09-22T20:34:40.261909+00:00,postings.csv,company_id CMP999 not found in companies
JP009984,CMP999,unknown_company,2026-09-22T20:34:40.261945+00:00,postings.csv,company_id CMP999 not found in companies
JP009997,CMP999,unknown_company,2026-09-22T20:34:40.262002+00:00,postings.csv,company_id CMP999 not found in companies
JP010484,CMP999,unknown_company,2026-09-22T20:34:40.262048+00:00,postings.csv,company_id CMP999 not found in companies
JP010513,CMP999,unknown_company,2026-09-22T20:34:40.262087+00:00,postings.csv,company_id CMP999 not found in companies
JP010562,CMP999,unknown_company,2026-09-22T20:34:40.262125+00:00,postings.csv,company_id CMP999 not found in companies
JP010568,CMP999,unknown_company,2026-09-22T20:34:40.262163+00:00,postings.csv,company_id CMP999 not found in companies
JP010583,CMP999,unknown_company,2026-09-22T20:34:40.262201+00:00,postings.csv,company_id CMP999 not found in companies
JP011596,CMP999,unknown_company,2026-09-22T20:34:40.262237+00:00,postings.csv,company_id CMP999 not found in companies
JP011597,CMP999,unknown_company,2026-09-22T20:34:40.262273+00:00,postings.csv,company_id CMP999 not found in companies
JP011621,CMP999,unknown_company,2026-09-22T20:34:40.262309+00:00,postings.csv,company_id CMP999 not found in companies
JP011664,CMP999,unknown_company,2026-09-22T20:34:40.262345+00:00,postings.csv,company_id CMP999 not found in companies
JP011709,CMP999,unknown_company,2026-09-22T20:34:40.262418+00:00,postings.csv,company_id CMP999 not found in companies
JP011711,CMP999,unknown_company,2026-09-22T20:34:40.262463+00:00,postings.csv,company_id CMP999 not found in companies
JP011737,CMP999,unknown_company,2026-09-22T20:34:40.262503+00:00,postings.csv,company_id CMP999 not found in companies
JP011755,CMP999,unknown_company,2026-09-22T20:34:40.262543+00:00,postings.csv,company_id CMP999 not found in companies
JP011772,CMP999,unknown_company,2026-09-22T20:34:40.262590+00:00,postings.csv,company_id CMP999 not found in companies
JP011788,CMP999,unknown_company,2026-09-22T20:34:40.262631+00:00,postings.csv,company_id CMP999 not found in companies
JP011888,CMP999,unknown_company,2026-09-22T20:34:40.262669+00:00,postings.csv,company_id CMP999 not found in companies
JP011897,CMP999,unknown_company,2026-09-22T20:34:40.262724+00:00,postings.csv,company_id CMP999 not found in companies
JP011967,CMP999,unknown_company,2026-09-22T20:34:40.262766+00:00,postings.csv,company_id CMP999 not found in companies
JP011986,CMP999,unknown_company,2026-09-22T20:34:40.262804+00:00,postings.csv,company_id CMP999 not found in companies
JP012673,CMP999,unknown_company,2026-09-22T20:34:40.262844+00:00,postings.csv,company_id CMP999 not found in companies
JP012741,CMP999,unknown_company,2026-09-22T20:34:40.262883+00:00,postings.csv,company_id CMP999 not found in companies
JP012745,CMP999,unknown_company,2026-09-22T20:34:40.262921+00:00,postings.csv,company_id CMP999 not found in companies
JP012746,CMP999,unknown_company,2026-09-22T20:34:40.262958+00:00,postings.csv,company_id CMP999 not found in companies
JP012752,CMP999,unknown_company,2026-09-22T20:34:40.263027+00:00,postings.csv,company_id CMP999 not found in companies
JP012828,CMP999,unknown_company,2026-09-22T20:34:40.263071+00:00,postings.csv,company_id CMP999 not found in companies
JP012848,CMP999,unknown_company,2026-09-22T20:34:40.263112+00:00,postings.csv,company_id CMP999 not found in companies
JP012850,CMP999,unknown_company,2026-09-22T20:34:40.263153+00:00,postings.csv,company_id CMP999 not found in companies
JP012864,CMP999,unknown_company,2026-09-22T20:34:40.263192+00:00,postings.csv,company_id CMP999 not found in companies
JP012938,CMP999,unknown_company,2026-09-22T20:34:40.263231+00:00,postings.csv,company_id CMP999 not found in companies
JP012999,CMP999,unknown_company,2026-09-22T20:34:40.263306+00:00,postings.csv,company_id CMP999 not found in companies
JP013477,CMP999,unknown_company,2026-09-22T20:34:40.263357+00:00,postings.csv,company_id CMP999 not found in companies
JP013490,CMP999,unknown_company,2026-09-22T20:34:40.263402+00:00,postings.csv,company_id CMP999 not found in companies
JP013498,CMP999,unknown_company,2026-09-22T20:34:40.263441+00:00,postings.csv,company_id CMP999 not found in companies
JP013542,CMP999,unknown_company,2026-09-22T20:34:40.263477+00:00,postings.csv,company_id CMP999 not found in companies
JP013587,CMP999,unknown_company,2026-09-22T20:34:40.263514+00:00,postings.csv,company_id CMP999 not found in companies
JP013606,CMP999,unknown_company,2026-09-22T20:34:40.263551+00:00,postings.csv,company_id CMP999 not found in companies
JP013718,CMP999,unknown_company,2026-09-22T20:34:40.263599+00:00,postings.csv,company_id CMP999 not found in companies
JP013791,CMP999,unknown_company,2026-09-22T20:34:40.263637+00:00,postings.csv,company_id CMP999 not found in companies
JP014514,CMP999,unknown_company,2026-09-22T20:34:40.263675+00:00,postings.csv,company_id CMP999 not found in companies
JP014531,CMP999,unknown_company,2026-09-22T20:34:40.263710+00:00,postings.csv,company_id CMP999 not found in companies
JP014547,CMP999,unknown_company,2026-09-22T20:34:40.263746+00:00,postings.csv,company_id CMP999 not found in companies
JP014824,CMP999,unknown_company,2026-09-22T20:34:40.263781+00:00,postings.csv,company_id CMP999 not found in companies
JP014889,CMP999,unknown_company,2026-09-22T20:34:40.263817+00:00,postings.csv,company_id CMP999 not found in companies
JP014897,CMP999,unknown_company,2026-09-22T20:34:40.263854+00:00,postings.csv,company_id CMP999 not found in companies
JP014919,CMP999,unknown_company,2026-09-22T20:34:40.263891+00:00,postings.csv,company_id CMP999 not found in companies
JP014923,CMP999,unknown_company,2026-09-22T20:34:40.263927+00:00,postings.csv,company_id CMP999 not found in companies
JP014952,CMP999,unknown_company,2026-09-22T20:34:40.263978+00:00,postings.csv,company_id CMP999 not found in companies
JP014954,CMP999,unknown_company,2026-09-22T20:34:40.264031+00:00,postings.csv,company_id CMP999 not found in companies
JP014971,CMP999,unknown_company,2026-09-22T20:34:40.264072+00:00,postings.csv,company_id CMP999 not found in companies
JP015698,CMP999,unknown_company,2026-09-22T20:34:40.264111+00:00,postings.csv,company_id CMP999 not found in companies
JP015722,CMP999,unknown_company,2026-09-22T20:34:40.264151+00:00,postings.csv,company_id CMP999 not found in companies
JP015728,CMP999,unknown_company,2026-09-22T20:34:40.264189+00:00,postings.csv,company_id CMP999 not found in companies
JP015768,CMP999,unknown_company,2026-09-22T20:34:40.264228+00:00,postings.csv,company_id CMP999 not found in companies
JP015778,CMP999,unknown_company,2026-09-22T20:34:40.264264+00:00,postings.csv,company_id CMP999 not found in companies
JP015852,CMP999,unknown_company,2026-09-22T20:34:40.264300+00:00,postings.csv,company_id CMP999 not found in companies
JP016567,CMP999,unknown_company,2026-09-22T20:34:40.264338+00:00,postings.csv,company_id CMP999 not found in companies
JP016575,CMP999,unknown_company,2026-09-22T20:34:40.264376+00:00,postings.csv,company_id CMP999 not found in companies
JP016654,CMP999,unknown_company,2026-09-22T20:34:40.264413+00:00,postings.csv,company_id CMP999 not found in companies
JP016659,CMP999,unknown_company,2026-09-22T20:34:40.264450+00:00,postings.csv,company_id CMP999 not found in companies
JP016744,CMP999,unknown_company,2026-09-22T20:34:40.264486+00:00,postings.csv,company_id CMP999 not found in companies
JP016762,CMP999,unknown_company,2026-09-22T20:34:40.264523+00:00,postings.csv,company_id CMP999 not found in companies
JP016767,CMP999,unknown_company,2026-09-22T20:34:40.264565+00:00,postings.csv,company_id CMP999 not found in companies
JP017498,CMP999,unknown_company,2026-09-22T20:34:40.264608+00:00,postings.csv,company_id CMP999 not found in companies
JP017591,CMP999,unknown_company,2026-09-22T20:34:40.264645+00:00,postings.csv,company_id CMP999 not found in companies
JP017618,CMP999,unknown_company,2026-09-22T20:34:40.264681+00:00,postings.csv,company_id CMP999 not found in companies
JP017630,CMP999,unknown_company,2026-09-22T20:34:40.264719+00:00,postings.csv,company_id CMP999 not found in companies
JP017670,CMP999,unknown_company,2026-09-22T20:34:40.264758+00:00,postings.csv,company_id CMP999 not found in companies
JP017690,CMP999,unknown_company,2026-09-22T20:34:40.264795+00:00,postings.csv,company_id CMP999 not found in companies
JP017694,CMP999,unknown_company,2026-09-22T20:34:40.264831+00:00,postings.csv,company_id CMP999 not found in companies
JP017731,CMP999,unknown_company,2026-09-22T20:34:40.264869+00:00,postings.csv,company_id CMP999 not found in companies
JP017757,CMP999,unknown_company,2026-09-22T20:34:40.264908+00:00,postings.csv,company_id CMP999 not found in companies
JP017783,CMP999,unknown_company,2026-09-22T20:34:40.264946+00:00,postings.csv,company_id CMP999 not found in companies
JP017807,CMP999,unknown_company,2026-09-22T20:34:40.265009+00:00,postings.csv,company_id CMP999 not found in companies
JP017820,CMP999,unknown_company,2026-09-22T20:34:40.265055+00:00,postings.csv,company_id CMP999 not found in companies
JP017827,CMP999,unknown_company,2026-09-22T20:34:40.265096+00:00,postings.csv,company_id CMP999 not found in companies
JP017889,CMP999,unknown_company,2026-09-22T20:34:40.265136+00:00,postings.csv,company_id CMP999 not found in companies
JP017910,CMP999,unknown_company,2026-09-22T20:34:40.265175+00:00,postings.csv,company_id CMP999 not found in companies
JP017921,CMP999,unknown_company,2026-09-22T20:34:40.265213+00:00,postings.csv,company_id CMP999 not found in companies
JP017988,CMP999,unknown_company,2026-09-22T20:34:40.265252+00:00,postings.csv,company_id CMP999 not found in companies
JP018677,CMP999,unknown_company,2026-09-22T20:34:40.265289+00:00,postings.csv,company_id CMP999 not found in companies
JP018681,CMP999,unknown_company,2026-09-22T20:34:40.265326+00:00,postings.csv,company_id CMP999 not found in companies
JP018710,CMP999,unknown_company,2026-09-22T20:34:40.265363+00:00,postings.csv,company_id CMP999 not found in companies
JP018729,CMP999,unknown_company,2026-09-22T20:34:40.265401+00:00,postings.csv,company_id CMP999 not found in companies
JP018806,CMP999,unknown_company,2026-09-22T20:34:40.265439+00:00,postings.csv,company_id CMP999 not found in companies
JP018809,CMP999,unknown_company,2026-09-22T20:34:40.265475+00:00,postings.csv,company_id CMP999 not found in companies
JP018818,CMP999,unknown_company,2026-09-22T20:34:40.265511+00:00,postings.csv,company_id CMP999 not found in companies
JP018833,CMP999,unknown_company,2026-09-22T20:34:40.265546+00:00,postings.csv,company_id CMP999 not found in companies
JP018958,CMP999,unknown_company,2026-09-22T20:34:40.265586+00:00,postings.csv,company_id CMP999 not found in companies
JP018973,CMP999,unknown_company,2026-09-22T20:34:40.265622+00:00,postings.csv,company_id CMP999 not found in companies
JP018990,CMP999,unknown_company,2026-09-22T20:34:40.265659+00:00,postings.csv,company_id CMP999 not found in companies
JP019552,CMP999,unknown_company,2026-09-22T20:34:40.265695+00:00,postings.csv,company_id CMP999 not found in companies
JP019586,CMP999,unknown_company,2026-09-22T20:34:40.265732+00:00,postings.csv,company_id CMP999 not found in companies
JP019628,CMP999,unknown_company,2026-09-22T20:34:40.265769+00:00,postings.csv,company_id CMP999 not found in companies
JP019667,CMP999,unknown_company,2026-09-22T20:34:40.265805+00:00,postings.csv,company_id CMP999 not found in companies
JP020481,CMP999,unknown_company,2026-09-22T20:34:40.265842+00:00,postings.csv,company_id CMP999 not found in companies
JP020488,CMP999,unknown_company,2026-09-22T20:34:40.265879+00:00,postings.csv,company_id CMP999 not found in companies
JP020569,CMP999,unknown_company,2026-09-22T20:34:40.265915+00:00,postings.csv,company_id CMP999 not found in companies
JP020643,CMP999,unknown_company,2026-09-22T20:34:40.265951+00:00,postings.csv,company_id CMP999 not found in companies
JP020665,CMP999,unknown_company,2026-09-22T20:34:40.266020+00:00,postings.csv,company_id CMP999 not found in companies
JP020697,CMP999,unknown_company,2026-09-22T20:34:40.266062+00:00,postings.csv,company_id CMP999 not found in companies
JP020710,CMP999,unknown_company,2026-09-22T20:34:40.266100+00:00,postings.csv,company_id CMP999 not found in companies
JP020718,CMP999,unknown_company,2026-09-22T20:34:40.266136+00:00,postings.csv,company_id CMP999 not found in companies
JP020767,CMP999,unknown_company,2026-09-22T20:34:40.266171+00:00,postings.csv,company_id CMP999 not found in companies
JP020776,CMP999,unknown_company,2026-09-22T20:34:40.266206+00:00,postings.csv,company_id CMP999 not found in companies
JP020801,CMP999,unknown_company,2026-09-22T20:34:40.266242+00:00,postings.csv,company_id CMP999 not found in companies
JP020823,CMP999,unknown_company,2026-09-22T20:34:40.266275+00:00,postings.csv,company_id CMP999 not found in companies
JP020836,CMP999,unknown_company,2026-09-22T20:34:40.266323+00:00,postings.csv,company_id CMP999 not found in companies
JP020846,CMP999,unknown_company,2026-09-22T20:34:40.266393+00:00,postings.csv,company_id CMP999 not found in companies
JP020977,CMP999,unknown_company,2026-09-22T20:34:40.266439+00:00,postings.csv,company_id CMP999 not found in companies
JP021752,CMP999,unknown_company,2026-09-22T20:34:40.266477+00:00,postings.csv,company_id CMP999 not found in companies
JP021760,CMP999,unknown_company,2026-09-22T20:34:40.266513+00:00,postings.csv,company_id CMP999 not found in companies
JP021777,CMP999,unknown_company,2026-09-22T20:34:40.266549+00:00,postings.csv,company_id CMP999 not found in companies
JP021800,CMP999,unknown_company,2026-09-22T20:34:40.266596+00:00,postings.csv,company_id CMP999 not found in companies
JP021895,CMP999,unknown_company,2026-09-22T20:34:40.266631+00:00,postings.csv,company_id CMP999 not found in companies
JP021968,CMP999,unknown_company,2026-09-22T20:34:40.266665+00:00,postings.csv,company_id CMP999 not found in companies
JP021976,CMP999,unknown_company,2026-09-22T20:34:40.266700+00:00,postings.csv,company_id CMP999 not found in companies
JP022562,CMP999,unknown_company,2026-09-22T20:34:40.266735+00:00,postings.csv,company_id CMP999 not found in companies
JP022603,CMP999,unknown_company,2026-09-22T20:34:40.266770+00:00,postings.csv,company_id CMP999 not found in companies
JP022637,CMP999,unknown_company,2026-09-22T20:34:40.266804+00:00,postings.csv,company_id CMP999 not found in companies
JP022650,CMP999,unknown_company,2026-09-22T20:34:40.266838+00:00,postings.csv,company_id CMP999 not found in companies
JP022705,CMP999,unknown_company,2026-09-22T20:34:40.266871+00:00,postings.csv,company_id CMP999 not found in companies
JP022753,CMP999,unknown_company,2026-09-22T20:34:40.266905+00:00,postings.csv,company_id CMP999 not found in companies
JP022769,CMP999,unknown_company,2026-09-22T20:34:40.266938+00:00,postings.csv,company_id CMP999 not found in companies
JP023397,CMP999,unknown_company,2026-09-22T20:34:40.266993+00:00,postings.csv,company_id CMP999 not found in companies
JP023482,CMP999,unknown_company,2026-09-22T20:34:40.267041+00:00,postings.csv,company_id CMP999 not found in companies
JP023603,CMP999,unknown_company,2026-09-22T20:34:40.267080+00:00,postings.csv,company_id CMP999 not found in companies
JP023628,CMP999,unknown_company,2026-09-22T20:34:40.267120+00:00,postings.csv,company_id CMP999 not found in companies
JP023715,CMP999,unknown_company,2026-09-22T20:34:40.267157+00:00,postings.csv,company_id CMP999 not found in companies
JP023716,CMP999,unknown_company,2026-09-22T20:34:40.267196+00:00,postings.csv,company_id CMP999 not found in companies
JP023722,CMP999,unknown_company,2026-09-22T20:34:40.267233+00:00,postings.csv,company_id CMP999 not found in companies
JP023737,CMP999,unknown_company,2026-09-22T20:34:40.267270+00:00,postings.csv,company_id CMP999 not found in companies
JP023763,CMP999,unknown_company,2026-09-22T20:34:40.267306+00:00,postings.csv,company_id CMP999 not found in companies
JP023790,CMP999,unknown_company,2026-09-22T20:34:40.267343+00:00,postings.csv,company_id CMP999 not found in companies
JP023809,CMP999,unknown_company,2026-09-22T20:34:40.267379+00:00,postings.csv,company_id CMP999 not found in companies
JP023815,CMP999,unknown_company,2026-09-22T20:34:40.267417+00:00,postings.csv,company_id CMP999 not found in companies
JP023834,CMP999,unknown_company,2026-09-22T20:34:40.267455+00:00,postings.csv,company_id CMP999 not found in companies
JP023839,CMP999,unknown_company,2026-09-22T20:34:40.267494+00:00,postings.csv,company_id CMP999 not found in companies
JP023872,CMP999,unknown_company,2026-09-22T20:34:40.267532+00:00,postings.csv,company_id CMP999 not found in companies
JP023914,CMP999,unknown_company,2026-09-22T20:34:40.267575+00:00,postings.csv,company_id CMP999 not found in companies
JP024708,CMP999,unknown_company,2026-09-22T20:34:40.267617+00:00,postings.csv,company_id CMP999 not found in companies
JP024753,CMP999,unknown_company,2026-09-22T20:34:40.267654+00:00,postings.csv,company_id CMP999 not found in companies
JP024761,CMP999,unknown_company,2026-09-22T20:34:40.267691+00:00,postings.csv,company_id CMP999 not found in companies
JP024799,CMP999,unknown_company,2026-09-22T20:34:40.267727+00:00,postings.csv,company_id CMP999 not found in companies
JP024838,CMP999,unknown_company,2026-09-22T20:34:40.267764+00:00,postings.csv,company_id CMP999 not found in companies
JP024865,CMP999,unknown_company,2026-09-22T20:34:40.267800+00:00,postings.csv,company_id CMP999 not found in companies
JP024873,CMP999,unknown_company,2026-09-22T20:34:40.267835+00:00,postings.csv,company_id CMP999 not found in companies
JP024998,CMP999,unknown_company,2026-09-22T20:34:40.267871+00:00,postings.csv,company_id CMP999 not found in companies
JP025598,CMP999,unknown_company,2026-09-22T20:34:40.267907+00:00,postings.csv,company_id CMP999 not found in companies
JP025605,CMP999,unknown_company,2026-09-22T20:34:40.267944+00:00,postings.csv,company_id CMP999 not found in companies
JP025640,CMP999,unknown_company,2026-09-22T20:34:40.268005+00:00,postings.csv,company_id CMP999 not found in companies
JP025667,CMP999,unknown_company,2026-09-22T20:34:40.268052+00:00,postings.csv,company_id CMP999 not found in companies
JP025692,CMP999,unknown_company,2026-09-22T20:34:40.268092+00:00,postings.csv,company_id CMP999 not found in companies
JP025706,CMP999,unknown_company,2026-09-22T20:34:40.268129+00:00,postings.csv,company_id CMP999 not found in companies
JP026369,CMP999,unknown_company,2026-09-22T20:34:40.268168+00:00,postings.csv,company_id CMP999 not found in companies
JP026379,CMP999,unknown_company,2026-09-22T20:34:40.268206+00:00,postings.csv,company_id CMP999 not found in companies
JP026438,CMP999,unknown_company,2026-09-22T20:34:40.268242+00:00,postings.csv,company_id CMP999 not found in companies
JP026482,CMP999,unknown_company,2026-09-22T20:34:40.268281+00:00,postings.csv,company_id CMP999 not found in companies
JP026490,CMP999,unknown_company,2026-09-22T20:34:40.268318+00:00,postings.csv,company_id CMP999 not found in companies
JP026555,CMP999,unknown_company,2026-09-22T20:34:40.268355+00:00,postings.csv,company_id CMP999 not found in companies
JP026614,CMP999,unknown_company,2026-09-22T20:34:40.268392+00:00,postings.csv,company_id CMP999 not found in companies
JP026678,CMP999,unknown_company,2026-09-22T20:34:40.268428+00:00,postings.csv,company_id CMP999 not found in companies
JP026704,CMP999,unknown_company,2026-09-22T20:34:40.268466+00:00,postings.csv,company_id CMP999 not found in companies
JP026711,CMP999,unknown_company,2026-09-22T20:34:40.268504+00:00,postings.csv,company_id CMP999 not found in companies
JP026729,CMP999,unknown_company,2026-09-22T20:34:40.268541+00:00,postings.csv,company_id CMP999 not found in companies
JP026737,CMP999,unknown_company,2026-09-22T20:34:40.268585+00:00,postings.csv,company_id CMP999 not found in companies
JP026748,CMP999,unknown_company,2026-09-22T20:34:40.268625+00:00,postings.csv,company_id CMP999 not found in companies
JP026758,CMP999,unknown_company,2026-09-22T20:34:40.268664+00:00,postings.csv,company_id CMP999 not found in companies
JP026848,CMP999,unknown_company,2026-09-22T20:34:40.268700+00:00,postings.csv,company_id CMP999 not found in companies
JP026850,CMP999,unknown_company,2026-09-22T20:34:40.268737+00:00,postings.csv,company_id CMP999 not found in companies
JP027927,CMP999,unknown_company,2026-09-22T20:34:40.268773+00:00,postings.csv,company_id CMP999 not found in companies
JP027999,CMP999,unknown_company,2026-09-22T20:34:40.268810+00:00,postings.csv,company_id CMP999 not found in companies
JP028618,CMP999,unknown_company,2026-09-22T20:34:40.268846+00:00,postings.csv,company_id CMP999 not found in companies
JP028651,CMP999,unknown_company,2026-09-22T20:34:40.268882+00:00,postings.csv,company_id CMP999 not found in companies
JP028677,CMP999,unknown_company,2026-09-22T20:34:40.268918+00:00,postings.csv,company_id CMP999 not found in companies
JP028702,CMP999,unknown_company,2026-09-22T20:34:40.268955+00:00,postings.csv,company_id CMP999 not found in companies
JP028715,CMP999,unknown_company,2026-09-22T20:34:40.269022+00:00,postings.csv,company_id CMP999 not found in companies
JP028731,CMP999,unknown_company,2026-09-22T20:34:40.269065+00:00,postings.csv,company_id CMP999 not found in companies
JP028765,CMP999,unknown_company,2026-09-22T20:34:40.269107+00:00,postings.csv,company_id CMP999 not found in companies
JP029322,CMP999,unknown_company,2026-09-22T20:34:40.269145+00:00,postings.csv,company_id CMP999 not found in companies
JP029353,CMP999,unknown_company,2026-09-22T20:34:40.269184+00:00,postings.csv,company_id CMP999 not found in companies
JP029466,CMP999,unknown_company,2026-09-22T20:34:40.269223+00:00,postings.csv,company_id CMP999 not found in companies
JP029468,CMP999,unknown_company,2026-09-22T20:34:40.269261+00:00,postings.csv,company_id CMP999 not found in companies
JP029528,CMP999,unknown_company,2026-09-22T20:34:40.269298+00:00,postings.csv,company_id CMP999 not found in companies
JP029577,CMP999,unknown_company,2026-09-22T20:34:40.269336+00:00,postings.csv,company_id CMP999 not found in companies
JP029582,CMP999,unknown_company,2026-09-22T20:34:40.269374+00:00,postings.csv,company_id CMP999 not found in companies
JP029600,CMP999,unknown_company,2026-09-22T20:34:40.269410+00:00,postings.csv,company_id CMP999 not found in companies
JP029602,CMP999,unknown_company,2026-09-22T20:34:40.269446+00:00,postings.csv,company_id CMP999 not found in companies
JP029618,CMP999,unknown_company,2026-09-22T20:34:40.269484+00:00,postings.csv,company_id CMP999 not found in companies
JP029626,CMP999,unknown_company,2026-09-22T20:34:40.269521+00:00,postings.csv,company_id CMP999 not found in companies
JP029632,CMP999,unknown_company,2026-09-22T20:34:40.269562+00:00,postings.csv,company_id CMP999 not found in companies
JP029666,CMP999,unknown_company,2026-09-22T20:34:40.269606+00:00,postings.csv,company_id CMP999 not found in companies
JP029671,CMP999,unknown_company,2026-09-22T20:34:40.269643+00:00,postings.csv,company_id CMP999 not found in companies
JP029677,CMP999,unknown_company,2026-09-22T20:34:40.269680+00:00,postings.csv,company_id CMP999 not found in companies
JP029699,CMP999,unknown_company,2026-09-22T20:34:40.269715+00:00,postings.csv,company_id CMP999 not found in companies
JP029802,CMP999,unknown_company,2026-09-22T20:34:40.269751+00:00,postings.csv,company_id CMP999 not found in companies
JP029932,CMP999,unknown_company,2026-09-22T20:34:40.269786+00:00,postings.csv,company_id CMP999 not found in companies
JP029935,CMP999,unknown_company,2026-09-22T20:34:40.269821+00:00,postings.csv,company_id CMP999 not found in companies
JP029939,CMP999,unknown_company,2026-09-22T20:34:40.269856+00:00,postings.csv,company_id CMP999 not found in companies
JP029961,CMP999,unknown_company,2026-09-22T20:34:40.269893+00:00,postings.csv,company_id CMP999 not found in companies
JP030942,CMP999,unknown_company,2026-09-22T20:34:40.269928+00:00,postings.csv,company_id CMP999 not found in companies
JP030998,CMP999,unknown_company,2026-09-22T20:34:40.269981+00:00,postings.csv,company_id CMP999 not found in companies
JP031597,CMP999,unknown_company,2026-09-22T20:34:40.270033+00:00,postings.csv,company_id CMP999 not found in companies
JP031602,CMP999,unknown_company,2026-09-22T20:34:40.270074+00:00,postings.csv,company_id CMP999 not found in companies
JP031611,CMP999,unknown_company,2026-09-22T20:34:40.270114+00:00,postings.csv,company_id CMP999 not found in companies
JP031650,CMP999,unknown_company,2026-09-22T20:34:40.270153+00:00,postings.csv,company_id CMP999 not found in companies
JP031671,CMP999,unknown_company,2026-09-22T20:34:40.270191+00:00,postings.csv,company_id CMP999 not found in companies
JP031689,CMP999,unknown_company,2026-09-22T20:34:40.270229+00:00,postings.csv,company_id CMP999 not found in companies
JP031708,CMP999,unknown_company,2026-09-22T20:34:40.270266+00:00,postings.csv,company_id CMP999 not found in companies
JP031765,CMP999,unknown_company,2026-09-22T20:34:40.270304+00:00,postings.csv,company_id CMP999 not found in companies
JP032301,CMP999,unknown_company,2026-09-22T20:34:40.270341+00:00,postings.csv,company_id CMP999 not found in companies
JP032381,CMP999,unknown_company,2026-09-22T20:34:40.270409+00:00,postings.csv,company_id CMP999 not found in companies
JP032414,CMP999,unknown_company,2026-09-22T20:34:40.270457+00:00,postings.csv,company_id CMP999 not found in companies
JP032424,CMP999,unknown_company,2026-09-22T20:34:40.270499+00:00,postings.csv,company_id CMP999 not found in companies
JP032559,CMP999,unknown_company,2026-09-22T20:34:40.270540+00:00,postings.csv,company_id CMP999 not found in companies
JP032628,CMP999,unknown_company,2026-09-22T20:34:40.270587+00:00,postings.csv,company_id CMP999 not found in companies
JP032646,CMP999,unknown_company,2026-09-22T20:34:40.270627+00:00,postings.csv,company_id CMP999 not found in companies
JP032653,CMP999,unknown_company,2026-09-22T20:34:40.270666+00:00,postings.csv,company_id CMP999 not found in companies
JP032660,CMP999,unknown_company,2026-09-22T20:34:40.270703+00:00,postings.csv,company_id CMP999 not found in companies
JP032697,CMP999,unknown_company,2026-09-22T20:34:40.270741+00:00,postings.csv,company_id CMP999 not found in companies
JP032738,CMP999,unknown_company,2026-09-22T20:34:40.270778+00:00,postings.csv,company_id CMP999 not found in companies
JP032740,CMP999,unknown_company,2026-09-22T20:34:40.270815+00:00,postings.csv,company_id CMP999 not found in companies
JP032746,CMP999,unknown_company,2026-09-22T20:34:40.270850+00:00,postings.csv,company_id CMP999 not found in companies
JP032832,CMP999,unknown_company,2026-09-22T20:34:40.270886+00:00,postings.csv,company_id CMP999 not found in companies
JP032847,CMP999,unknown_company,2026-09-22T20:34:40.270921+00:00,postings.csv,company_id CMP999 not found in companies
JP032850,CMP999,unknown_company,2026-09-22T20:34:40.270959+00:00,postings.csv,company_id CMP999 not found in companies
JP032873,CMP999,unknown_company,2026-09-22T20:34:40.271027+00:00,postings.csv,company_id CMP999 not found in companies
JP032896,CMP999,unknown_company,2026-09-22T20:34:40.271069+00:00,postings.csv,company_id CMP999 not found in companies
JP032910,CMP999,unknown_company,2026-09-22T20:34:40.271108+00:00,postings.csv,company_id CMP999 not found in companies
JP032997,CMP999,unknown_company,2026-09-22T20:34:40.271147+00:00,postings.csv,company_id CMP999 not found in companies
JP033782,CMP999,unknown_company,2026-09-22T20:34:40.271184+00:00,postings.csv,company_id CMP999 not found in companies
JP033784,CMP999,unknown_company,2026-09-22T20:34:40.271224+00:00,postings.csv,company_id CMP999 not found in companies
JP033802,CMP999,unknown_company,2026-09-22T20:34:40.271261+00:00,postings.csv,company_id CMP999 not found in companies
JP033817,CMP999,unknown_company,2026-09-22T20:34:40.271298+00:00,postings.csv,company_id CMP999 not found in companies
JP033843,CMP999,unknown_company,2026-09-22T20:34:40.271335+00:00,postings.csv,company_id CMP999 not found in companies
JP033862,CMP999,unknown_company,2026-09-22T20:34:40.271372+00:00,postings.csv,company_id CMP999 not found in companies
JP033883,CMP999,unknown_company,2026-09-22T20:34:40.271409+00:00,postings.csv,company_id CMP999 not found in companies
JP033958,CMP999,unknown_company,2026-09-22T20:34:40.271445+00:00,postings.csv,company_id CMP999 not found in companies
JP033984,CMP999,unknown_company,2026-09-22T20:34:40.271482+00:00,postings.csv,company_id CMP999 not found in companies
JP034660,CMP999,unknown_company,2026-09-22T20:34:40.271518+00:00,postings.csv,company_id CMP999 not found in companies
JP034662,CMP999,unknown_company,2026-09-22T20:34:40.271554+00:00,postings.csv,company_id CMP999 not found in companies
JP034727,CMP999,unknown_company,2026-09-22T20:34:40.271603+00:00,postings.csv,company_id CMP999 not found in companies
JP034755,CMP999,unknown_company,2026-09-22T20:34:40.271642+00:00,postings.csv,company_id CMP999 not found in companies
JP035254,CMP999,unknown_company,2026-09-22T20:34:40.271680+00:00,postings.csv,company_id CMP999 not found in companies
JP035260,CMP999,unknown_company,2026-09-22T20:34:40.271719+00:00,postings.csv,company_id CMP999 not found in companies
JP035309,CMP999,unknown_company,2026-09-22T20:34:40.271755+00:00,postings.csv,company_id CMP999 not found in companies
JP035322,CMP999,unknown_company,2026-09-22T20:34:40.271791+00:00,postings.csv,company_id CMP999 not found in companies
JP035349,CMP999,unknown_company,2026-09-22T20:34:40.271829+00:00,postings.csv,company_id CMP999 not found in companies
JP035359,CMP999,unknown_company,2026-09-22T20:34:40.271866+00:00,postings.csv,company_id CMP999 not found in companies
JP035419,CMP999,unknown_company,2026-09-22T20:34:40.271903+00:00,postings.csv,company_id CMP999 not found in companies
JP035458,CMP999,unknown_company,2026-09-22T20:34:40.271939+00:00,postings.csv,company_id CMP999 not found in companies
JP035469,CMP999,unknown_company,2026-09-22T20:34:40.271998+00:00,postings.csv,company_id CMP999 not found in companies
JP035501,CMP999,unknown_company,2026-09-22T20:34:40.272049+00:00,postings.csv,company_id CMP999 not found in companies
JP035554,CMP999,unknown_company,2026-09-22T20:34:40.272091+00:00,postings.csv,company_id CMP999 not found in companies
JP035585,CMP999,unknown_company,2026-09-22T20:34:40.272129+00:00,postings.csv,company_id CMP999 not found in companies
JP035831,CMP999,unknown_company,2026-09-22T20:34:40.272168+00:00,postings.csv,company_id CMP999 not found in companies
JP035843,CMP999,unknown_company,2026-09-22T20:34:40.272205+00:00,postings.csv,company_id CMP999 not found in companies
JP035852,CMP999,unknown_company,2026-09-22T20:34:40.272243+00:00,postings.csv,company_id CMP999 not found in companies
JP035895,CMP999,unknown_company,2026-09-22T20:34:40.272280+00:00,postings.csv,company_id CMP999 not found in companies
JP035995,CMP999,unknown_company,2026-09-22T20:34:40.272318+00:00,postings.csv,company_id CMP999 not found in companies
JP036832,CMP999,unknown_company,2026-09-22T20:34:40.272354+00:00,postings.csv,company_id CMP999 not found in companies
JP036834,CMP999,unknown_company,2026-09-22T20:34:40.272390+00:00,postings.csv,company_id CMP999 not found in companies
JP036898,CMP999,unknown_company,2026-09-22T20:34:40.272425+00:00,postings.csv,company_id CMP999 not found in companies
JP036912,CMP999,unknown_company,2026-09-22T20:34:40.272462+00:00,postings.csv,company_id CMP999 not found in companies
JP036914,CMP999,unknown_company,2026-09-22T20:34:40.272498+00:00,postings.csv,company_id CMP999 not found in companies
JP036957,CMP999,unknown_company,2026-09-22T20:34:40.272534+00:00,postings.csv,company_id CMP999 not found in companies
JP036960,CMP999,unknown_company,2026-09-22T20:34:40.272580+00:00,postings.csv,company_id CMP999 not found in companies
JP036972,CMP999,unknown_company,2026-09-22T20:34:40.272620+00:00,postings.csv,company_id CMP999 not found in companies
JP037652,CMP999,unknown_company,2026-09-22T20:34:40.272658+00:00,postings.csv,company_id CMP999 not found in companies
JP037692,CMP999,unknown_company,2026-09-22T20:34:40.272696+00:00,postings.csv,company_id CMP999 not found in companies
JP037693,CMP999,unknown_company,2026-09-22T20:34:40.272748+00:00,postings.csv,company_id CMP999 not found in companies
JP037783,CMP999,unknown_company,2026-09-22T20:34:40.272785+00:00,postings.csv,company_id CMP999 not found in companies
JP038258,CMP999,unknown_company,2026-09-22T20:34:40.272822+00:00,postings.csv,company_id CMP999 not found in companies
JP038282,CMP999,unknown_company,2026-09-22T20:34:40.272858+00:00,postings.csv,company_id CMP999 not found in companies
JP038372,CMP999,unknown_company,2026-09-22T20:34:40.272895+00:00,postings.csv,company_id CMP999 not found in companies
JP038452,CMP999,unknown_company,2026-09-22T20:34:40.272931+00:00,postings.csv,company_id CMP999 not found in companies
JP038457,CMP999,unknown_company,2026-09-22T20:34:40.272983+00:00,postings.csv,company_id CMP999 not found in companies
JP038538,CMP999,unknown_company,2026-09-22T20:34:40.273033+00:00,postings.csv,company_id CMP999 not found in companies
JP038645,CMP999,unknown_company,2026-09-22T20:34:40.273073+00:00,postings.csv,company_id CMP999 not found in companies
JP038690,CMP999,unknown_company,2026-09-22T20:34:40.273111+00:00,postings.csv,company_id CMP999 not found in companies
JP038710,CMP999,unknown_company,2026-09-22T20:34:40.273148+00:00,postings.csv,company_id CMP999 not found in companies
JP038753,CMP999,unknown_company,2026-09-22T20:34:40.273186+00:00,postings.csv,company_id CMP999 not found in companies
JP038781,CMP999,unknown_company,2026-09-22T20:34:40.273224+00:00,postings.csv,company_id CMP999 not found in companies
JP038838,CMP999,unknown_company,2026-09-22T20:34:40.273260+00:00,postings.csv,company_id CMP999 not found in companies
JP038841,CMP999,unknown_company,2026-09-22T20:34:40.273297+00:00,postings.csv,company_id CMP999 not found in companies
JP038851,CMP999,unknown_company,2026-09-22T20:34:40.273364+00:00,postings.csv,company_id CMP999 not found in companies
JP038858,CMP999,unknown_company,2026-09-22T20:34:40.273406+00:00,postings.csv,company_id CMP999 not found in companies
JP038909,CMP999,unknown_company,2026-09-22T20:34:40.273447+00:00,postings.csv,company_id CMP999 not found in companies
JP038937,CMP999,unknown_company,2026-09-22T20:34:40.273485+00:00,postings.csv,company_id CMP999 not found in companies
JP038959,CMP999,unknown_company,2026-09-22T20:34:40.273525+00:00,postings.csv,company_id CMP999 not found in companies
JP039864,CMP999,unknown_company,2026-09-22T20:34:40.273568+00:00,postings.csv,company_id CMP999 not found in companies
JP039893,CMP999,unknown_company,2026-09-22T20:34:40.273611+00:00,postings.csv,company_id CMP999 not found in companies
JP039939,CMP999,unknown_company,2026-09-22T20:34:40.273649+00:00,postings.csv,company_id CMP999 not found in companies
JP039978,CMP999,unknown_company,2026-09-22T20:34:40.273686+00:00,postings.csv,company_id CMP999 not found in companies
JP039996,CMP999,unknown_company,2026-09-22T20:34:40.273723+00:00,postings.csv,company_id CMP999 not found in companies
JP040642,CMP999,unknown_company,2026-09-22T20:34:40.273759+00:00,postings.csv,company_id CMP999 not found in companies
JP040647,CMP999,unknown_company,2026-09-22T20:34:40.273794+00:00,postings.csv,company_id CMP999 not found in companies
JP040659,CMP999,unknown_company,2026-09-22T20:34:40.273832+00:00,postings.csv,company_id CMP999 not found in companies
JP040674,CMP999,unknown_company,2026-09-22T20:34:40.273870+00:00,postings.csv,company_id CMP999 not found in companies
JP040698,CMP999,unknown_company,2026-09-22T20:34:40.273922+00:00,postings.csv,company_id CMP999 not found in companies
JP040732,CMP999,unknown_company,2026-09-22T20:34:40.273992+00:00,postings.csv,company_id CMP999 not found in companies
JP041316,CMP999,unknown_company,2026-09-22T20:34:40.274044+00:00,postings.csv,company_id CMP999 not found in companies
JP041401,CMP999,unknown_company,2026-09-22T20:34:40.274087+00:00,postings.csv,company_id CMP999 not found in companies
JP041432,CMP999,unknown_company,2026-09-22T20:34:40.274129+00:00,postings.csv,company_id CMP999 not found in companies
JP041438,CMP999,unknown_company,2026-09-22T20:34:40.274167+00:00,postings.csv,company_id CMP999 not found in companies
JP041452,CMP999,unknown_company,2026-09-22T20:34:40.274206+00:00,postings.csv,company_id CMP999 not found in companies
JP041504,CMP999,unknown_company,2026-09-22T20:34:40.274243+00:00,postings.csv,company_id CMP999 not found in companies
JP041526,CMP999,unknown_company,2026-09-22T20:34:40.274281+00:00,postings.csv,company_id CMP999 not found in companies
JP041527,CMP999,unknown_company,2026-09-22T20:34:40.274319+00:00,postings.csv,company_id CMP999 not found in companies
JP041627,CMP999,unknown_company,2026-09-22T20:34:40.274355+00:00,postings.csv,company_id CMP999 not found in companies
JP041668,CMP999,unknown_company,2026-09-22T20:34:40.274433+00:00,postings.csv,company_id CMP999 not found in companies
JP041767,CMP999,unknown_company,2026-09-22T20:34:40.274475+00:00,postings.csv,company_id CMP999 not found in companies
JP041774,CMP999,unknown_company,2026-09-22T20:34:40.274514+00:00,postings.csv,company_id CMP999 not found in companies
JP041802,CMP999,unknown_company,2026-09-22T20:34:40.274553+00:00,postings.csv,company_id CMP999 not found in companies
JP041803,CMP999,unknown_company,2026-09-22T20:34:40.274602+00:00,postings.csv,company_id CMP999 not found in companies
JP041835,CMP999,unknown_company,2026-09-22T20:34:40.274640+00:00,postings.csv,company_id CMP999 not found in companies
JP041846,CMP999,unknown_company,2026-09-22T20:34:40.274679+00:00,postings.csv,company_id CMP999 not found in companies
JP041866,CMP999,unknown_company,2026-09-22T20:34:40.274716+00:00,postings.csv,company_id CMP999 not found in companies
JP041876,CMP999,unknown_company,2026-09-22T20:34:40.274753+00:00,postings.csv,company_id CMP999 not found in companies
JP041927,CMP999,unknown_company,2026-09-22T20:34:40.274790+00:00,postings.csv,company_id CMP999 not found in companies
JP042842,CMP999,unknown_company,2026-09-22T20:34:40.274827+00:00,postings.csv,company_id CMP999 not found in companies
JP042864,CMP999,unknown_company,2026-09-22T20:34:40.274864+00:00,postings.csv,company_id CMP999 not found in companies
JP042888,CMP999,unknown_company,2026-09-22T20:34:40.274901+00:00,postings.csv,company_id CMP999 not found in companies
JP042907,CMP999,unknown_company,2026-09-22T20:34:40.274938+00:00,postings.csv,company_id CMP999 not found in companies
JP042917,CMP999,unknown_company,2026-09-22T20:34:40.274997+00:00,postings.csv,company_id CMP999 not found in companies
JP042966,CMP999,unknown_company,2026-09-22T20:34:40.275045+00:00,postings.csv,company_id CMP999 not found in companies
JP042995,CMP999,unknown_company,2026-09-22T20:34:40.275086+00:00,postings.csv,company_id CMP999 not found in companies
JP043695,CMP999,unknown_company,2026-09-22T20:34:40.275126+00:00,postings.csv,company_id CMP999 not found in companies
JP043704,CMP999,unknown_company,2026-09-22T20:34:40.275164+00:00,postings.csv,company_id CMP999 not found in companies
JP044130,CMP999,unknown_company,2026-09-22T20:34:40.275203+00:00,postings.csv,company_id CMP999 not found in companies
JP044232,CMP999,unknown_company,2026-09-22T20:34:40.275240+00:00,postings.csv,company_id CMP999 not found in companies
JP044265,CMP999,unknown_company,2026-09-22T20:34:40.275278+00:00,postings.csv,company_id CMP999 not found in companies
JP044274,CMP999,unknown_company,2026-09-22T20:34:40.275315+00:00,postings.csv,company_id CMP999 not found in companies
JP044289,CMP999,unknown_company,2026-09-22T20:34:40.275352+00:00,postings.csv,company_id CMP999 not found in companies
JP044349,CMP999,unknown_company,2026-09-22T20:34:40.275388+00:00,postings.csv,company_id CMP999 not found in companies
JP044400,CMP999,unknown_company,2026-09-22T20:34:40.275423+00:00,postings.csv,company_id CMP999 not found in companies
JP044402,CMP999,unknown_company,2026-09-22T20:34:40.275457+00:00,postings.csv,company_id CMP999 not found in companies
JP044414,CMP999,unknown_company,2026-09-22T20:34:40.275494+00:00,postings.csv,company_id CMP999 not found in companies
JP044418,CMP999,unknown_company,2026-09-22T20:34:40.275530+00:00,postings.csv,company_id CMP999 not found in companies
JP044459,CMP999,unknown_company,2026-09-22T20:34:40.275574+00:00,postings.csv,company_id CMP999 not found in companies
JP044477,CMP999,unknown_company,2026-09-22T20:34:40.275614+00:00,postings.csv,company_id CMP999 not found in companies
JP044509,CMP999,unknown_company,2026-09-22T20:34:40.275652+00:00,postings.csv,company_id CMP999 not found in companies
JP044608,CMP999,unknown_company,2026-09-22T20:34:40.275689+00:00,postings.csv,company_id CMP999 not found in companies
JP044722,CMP999,unknown_company,2026-09-22T20:34:40.275726+00:00,postings.csv,company_id CMP999 not found in companies
JP044749,CMP999,unknown_company,2026-09-22T20:34:40.275761+00:00,postings.csv,company_id CMP999 not found in companies
JP044751,CMP999,unknown_company,2026-09-22T20:34:40.275797+00:00,postings.csv,company_id CMP999 not found in companies
JP044768,CMP999,unknown_company,2026-09-22T20:34:40.275833+00:00,postings.csv,company_id CMP999 not found in companies
JP044823,CMP999,unknown_company,2026-09-22T20:34:40.275868+00:00,postings.csv,company_id CMP999 not found in companies
JP044918,CMP999,unknown_company,2026-09-22T20:34:40.275903+00:00,postings.csv,company_id CMP999 not found in companies
JP044943,CMP999,unknown_company,2026-09-22T20:34:40.275938+00:00,postings.csv,company_id CMP999 not found in companies
JP045871,CMP999,unknown_company,2026-09-22T20:34:40.275994+00:00,postings.csv,company_id CMP999 not found in companies
JP045908,CMP999,unknown_company,2026-09-22T20:34:40.276042+00:00,postings.csv,company_id CMP999 not found in companies
JP045914,CMP999,unknown_company,2026-09-22T20:34:40.276083+00:00,postings.csv,company_id CMP999 not found in companies
JP045985,CMP999,unknown_company,2026-09-22T20:34:40.276123+00:00,postings.csv,company_id CMP999 not found in companies
JP046727,CMP999,unknown_company,2026-09-22T20:34:40.276162+00:00,postings.csv,company_id CMP999 not found in companies
JP047234,CMP999,unknown_company,2026-09-22T20:34:40.276205+00:00,postings.csv,company_id CMP999 not found in companies
JP047246,CMP999,unknown_company,2026-09-22T20:34:40.276256+00:00,postings.csv,company_id CMP999 not found in companies
JP047328,CMP999,unknown_company,2026-09-22T20:34:40.276306+00:00,postings.csv,company_id CMP999 not found in companies
JP047331,CMP999,unknown_company,2026-09-22T20:34:40.276345+00:00,postings.csv,company_id CMP999 not found in companies
JP047370,CMP999,unknown_company,2026-09-22T20:34:40.276381+00:00,postings.csv,company_id CMP999 not found in companies
JP047397,CMP999,unknown_company,2026-09-22T20:34:40.276416+00:00,postings.csv,company_id CMP999 not found in companies
JP047472,CMP999,unknown_company,2026-09-22T20:34:40.276451+00:00,postings.csv,company_id CMP999 not found in companies
JP047481,CMP999,unknown_company,2026-09-22T20:34:40.276488+00:00,postings.csv,company_id CMP999 not found in companies
JP047490,CMP999,unknown_company,2026-09-22T20:34:40.276525+00:00,postings.csv,company_id CMP999 not found in companies
JP047492,CMP999,unknown_company,2026-09-22T20:34:40.276568+00:00,postings.csv,company_id CMP999 not found in companies
JP047561,CMP999,unknown_company,2026-09-22T20:34:40.276611+00:00,postings.csv,company_id CMP999 not found in companies
JP047570,CMP999,unknown_company,2026-09-22T20:34:40.276650+00:00,postings.csv,company_id CMP999 not found in companies
JP047605,CMP999,unknown_company,2026-09-22T20:34:40.276687+00:00,postings.csv,company_id CMP999 not found in companies
JP047620,CMP999,unknown_company,2026-09-22T20:34:40.276723+00:00,postings.csv,company_id CMP999 not found in companies
JP047635,CMP999,unknown_company,2026-09-22T20:34:40.276758+00:00,postings.csv,company_id CMP999 not found in companies
JP047663,CMP999,unknown_company,2026-09-22T20:34:40.276794+00:00,postings.csv,company_id CMP999 not found in companies
JP047685,CMP999,unknown_company,2026-09-22T20:34:40.276829+00:00,postings.csv,company_id CMP999 not found in companies
JP047750,CMP999,unknown_company,2026-09-22T20:34:40.276864+00:00,postings.csv,company_id CMP999 not found in companies
JP047814,CMP999,unknown_company,2026-09-22T20:34:40.276900+00:00,postings.csv,company_id CMP999 not found in companies
JP047848,CMP999,unknown_company,2026-09-22T20:34:40.276935+00:00,postings.csv,company_id CMP999 not found in companies
JP047870,CMP999,unknown_company,2026-09-22T20:34:40.277003+00:00,postings.csv,company_id CMP999 not found in companies
JP047883,CMP999,unknown_company,2026-09-22T20:34:40.277057+00:00,postings.csv,company_id CMP999 not found in companies
JP047939,CMP999,unknown_company,2026-09-22T20:34:40.277110+00:00,postings.csv,company_id CMP999 not found in companies
JP047951,CMP999,unknown_company,2026-09-22T20:34:40.277149+00:00,postings.csv,company_id CMP999 not found in companies
JP047958,CMP999,unknown_company,2026-09-22T20:34:40.277186+00:00,postings.csv,company_id CMP999 not found in companies
JP048903,CMP999,unknown_company,2026-09-22T20:34:40.277222+00:00,postings.csv,company_id CMP999 not found in companies
JP048915,CMP999,unknown_company,2026-09-22T20:34:40.277259+00:00,postings.csv,company_id CMP999 not found in companies
JP048964,CMP999,unknown_company,2026-09-22T20:34:40.277294+00:00,postings.csv,company_id CMP999 not found in companies
JP048996,CMP999,unknown_company,2026-09-22T20:34:40.277340+00:00,postings.csv,company_id CMP999 not found in companies
JP049695,CMP999,unknown_company,2026-09-22T20:34:40.277388+00:00,postings.csv,company_id CMP999 not found in companies
JP049702,CMP999,unknown_company,2026-09-22T20:34:40.277426+00:00,postings.csv,company_id CMP999 not found in companies
JP049751,CMP999,unknown_company,2026-09-22T20:34:40.277462+00:00,postings.csv,company_id CMP999 not found in companies
JP049767,CMP999,unknown_company,2026-09-22T20:34:40.277497+00:00,postings.csv,company_id CMP999 not found in companies
JP049778,CMP999,unknown_company,2026-09-22T20:34:40.277534+00:00,postings.csv,company_id CMP999 not found in companies
JP050067,CMP999,unknown_company,2026-09-22T20:34:40.277579+00:00,postings.csv,company_id CMP999 not found in companies
JP050124,CMP999,unknown_company,2026-09-22T20:34:40.277620+00:00,postings.csv,company_id CMP999 not found in companies
JP050154,CMP999,unknown_company,2026-09-22T20:34:40.277658+00:00,postings.csv,company_id CMP999 not found in companies
JP050225,CMP999,unknown_company,2026-09-22T20:34:40.277694+00:00,postings.csv,company_id CMP999 not found in companies
JP050255,CMP999,unknown_company,2026-09-22T20:34:40.277729+00:00,postings.csv,company_id CMP999 not found in companies
JP050278,CMP999,unknown_company,2026-09-22T20:34:40.277765+00:00,postings.csv,company_id CMP999 not found in companies
JP050429,CMP999,unknown_company,2026-09-22T20:34:40.277801+00:00,postings.csv,company_id CMP999 not found in companies
JP050431,CMP999,unknown_company,2026-09-22T20:34:40.277838+00:00,postings.csv,company_id CMP999 not found in companies
JP050501,CMP999,unknown_company,2026-09-22T20:34:40.277873+00:00,postings.csv,company_id CMP999 not found in companies
JP050503,CMP999,unknown_company,2026-09-22T20:34:40.277909+00:00,postings.csv,company_id CMP999 not found in companies
JP050605,CMP999,unknown_company,2026-09-22T20:34:40.277945+00:00,postings.csv,company_id CMP999 not found in companies
JP050617,CMP999,unknown_company,2026-09-22T20:34:40.278018+00:00,postings.csv,company_id CMP999 not found in companies
JP050627,CMP999,unknown_company,2026-09-22T20:34:40.278065+00:00,postings.csv,company_id CMP999 not found in companies
JP050631,CMP999,unknown_company,2026-09-22T20:34:40.278104+00:00,postings.csv,company_id CMP999 not found in companies
JP050650,CMP999,unknown_company,2026-09-22T20:34:40.278142+00:00,postings.csv,company_id CMP999 not found in companies
JP050737,CMP999,unknown_company,2026-09-22T20:34:40.278179+00:00,postings.csv,company_id CMP999 not found in companies
JP050805,CMP999,unknown_company,2026-09-22T20:34:40.278216+00:00,postings.csv,company_id CMP999 not found in companies
JP050900,CMP999,unknown_company,2026-09-22T20:34:40.278255+00:00,postings.csv,company_id CMP999 not found in companies
JP050915,CMP999,unknown_company,2026-09-22T20:34:40.278290+00:00,postings.csv,company_id CMP999 not found in companies
JP050929,CMP999,unknown_company,2026-09-22T20:34:40.278327+00:00,postings.csv,company_id CMP999 not found in companies
JP050940,CMP999,unknown_company,2026-09-22T20:34:40.278391+00:00,postings.csv,company_id CMP999 not found in companies
JP051897,CMP999,unknown_company,2026-09-22T20:34:40.278440+00:00,postings.csv,company_id CMP999 not found in companies
JP051900,CMP999,unknown_company,2026-09-22T20:34:40.278481+00:00,postings.csv,company_id CMP999 not found in companies
JP051908,CMP999,unknown_company,2026-09-22T20:34:40.278519+00:00,postings.csv,company_id CMP999 not found in companies
JP051923,CMP999,unknown_company,2026-09-22T20:34:40.278563+00:00,postings.csv,company_id CMP999 not found in companies
JP051967,CMP999,unknown_company,2026-09-22T20:34:40.278607+00:00,postings.csv,company_id CMP999 not found in companies
JP052707,CMP999,unknown_company,2026-09-22T20:34:40.278645+00:00,postings.csv,company_id CMP999 not found in companies
JP052778,CMP999,unknown_company,2026-09-22T20:34:40.278682+00:00,postings.csv,company_id CMP999 not found in companies
JP053027,CMP999,unknown_company,2026-09-22T20:34:40.278720+00:00,postings.csv,company_id CMP999 not found in companies
JP053087,CMP999,unknown_company,2026-09-22T20:34:40.278756+00:00,postings.csv,company_id CMP999 not found in companies
JP053107,CMP999,unknown_company,2026-09-22T20:34:40.278792+00:00,postings.csv,company_id CMP999 not found in companies
JP053183,CMP999,unknown_company,2026-09-22T20:34:40.278828+00:00,postings.csv,company_id CMP999 not found in companies
JP053311,CMP999,unknown_company,2026-09-22T20:34:40.278865+00:00,postings.csv,company_id CMP999 not found in companies
JP053323,CMP999,unknown_company,2026-09-22T20:34:40.278901+00:00,postings.csv,company_id CMP999 not found in companies
JP053392,CMP999,unknown_company,2026-09-22T20:34:40.278937+00:00,postings.csv,company_id CMP999 not found in companies
JP053434,CMP999,unknown_company,2026-09-22T20:34:40.278994+00:00,postings.csv,company_id CMP999 not found in companies
JP053474,CMP999,unknown_company,2026-09-22T20:34:40.279041+00:00,postings.csv,company_id CMP999 not found in companies
JP053478,CMP999,unknown_company,2026-09-22T20:34:40.279079+00:00,postings.csv,company_id CMP999 not found in companies
JP053563,CMP999,unknown_company,2026-09-22T20:34:40.279117+00:00,postings.csv,company_id CMP999 not found in companies
JP053624,CMP999,unknown_company,2026-09-22T20:34:40.279154+00:00,postings.csv,company_id CMP999 not found in companies
JP053730,CMP999,unknown_company,2026-09-22T20:34:40.279192+00:00,postings.csv,company_id CMP999 not found in companies
JP053764,CMP999,unknown_company,2026-09-22T20:34:40.279228+00:00,postings.csv,company_id CMP999 not found in companies
JP053766,CMP999,unknown_company,2026-09-22T20:34:40.279263+00:00,postings.csv,company_id CMP999 not found in companies
JP053773,CMP999,unknown_company,2026-09-22T20:34:40.279299+00:00,postings.csv,company_id CMP999 not found in companies
JP053836,CMP999,unknown_company,2026-09-22T20:34:40.279335+00:00,postings.csv,company_id CMP999 not found in companies
JP053840,CMP999,unknown_company,2026-09-22T20:34:40.279370+00:00,postings.csv,company_id CMP999 not found in companies
JP053881,CMP999,unknown_company,2026-09-22T20:34:40.279405+00:00,postings.csv,company_id CMP999 not found in companies
JP053887,CMP999,unknown_company,2026-09-22T20:34:40.279441+00:00,postings.csv,company_id CMP999 not found in companies
JP053921,CMP999,unknown_company,2026-09-22T20:34:40.279476+00:00,postings.csv,company_id CMP999 not found in companies
JP053949,CMP999,unknown_company,2026-09-22T20:34:40.279511+00:00,postings.csv,company_id CMP999 not found in companies
JP053950,CMP999,unknown_company,2026-09-22T20:34:40.279546+00:00,postings.csv,company_id CMP999 not found in companies
JP000524,CMP235,unparseable_date,2026-09-22T20:34:40.361670+00:00,postings.csv,posted_date 0000-00-00 failed try_cast
JP000536,CMP079,unparseable_date,2026-09-22T20:34:40.361734+00:00,postings.csv,posted_date 0000-00-00 failed try_cast
JP000673,CMP290,unparseable_date,2026-09-22T20:34:40.361775+00:00,postings.csv,posted_date 0000-00-00 failed try_cast
JP000745,CMP073,unparseable_date,2026-09-22T20:34:40.361812+00:00,postings.csv,posted_date 0000-00-00 failed try_cast
JP000762,CMP213,unparseable_date,2026-09-22T20:34:40.361847+00:00,postings.csv,posted_date 0000-00-00 failed try_cast
JP000824,CMP190,unparseable_date,2026-09-22T20:34:40.361882+00:00,postings.csv,posted_date 0000-00-00 failed try_cast
JP000874,CMP268,unparseable_date,2026-09-22T20:34:40.361916+00:00,postings.csv,posted_date 0000-00-00 failed try_cast
JP001474,CMP106,unparseable_date,2026-09-22T20:34:40.361949+00:00,postings.csv,posted_date 0000-00-00 failed try_cast
JP001502,CMP234,unparseable_date,2026-09-22T20:34:40.362023+00:00,postings.csv,posted_date 0000-00-00 failed try_cast
JP001534,CMP156,unparseable_date,2026-09-22T20:34:40.362066+00:00,postings.csv,posted_date 0000-00-00 failed try_cast
JP001544,CMP327,unparseable_date,2026-09-22T20:34:40.362104+00:00,postings.csv,posted_date 0000-00-00 failed try_cast
JP002892,CMP017,unparseable_date,2026-09-22T20:34:40.362141+00:00,postings.csv,posted_date 0000-00-00 failed try_cast
JP002948,CMP079,unparseable_date,2026-09-22T20:34:40.362176+00:00,postings.csv,posted_date 0000-00-00 failed try_cast
JP002974,CMP041,unparseable_date,2026-09-22T20:34:40.362212+00:00,postings.csv,posted_date 0000-00-00 failed try_cast
JP002987,CMP223,unparseable_date,2026-09-22T20:34:40.362247+00:00,postings.csv,posted_date 0000-00-00 failed try_cast
JP003697,CMP054,unparseable_date,2026-09-22T20:34:40.362282+00:00,postings.csv,posted_date 0000-00-00 failed try_cast
JP003845,CMP021,unparseable_date,2026-09-22T20:34:40.362316+00:00,postings.csv,posted_date 0000-00-00 failed try_cast
JP003852,CMP001,unparseable_date,2026-09-22T20:34:40.362350+00:00,postings.csv,posted_date 0000-00-00 failed try_cast
JP003920,CMP142,unparseable_date,2026-09-22T20:34:40.362421+00:00,postings.csv,posted_date 0000-00-00 failed try_cast
JP003926,CMP375,unparseable_date,2026-09-22T20:34:40.362461+00:00,postings.csv,posted_date 0000-00-00 failed try_cast
JP003991,CMP340,unparseable_date,2026-09-22T20:34:40.362497+00:00,postings.csv,posted_date 0000-00-00 failed try_cast
JP004587,CMP314,unparseable_date,2026-09-22T20:34:40.362530+00:00,postings.csv,posted_date 0000-00-00 failed try_cast
JP004736,CMP362,unparseable_date,2026-09-22T20:34:40.362571+00:00,postings.csv,posted_date 0000-00-00 failed try_cast
JP004748,CMP142,unparseable_date,2026-09-22T20:34:40.362608+00:00,postings.csv,posted_date 0000-00-00 failed try_cast
JP004782,CMP059,unparseable_date,2026-09-22T20:34:40.362643+00:00,postings.csv,posted_date 0000-00-00 failed try_cast
JP004795,CMP110,unparseable_date,2026-09-22T20:34:40.362678+00:00,postings.csv,posted_date 0000-00-00 failed try_cast
JP005625,CMP098,unparseable_date,2026-09-22T20:34:40.362727+00:00,postings.csv,posted_date 0000-00-00 failed try_cast
JP005627,CMP081,unparseable_date,2026-09-22T20:34:40.362767+00:00,postings.csv,posted_date 0000-00-00 failed try_cast
JP005804,CMP041,unparseable_date,2026-09-22T20:34:40.362801+00:00,postings.csv,posted_date 0000-00-00 failed try_cast
JP005821,CMP389,unparseable_date,2026-09-22T20:34:40.362836+00:00,postings.csv,posted_date 0000-00-00 failed try_cast
JP006703,CMP165,unparseable_date,2026-09-22T20:34:40.362871+00:00,postings.csv,posted_date 0000-00-00 failed try_cast
JP006748,CMP048,unparseable_date,2026-09-22T20:34:40.362907+00:00,postings.csv,posted_date 0000-00-00 failed try_cast
JP006761,CMP317,unparseable_date,2026-09-22T20:34:40.362941+00:00,postings.csv,posted_date 0000-00-00 failed try_cast
JP006831,CMP078,unparseable_date,2026-09-22T20:34:40.362997+00:00,postings.csv,posted_date 0000-00-00 failed try_cast
JP006962,CMP389,unparseable_date,2026-09-22T20:34:40.363043+00:00,postings.csv,posted_date 0000-00-00 failed try_cast
JP007608,CMP096,unparseable_date,2026-09-22T20:34:40.363083+00:00,postings.csv,posted_date 0000-00-00 failed try_cast
JP007653,CMP343,unparseable_date,2026-09-22T20:34:40.363119+00:00,postings.csv,posted_date 0000-00-00 failed try_cast
JP007702,CMP366,unparseable_date,2026-09-22T20:34:40.363153+00:00,postings.csv,posted_date 0000-00-00 failed try_cast
JP007705,CMP275,unparseable_date,2026-09-22T20:34:40.363188+00:00,postings.csv,posted_date 0000-00-00 failed try_cast
JP008612,CMP224,unparseable_date,2026-09-22T20:34:40.363223+00:00,postings.csv,posted_date 0000-00-00 failed try_cast
JP008713,CMP185,unparseable_date,2026-09-22T20:34:40.363258+00:00,postings.csv,posted_date 0000-00-00 failed try_cast
JP008753,CMP372,unparseable_date,2026-09-22T20:34:40.363291+00:00,postings.csv,posted_date 0000-00-00 failed try_cast
JP008816,CMP182,unparseable_date,2026-09-22T20:34:40.363326+00:00,postings.csv,posted_date 0000-00-00 failed try_cast
JP008820,CMP243,unparseable_date,2026-09-22T20:34:40.363361+00:00,postings.csv,posted_date 0000-00-00 failed try_cast
JP008903,CMP003,unparseable_date,2026-09-22T20:34:40.363395+00:00,postings.csv,posted_date 0000-00-00 failed try_cast
JP009662,CMP163,unparseable_date,2026-09-22T20:34:40.363430+00:00,postings.csv,posted_date 0000-00-00 failed try_cast
JP009686,CMP113,unparseable_date,2026-09-22T20:34:40.363462+00:00,postings.csv,posted_date 0000-00-00 failed try_cast
JP009781,CMP043,unparseable_date,2026-09-22T20:34:40.363495+00:00,postings.csv,posted_date 0000-00-00 failed try_cast
JP009834,CMP023,unparseable_date,2026-09-22T20:34:40.363528+00:00,postings.csv,posted_date 0000-00-00 failed try_cast
JP009877,CMP056,unparseable_date,2026-09-22T20:34:40.363566+00:00,postings.csv,posted_date 0000-00-00 failed try_cast
JP010462,CMP017,unparseable_date,2026-09-22T20:34:40.363605+00:00,postings.csv,posted_date 0000-00-00 failed try_cast
JP010475,CMP288,unparseable_date,2026-09-22T20:34:40.363639+00:00,postings.csv,posted_date 0000-00-00 failed try_cast
JP010631,CMP164,unparseable_date,2026-09-22T20:34:40.363672+00:00,postings.csv,posted_date 0000-00-00 failed try_cast
JP010663,CMP230,unparseable_date,2026-09-22T20:34:40.363706+00:00,postings.csv,posted_date 0000-00-00 failed try_cast
JP010751,CMP286,unparseable_date,2026-09-22T20:34:40.363740+00:00,postings.csv,posted_date 0000-00-00 failed try_cast
JP010759,CMP099,unparseable_date,2026-09-22T20:34:40.363773+00:00,postings.csv,posted_date 0000-00-00 failed try_cast
JP010764,CMP003,unparseable_date,2026-09-22T20:34:40.363806+00:00,postings.csv,posted_date 0000-00-00 failed try_cast
JP011657,CMP330,unparseable_date,2026-09-22T20:34:40.363840+00:00,postings.csv,posted_date 0000-00-00 failed try_cast
JP011743,CMP072,unparseable_date,2026-09-22T20:34:40.363873+00:00,postings.csv,posted_date 0000-00-00 failed try_cast
JP011940,CMP086,unparseable_date,2026-09-22T20:34:40.363906+00:00,postings.csv,posted_date 0000-00-00 failed try_cast
JP012956,CMP358,unparseable_date,2026-09-22T20:34:40.363939+00:00,postings.csv,posted_date 0000-00-00 failed try_cast
JP012959,CMP088,unparseable_date,2026-09-22T20:34:40.363989+00:00,postings.csv,posted_date 0000-00-00 failed try_cast
JP012964,CMP244,unparseable_date,2026-09-22T20:34:40.364032+00:00,postings.csv,posted_date 0000-00-00 failed try_cast
JP013472,CMP106,unparseable_date,2026-09-22T20:34:40.364068+00:00,postings.csv,posted_date 0000-00-00 failed try_cast
JP013520,CMP330,unparseable_date,2026-09-22T20:34:40.364102+00:00,postings.csv,posted_date 0000-00-00 failed try_cast
JP013589,CMP342,unparseable_date,2026-09-22T20:34:40.364137+00:00,postings.csv,posted_date 0000-00-00 failed try_cast
JP013785,CMP105,unparseable_date,2026-09-22T20:34:40.364171+00:00,postings.csv,posted_date 0000-00-00 failed try_cast
JP013798,CMP102,unparseable_date,2026-09-22T20:34:40.364203+00:00,postings.csv,posted_date 0000-00-00 failed try_cast
JP014512,CMP308,unparseable_date,2026-09-22T20:34:40.364236+00:00,postings.csv,posted_date 0000-00-00 failed try_cast
JP014516,CMP285,unparseable_date,2026-09-22T20:34:40.364270+00:00,postings.csv,posted_date 0000-00-00 failed try_cast
JP014582,CMP089,unparseable_date,2026-09-22T20:34:40.364303+00:00,postings.csv,posted_date 0000-00-00 failed try_cast
JP014647,CMP057,unparseable_date,2026-09-22T20:34:40.364335+00:00,postings.csv,posted_date 0000-00-00 failed try_cast
JP014673,CMP178,unparseable_date,2026-09-22T20:34:40.364367+00:00,postings.csv,posted_date 0000-00-00 failed try_cast
JP014874,CMP235,unparseable_date,2026-09-22T20:34:40.364400+00:00,postings.csv,posted_date 0000-00-00 failed try_cast
JP014890,CMP029,unparseable_date,2026-09-22T20:34:40.364433+00:00,postings.csv,posted_date 0000-00-00 failed try_cast
JP015749,CMP102,unparseable_date,2026-09-22T20:34:40.364465+00:00,postings.csv,posted_date 0000-00-00 failed try_cast
JP015791,CMP016,unparseable_date,2026-09-22T20:34:40.364498+00:00,postings.csv,posted_date 0000-00-00 failed try_cast
JP015809,CMP361,unparseable_date,2026-09-22T20:34:40.364531+00:00,postings.csv,posted_date 0000-00-00 failed try_cast
JP016579,CMP142,unparseable_date,2026-09-22T20:34:40.364570+00:00,postings.csv,posted_date 0000-00-00 failed try_cast
JP016630,CMP045,unparseable_date,2026-09-22T20:34:40.364608+00:00,postings.csv,posted_date 0000-00-00 failed try_cast
JP016792,CMP360,unparseable_date,2026-09-22T20:34:40.364641+00:00,postings.csv,posted_date 0000-00-00 failed try_cast
JP017571,CMP176,unparseable_date,2026-09-22T20:34:40.364674+00:00,postings.csv,posted_date 0000-00-00 failed try_cast
JP017595,CMP209,unparseable_date,2026-09-22T20:34:40.364706+00:00,postings.csv,posted_date 0000-00-00 failed try_cast
JP017598,CMP300,unparseable_date,2026-09-22T20:34:40.364737+00:00,postings.csv,posted_date 0000-00-00 failed try_cast
JP017601,CMP199,unparseable_date,2026-09-22T20:34:40.364769+00:00,postings.csv,posted_date 0000-00-00 failed try_cast
JP017698,CMP232,unparseable_date,2026-09-22T20:34:40.364803+00:00,postings.csv,posted_date 0000-00-00 failed try_cast
JP017822,CMP270,unparseable_date,2026-09-22T20:34:40.364836+00:00,postings.csv,posted_date 0000-00-00 failed try_cast
JP017880,CMP143,unparseable_date,2026-09-22T20:34:40.364868+00:00,postings.csv,posted_date 0000-00-00 failed try_cast
JP017905,CMP020,unparseable_date,2026-09-22T20:34:40.364901+00:00,postings.csv,posted_date 0000-00-00 failed try_cast
JP017914,CMP123,unparseable_date,2026-09-22T20:34:40.364935+00:00,postings.csv,posted_date 0000-00-00 failed try_cast
JP018939,CMP337,unparseable_date,2026-09-22T20:34:40.364984+00:00,postings.csv,posted_date 0000-00-00 failed try_cast
JP018947,CMP071,unparseable_date,2026-09-22T20:34:40.365030+00:00,postings.csv,posted_date 0000-00-00 failed try_cast
JP018953,CMP221,unparseable_date,2026-09-22T20:34:40.365067+00:00,postings.csv,posted_date 0000-00-00 failed try_cast
JP019537,CMP318,unparseable_date,2026-09-22T20:34:40.365103+00:00,postings.csv,posted_date 0000-00-00 failed try_cast
JP019541,CMP239,unparseable_date,2026-09-22T20:34:40.365137+00:00,postings.csv,posted_date 0000-00-00 failed try_cast
JP019576,CMP014,unparseable_date,2026-09-22T20:34:40.365171+00:00,postings.csv,posted_date 0000-00-00 failed try_cast
JP020494,CMP125,unparseable_date,2026-09-22T20:34:40.365206+00:00,postings.csv,posted_date 0000-00-00 failed try_cast
JP020502,CMP062,unparseable_date,2026-09-22T20:34:40.365238+00:00,postings.csv,posted_date 0000-00-00 failed try_cast
JP020506,CMP272,unparseable_date,2026-09-22T20:34:40.365271+00:00,postings.csv,posted_date 0000-00-00 failed try_cast
JP020553,CMP167,unparseable_date,2026-09-22T20:34:40.365304+00:00,postings.csv,posted_date 0000-00-00 failed try_cast
JP020611,CMP173,unparseable_date,2026-09-22T20:34:40.365338+00:00,postings.csv,posted_date 0000-00-00 failed try_cast
JP020652,CMP085,unparseable_date,2026-09-22T20:34:40.365373+00:00,postings.csv,posted_date 0000-00-00 failed try_cast
JP020830,CMP021,unparseable_date,2026-09-22T20:34:40.365406+00:00,postings.csv,posted_date 0000-00-00 failed try_cast
JP020844,CMP068,unparseable_date,2026-09-22T20:34:40.365439+00:00,postings.csv,posted_date 0000-00-00 failed try_cast
JP020907,CMP219,unparseable_date,2026-09-22T20:34:40.365471+00:00,postings.csv,posted_date 0000-00-00 failed try_cast
JP021996,CMP296,unparseable_date,2026-09-22T20:34:40.365504+00:00,postings.csv,posted_date 0000-00-00 failed try_cast
JP022590,CMP366,unparseable_date,2026-09-22T20:34:40.365536+00:00,postings.csv,posted_date 0000-00-00 failed try_cast
JP022614,CMP277,unparseable_date,2026-09-22T20:34:40.365577+00:00,postings.csv,posted_date 0000-00-00 failed try_cast
JP022625,CMP289,unparseable_date,2026-09-22T20:34:40.365615+00:00,postings.csv,posted_date 0000-00-00 failed try_cast
JP022631,CMP145,unparseable_date,2026-09-22T20:34:40.365650+00:00,postings.csv,posted_date 0000-00-00 failed try_cast
JP022709,CMP224,unparseable_date,2026-09-22T20:34:40.365683+00:00,postings.csv,posted_date 0000-00-00 failed try_cast
JP023400,CMP184,unparseable_date,2026-09-22T20:34:40.365718+00:00,postings.csv,posted_date 0000-00-00 failed try_cast
JP023468,CMP060,unparseable_date,2026-09-22T20:34:40.365752+00:00,postings.csv,posted_date 0000-00-00 failed try_cast
JP023470,CMP084,unparseable_date,2026-09-22T20:34:40.365786+00:00,postings.csv,posted_date 0000-00-00 failed try_cast
JP023630,CMP157,unparseable_date,2026-09-22T20:34:40.365818+00:00,postings.csv,posted_date 0000-00-00 failed try_cast
JP023651,CMP127,unparseable_date,2026-09-22T20:34:40.365851+00:00,postings.csv,posted_date 0000-00-00 failed try_cast
JP023698,CMP263,unparseable_date,2026-09-22T20:34:40.365882+00:00,postings.csv,posted_date 0000-00-00 failed try_cast
JP023750,CMP257,unparseable_date,2026-09-22T20:34:40.365915+00:00,postings.csv,posted_date 0000-00-00 failed try_cast
JP023772,CMP108,unparseable_date,2026-09-22T20:34:40.365947+00:00,postings.csv,posted_date 0000-00-00 failed try_cast
JP023865,CMP209,unparseable_date,2026-09-22T20:34:40.366001+00:00,postings.csv,posted_date 0000-00-00 failed try_cast
JP024764,CMP006,unparseable_date,2026-09-22T20:34:40.366042+00:00,postings.csv,posted_date 0000-00-00 failed try_cast
JP024815,CMP034,unparseable_date,2026-09-22T20:34:40.366077+00:00,postings.csv,posted_date 0000-00-00 failed try_cast
JP024825,CMP200,unparseable_date,2026-09-22T20:34:40.366113+00:00,postings.csv,posted_date 0000-00-00 failed try_cast
JP024839,CMP361,unparseable_date,2026-09-22T20:34:40.366148+00:00,postings.csv,posted_date 0000-00-00 failed try_cast
JP025616,CMP382,unparseable_date,2026-09-22T20:34:40.366182+00:00,postings.csv,posted_date 0000-00-00 failed try_cast
JP025797,CMP288,unparseable_date,2026-09-22T20:34:40.366217+00:00,postings.csv,posted_date 0000-00-00 failed try_cast
JP026447,CMP002,unparseable_date,2026-09-22T20:34:40.366251+00:00,postings.csv,posted_date 0000-00-00 failed try_cast
JP026591,CMP158,unparseable_date,2026-09-22T20:34:40.366286+00:00,postings.csv,posted_date 0000-00-00 failed try_cast
JP026597,CMP140,unparseable_date,2026-09-22T20:34:40.366319+00:00,postings.csv,posted_date 0000-00-00 failed try_cast
JP026778,CMP134,unparseable_date,2026-09-22T20:34:40.366352+00:00,postings.csv,posted_date 0000-00-00 failed try_cast
JP026826,CMP091,unparseable_date,2026-09-22T20:34:40.366423+00:00,postings.csv,posted_date 0000-00-00 failed try_cast
JP026868,CMP109,unparseable_date,2026-09-22T20:34:40.366465+00:00,postings.csv,posted_date 0000-00-00 failed try_cast
JP026875,CMP081,unparseable_date,2026-09-22T20:34:40.366503+00:00,postings.csv,posted_date 0000-00-00 failed try_cast
JP026888,CMP019,unparseable_date,2026-09-22T20:34:40.366539+00:00,postings.csv,posted_date 0000-00-00 failed try_cast
JP026897,CMP101,unparseable_date,2026-09-22T20:34:40.366581+00:00,postings.csv,posted_date 0000-00-00 failed try_cast
JP027769,CMP178,unparseable_date,2026-09-22T20:34:40.366618+00:00,postings.csv,posted_date 0000-00-00 failed try_cast
JP027850,CMP246,unparseable_date,2026-09-22T20:34:40.366653+00:00,postings.csv,posted_date 0000-00-00 failed try_cast
JP028563,CMP060,unparseable_date,2026-09-22T20:34:40.366688+00:00,postings.csv,posted_date 0000-00-00 failed try_cast
JP028584,CMP149,unparseable_date,2026-09-22T20:34:40.366721+00:00,postings.csv,posted_date 0000-00-00 failed try_cast
JP028595,CMP329,unparseable_date,2026-09-22T20:34:40.366754+00:00,postings.csv,posted_date 0000-00-00 failed try_cast
JP028647,CMP230,unparseable_date,2026-09-22T20:34:40.366786+00:00,postings.csv,posted_date 0000-00-00 failed try_cast
JP028660,CMP333,unparseable_date,2026-09-22T20:34:40.366819+00:00,postings.csv,posted_date 0000-00-00 failed try_cast
JP028670,CMP115,unparseable_date,2026-09-22T20:34:40.366851+00:00,postings.csv,posted_date 0000-00-00 failed try_cast
JP028736,CMP280,unparseable_date,2026-09-22T20:34:40.366884+00:00,postings.csv,posted_date 0000-00-00 failed try_cast
JP028745,CMP351,unparseable_date,2026-09-22T20:34:40.366918+00:00,postings.csv,posted_date 0000-00-00 failed try_cast
JP028791,CMP322,unparseable_date,2026-09-22T20:34:40.366950+00:00,postings.csv,posted_date 0000-00-00 failed try_cast
JP029633,CMP150,unparseable_date,2026-09-22T20:34:40.367006+00:00,postings.csv,posted_date 0000-00-00 failed try_cast
JP029645,CMP276,unparseable_date,2026-09-22T20:34:40.367046+00:00,postings.csv,posted_date 0000-00-00 failed try_cast
JP029685,CMP291,unparseable_date,2026-09-22T20:34:40.367082+00:00,postings.csv,posted_date 0000-00-00 failed try_cast
JP029922,CMP390,unparseable_date,2026-09-22T20:34:40.367116+00:00,postings.csv,posted_date 0000-00-00 failed try_cast
JP030818,CMP094,unparseable_date,2026-09-22T20:34:40.367150+00:00,postings.csv,posted_date 0000-00-00 failed try_cast
JP030939,CMP225,unparseable_date,2026-09-22T20:34:40.367184+00:00,postings.csv,posted_date 0000-00-00 failed try_cast
JP031649,CMP003,unparseable_date,2026-09-22T20:34:40.367219+00:00,postings.csv,posted_date 0000-00-00 failed try_cast
JP031716,CMP266,unparseable_date,2026-09-22T20:34:40.367253+00:00,postings.csv,posted_date 0000-00-00 failed try_cast
JP032462,CMP059,unparseable_date,2026-09-22T20:34:40.367287+00:00,postings.csv,posted_date 0000-00-00 failed try_cast
JP032513,CMP256,unparseable_date,2026-09-22T20:34:40.367320+00:00,postings.csv,posted_date 0000-00-00 failed try_cast
JP032532,CMP321,unparseable_date,2026-09-22T20:34:40.367354+00:00,postings.csv,posted_date 0000-00-00 failed try_cast
JP032565,CMP289,unparseable_date,2026-09-22T20:34:40.367389+00:00,postings.csv,posted_date 0000-00-00 failed try_cast
JP032669,CMP214,unparseable_date,2026-09-22T20:34:40.367422+00:00,postings.csv,posted_date 0000-00-00 failed try_cast
JP032734,CMP153,unparseable_date,2026-09-22T20:34:40.367455+00:00,postings.csv,posted_date 0000-00-00 failed try_cast
JP032769,CMP171,unparseable_date,2026-09-22T20:34:40.367489+00:00,postings.csv,posted_date 0000-00-00 failed try_cast
JP032813,CMP326,unparseable_date,2026-09-22T20:34:40.367522+00:00,postings.csv,posted_date 0000-00-00 failed try_cast
JP032824,CMP305,unparseable_date,2026-09-22T20:34:40.367556+00:00,postings.csv,posted_date 0000-00-00 failed try_cast
JP032868,CMP181,unparseable_date,2026-09-22T20:34:40.367601+00:00,postings.csv,posted_date 0000-00-00 failed try_cast
JP032895,CMP116,unparseable_date,2026-09-22T20:34:40.367636+00:00,postings.csv,posted_date 0000-00-00 failed try_cast
JP034658,CMP093,unparseable_date,2026-09-22T20:34:40.367670+00:00,postings.csv,posted_date 0000-00-00 failed try_cast
JP034712,CMP132,unparseable_date,2026-09-22T20:34:40.367704+00:00,postings.csv,posted_date 0000-00-00 failed try_cast
JP034744,CMP000,unparseable_date,2026-09-22T20:34:40.367737+00:00,postings.csv,posted_date 0000-00-00 failed try_cast
JP034785,CMP174,unparseable_date,2026-09-22T20:34:40.367770+00:00,postings.csv,posted_date 0000-00-00 failed try_cast
JP035265,CMP313,unparseable_date,2026-09-22T20:34:40.367802+00:00,postings.csv,posted_date 0000-00-00 failed try_cast
JP035388,CMP153,unparseable_date,2026-09-22T20:34:40.367836+00:00,postings.csv,posted_date 0000-00-00 failed try_cast
JP035429,CMP165,unparseable_date,2026-09-22T20:34:40.367869+00:00,postings.csv,posted_date 0000-00-00 failed try_cast
JP035491,CMP115,unparseable_date,2026-09-22T20:34:40.367903+00:00,postings.csv,posted_date 0000-00-00 failed try_cast
JP035494,CMP025,unparseable_date,2026-09-22T20:34:40.367936+00:00,postings.csv,posted_date 0000-00-00 failed try_cast
JP035519,CMP355,unparseable_date,2026-09-22T20:34:40.367987+00:00,postings.csv,posted_date 0000-00-00 failed try_cast
JP035579,CMP271,unparseable_date,2026-09-22T20:34:40.368031+00:00,postings.csv,posted_date 0000-00-00 failed try_cast
JP035772,CMP378,unparseable_date,2026-09-22T20:34:40.368066+00:00,postings.csv,posted_date 0000-00-00 failed try_cast
JP035834,CMP053,unparseable_date,2026-09-22T20:34:40.368101+00:00,postings.csv,posted_date 0000-00-00 failed try_cast
JP035919,CMP131,unparseable_date,2026-09-22T20:34:40.368136+00:00,postings.csv,posted_date 0000-00-00 failed try_cast
JP035988,CMP002,unparseable_date,2026-09-22T20:34:40.368169+00:00,postings.csv,posted_date 0000-00-00 failed try_cast
JP036825,CMP194,unparseable_date,2026-09-22T20:34:40.368203+00:00,postings.csv,posted_date 0000-00-00 failed try_cast
JP036849,CMP099,unparseable_date,2026-09-22T20:34:40.368237+00:00,postings.csv,posted_date 0000-00-00 failed try_cast
JP036854,CMP380,unparseable_date,2026-09-22T20:34:40.368269+00:00,postings.csv,posted_date 0000-00-00 failed try_cast
JP036955,CMP316,unparseable_date,2026-09-22T20:34:40.368303+00:00,postings.csv,posted_date 0000-00-00 failed try_cast
JP036959,CMP099,unparseable_date,2026-09-22T20:34:40.368335+00:00,postings.csv,posted_date 0000-00-00 failed try_cast
JP038366,CMP176,unparseable_date,2026-09-22T20:34:40.368369+00:00,postings.csv,posted_date 0000-00-00 failed try_cast
JP038417,CMP174,unparseable_date,2026-09-22T20:34:40.368402+00:00,postings.csv,posted_date 0000-00-00 failed try_cast
JP038429,CMP035,unparseable_date,2026-09-22T20:34:40.368435+00:00,postings.csv,posted_date 0000-00-00 failed try_cast
JP038472,CMP154,unparseable_date,2026-09-22T20:34:40.368468+00:00,postings.csv,posted_date 0000-00-00 failed try_cast
JP038593,CMP343,unparseable_date,2026-09-22T20:34:40.368501+00:00,postings.csv,posted_date 0000-00-00 failed try_cast
JP038685,CMP371,unparseable_date,2026-09-22T20:34:40.368535+00:00,postings.csv,posted_date 0000-00-00 failed try_cast
JP038823,CMP224,unparseable_date,2026-09-22T20:34:40.368576+00:00,postings.csv,posted_date 0000-00-00 failed try_cast
JP038871,CMP340,unparseable_date,2026-09-22T20:34:40.368614+00:00,postings.csv,posted_date 0000-00-00 failed try_cast
JP038923,CMP208,unparseable_date,2026-09-22T20:34:40.368649+00:00,postings.csv,posted_date 0000-00-00 failed try_cast
JP038950,CMP032,unparseable_date,2026-09-22T20:34:40.368682+00:00,postings.csv,posted_date 0000-00-00 failed try_cast
JP039853,CMP129,unparseable_date,2026-09-22T20:34:40.368714+00:00,postings.csv,posted_date 0000-00-00 failed try_cast
JP039923,CMP067,unparseable_date,2026-09-22T20:34:40.368747+00:00,postings.csv,posted_date 0000-00-00 failed try_cast
JP039938,CMP028,unparseable_date,2026-09-22T20:34:40.368780+00:00,postings.csv,posted_date 0000-00-00 failed try_cast
JP040766,CMP115,unparseable_date,2026-09-22T20:34:40.368812+00:00,postings.csv,posted_date 0000-00-00 failed try_cast
JP041196,CMP014,unparseable_date,2026-09-22T20:34:40.368845+00:00,postings.csv,posted_date 0000-00-00 failed try_cast
JP041208,CMP066,unparseable_date,2026-09-22T20:34:40.368878+00:00,postings.csv,posted_date 0000-00-00 failed try_cast
JP041545,CMP043,unparseable_date,2026-09-22T20:34:40.368912+00:00,postings.csv,posted_date 0000-00-00 failed try_cast
JP041585,CMP248,unparseable_date,2026-09-22T20:34:40.368945+00:00,postings.csv,posted_date 0000-00-00 failed try_cast
JP041617,CMP245,unparseable_date,2026-09-22T20:34:40.368999+00:00,postings.csv,posted_date 0000-00-00 failed try_cast
JP041725,CMP288,unparseable_date,2026-09-22T20:34:40.369044+00:00,postings.csv,posted_date 0000-00-00 failed try_cast
JP041770,CMP355,unparseable_date,2026-09-22T20:34:40.369082+00:00,postings.csv,posted_date 0000-00-00 failed try_cast
JP041845,CMP396,unparseable_date,2026-09-22T20:34:40.369120+00:00,postings.csv,posted_date 0000-00-00 failed try_cast
JP041880,CMP030,unparseable_date,2026-09-22T20:34:40.369155+00:00,postings.csv,posted_date 0000-00-00 failed try_cast
JP041928,CMP282,unparseable_date,2026-09-22T20:34:40.369189+00:00,postings.csv,posted_date 0000-00-00 failed try_cast
JP041936,CMP384,unparseable_date,2026-09-22T20:34:40.369224+00:00,postings.csv,posted_date 0000-00-00 failed try_cast
JP042857,CMP076,unparseable_date,2026-09-22T20:34:40.369258+00:00,postings.csv,posted_date 0000-00-00 failed try_cast
JP042924,CMP162,unparseable_date,2026-09-22T20:34:40.369292+00:00,postings.csv,posted_date 0000-00-00 failed try_cast
JP042979,CMP148,unparseable_date,2026-09-22T20:34:40.369326+00:00,postings.csv,posted_date 0000-00-00 failed try_cast
JP043675,CMP117,unparseable_date,2026-09-22T20:34:40.369360+00:00,postings.csv,posted_date 0000-00-00 failed try_cast
JP043716,CMP128,unparseable_date,2026-09-22T20:34:40.369394+00:00,postings.csv,posted_date 0000-00-00 failed try_cast
JP043748,CMP124,unparseable_date,2026-09-22T20:34:40.369427+00:00,postings.csv,posted_date 0000-00-00 failed try_cast
JP043786,CMP057,unparseable_date,2026-09-22T20:34:40.369460+00:00,postings.csv,posted_date 0000-00-00 failed try_cast
JP044136,CMP186,unparseable_date,2026-09-22T20:34:40.369494+00:00,postings.csv,posted_date 0000-00-00 failed try_cast
JP044256,CMP375,unparseable_date,2026-09-22T20:34:40.369527+00:00,postings.csv,posted_date 0000-00-00 failed try_cast
JP044293,CMP230,unparseable_date,2026-09-22T20:34:40.369565+00:00,postings.csv,posted_date 0000-00-00 failed try_cast
JP044354,CMP236,unparseable_date,2026-09-22T20:34:40.369604+00:00,postings.csv,posted_date 0000-00-00 failed try_cast
JP044375,CMP256,unparseable_date,2026-09-22T20:34:40.369638+00:00,postings.csv,posted_date 0000-00-00 failed try_cast
JP044445,CMP370,unparseable_date,2026-09-22T20:34:40.369671+00:00,postings.csv,posted_date 0000-00-00 failed try_cast
JP044493,CMP058,unparseable_date,2026-09-22T20:34:40.369703+00:00,postings.csv,posted_date 0000-00-00 failed try_cast
JP044617,CMP254,unparseable_date,2026-09-22T20:34:40.369735+00:00,postings.csv,posted_date 0000-00-00 failed try_cast
JP045995,CMP053,unparseable_date,2026-09-22T20:34:40.369767+00:00,postings.csv,posted_date 0000-00-00 failed try_cast
JP047102,CMP345,unparseable_date,2026-09-22T20:34:40.369800+00:00,postings.csv,posted_date 0000-00-00 failed try_cast
JP047128,CMP174,unparseable_date,2026-09-22T20:34:40.369833+00:00,postings.csv,posted_date 0000-00-00 failed try_cast
JP047197,CMP211,unparseable_date,2026-09-22T20:34:40.369866+00:00,postings.csv,posted_date 0000-00-00 failed try_cast
JP047357,CMP145,unparseable_date,2026-09-22T20:34:40.369898+00:00,postings.csv,posted_date 0000-00-00 failed try_cast
JP047443,CMP163,unparseable_date,2026-09-22T20:34:40.369930+00:00,postings.csv,posted_date 0000-00-00 failed try_cast
JP047541,CMP008,unparseable_date,2026-09-22T20:34:40.369976+00:00,postings.csv,posted_date 0000-00-00 failed try_cast
JP047639,CMP176,unparseable_date,2026-09-22T20:34:40.370026+00:00,postings.csv,posted_date 0000-00-00 failed try_cast
JP047646,CMP027,unparseable_date,2026-09-22T20:34:40.370065+00:00,postings.csv,posted_date 0000-00-00 failed try_cast
JP047680,CMP297,unparseable_date,2026-09-22T20:34:40.370100+00:00,postings.csv,posted_date 0000-00-00 failed try_cast
JP047740,CMP229,unparseable_date,2026-09-22T20:34:40.370137+00:00,postings.csv,posted_date 0000-00-00 failed try_cast
JP047756,CMP304,unparseable_date,2026-09-22T20:34:40.370172+00:00,postings.csv,posted_date 0000-00-00 failed try_cast
JP047860,CMP120,unparseable_date,2026-09-22T20:34:40.370207+00:00,postings.csv,posted_date 0000-00-00 failed try_cast
JP047906,CMP270,unparseable_date,2026-09-22T20:34:40.370242+00:00,postings.csv,posted_date 0000-00-00 failed try_cast
JP047932,CMP378,unparseable_date,2026-09-22T20:34:40.370276+00:00,postings.csv,posted_date 0000-00-00 failed try_cast
JP048916,CMP130,unparseable_date,2026-09-22T20:34:40.370309+00:00,postings.csv,posted_date 0000-00-00 failed try_cast
JP050056,CMP222,unparseable_date,2026-09-22T20:34:40.370344+00:00,postings.csv,posted_date 0000-00-00 failed try_cast
JP050096,CMP142,unparseable_date,2026-09-22T20:34:40.370409+00:00,postings.csv,posted_date 0000-00-00 failed try_cast
JP050157,CMP164,unparseable_date,2026-09-22T20:34:40.370451+00:00,postings.csv,posted_date 0000-00-00 failed try_cast
JP050179,CMP223,unparseable_date,2026-09-22T20:34:40.370488+00:00,postings.csv,posted_date 0000-00-00 failed try_cast
JP050193,CMP369,unparseable_date,2026-09-22T20:34:40.370525+00:00,postings.csv,posted_date 0000-00-00 failed try_cast
JP050224,CMP303,unparseable_date,2026-09-22T20:34:40.370566+00:00,postings.csv,posted_date 0000-00-00 failed try_cast
JP050227,CMP350,unparseable_date,2026-09-22T20:34:40.370606+00:00,postings.csv,posted_date 0000-00-00 failed try_cast
JP050236,CMP131,unparseable_date,2026-09-22T20:34:40.370641+00:00,postings.csv,posted_date 0000-00-00 failed try_cast
JP050279,CMP096,unparseable_date,2026-09-22T20:34:40.370676+00:00,postings.csv,posted_date 0000-00-00 failed try_cast
JP050392,CMP258,unparseable_date,2026-09-22T20:34:40.370710+00:00,postings.csv,posted_date 0000-00-00 failed try_cast
JP050649,CMP117,unparseable_date,2026-09-22T20:34:40.370744+00:00,postings.csv,posted_date 0000-00-00 failed try_cast
JP050663,CMP363,unparseable_date,2026-09-22T20:34:40.370778+00:00,postings.csv,posted_date 0000-00-00 failed try_cast
JP050775,CMP228,unparseable_date,2026-09-22T20:34:40.370811+00:00,postings.csv,posted_date 0000-00-00 failed try_cast
JP050819,CMP274,unparseable_date,2026-09-22T20:34:40.370845+00:00,postings.csv,posted_date 0000-00-00 failed try_cast
JP051990,CMP363,unparseable_date,2026-09-22T20:34:40.370878+00:00,postings.csv,posted_date 0000-00-00 failed try_cast
JP052787,CMP145,unparseable_date,2026-09-22T20:34:40.370911+00:00,postings.csv,posted_date 0000-00-00 failed try_cast
JP053021,CMP357,unparseable_date,2026-09-22T20:34:40.370944+00:00,postings.csv,posted_date 0000-00-00 failed try_cast
JP053041,CMP026,unparseable_date,2026-09-22T20:34:40.370998+00:00,postings.csv,posted_date 0000-00-00 failed try_cast
JP053104,CMP065,unparseable_date,2026-09-22T20:34:40.371041+00:00,postings.csv,posted_date 0000-00-00 failed try_cast
JP053259,CMP247,unparseable_date,2026-09-22T20:34:40.371078+00:00,postings.csv,posted_date 0000-00-00 failed try_cast
JP053414,CMP341,unparseable_date,2026-09-22T20:34:40.371116+00:00,postings.csv,posted_date 0000-00-00 failed try_cast
JP053424,CMP264,unparseable_date,2026-09-22T20:34:40.371150+00:00,postings.csv,posted_date 0000-00-00 failed try_cast
JP053476,CMP063,unparseable_date,2026-09-22T20:34:40.371185+00:00,postings.csv,posted_date 0000-00-00 failed try_cast
JP053574,CMP131,unparseable_date,2026-09-22T20:34:40.371218+00:00,postings.csv,posted_date 0000-00-00 failed try_cast
JP053596,CMP120,unparseable_date,2026-09-22T20:34:40.371252+00:00,postings.csv,posted_date 0000-00-00 failed try_cast
JP053682,CMP181,unparseable_date,2026-09-22T20:34:40.371286+00:00,postings.csv,posted_date 0000-00-00 failed try_cast
JP053854,CMP310,unparseable_date,2026-09-22T20:34:40.371320+00:00,postings.csv,posted_date 0000-00-00 failed try_cast
JP053869,CMP130,unparseable_date,2026-09-22T20:34:40.371353+00:00,postings.csv,posted_date 0000-00-00 failed try_cast
JP053880,CMP248,unparseable_date,2026-09-22T20:34:40.371384+00:00,postings.csv,posted_date 0000-00-00 failed try_cast
