posting_id,company_id,posted_date,skills_raw
JP000000,CMP309,2024-01-01,Azure;Docker;GCP;Scala;Snowflake;dbt
JP000001,CMP110,2024-01-02,SQL;Airflow;Snowflake
JP000002,CMP339,2024-01-03,Hive;Kubernetes;Spark;Snowflake;dbt
JP000003,CMP308,2024-01-04,Kafka;Docker;Snowflake
JP000004,CMP193,2024-01-05,Kafka;Hive;Kubernetes;SQL;Snowflake;dbt
JP000005,CMP377,2024-01-06,SQL;Spark;Snowflake
JP000006,CMP132,2024-01-07,GCP;Airflow;Java;Snowflake;dbt
JP000007,CMP151,2024-01-08,Spark;Java;PowerBI;Snowflake
JP000008,CMP186,2024-01-09, Airflow ; Azure ; Hive ; Snowflake ; dbt 
JP000009,CMP312,2024-01-10,"Java,Airflow,Kafka,AWS,Snowflake"
JP000010,CMP252,2024-01-11,Hive;Terraform;Docker;Snowflake;dbt
JP000011,CMP352,2024-01-12,Java;GCP;Azure;Python;Snowflake
JP000012,CMP399,2024-01-13,GCP;Docker;PowerBI;Snowflake;dbt
JP000013,CMP113,2024-01-14,SQL;GCP;Snowflake
JP000014,CMP044,2024-01-15,GCP;Spark;Tableau;Scala;Snowflake;dbt
JP000015,CMP382,2024-01-16,Docker;Java;Python;Snowflake
JP000016,CMP281,2024-01-17,SQL;Kafka;PowerBI;Docker;Snowflake;dbt
JP000017,CMP368,2024-01-18,Java;Azure;Snowflake
JP000018,CMP084,2024-01-19,Terraform;Azure;Tableau;Python;Snowflake;dbt
JP000019,CMP318,2024-01-20,Python;GCP;Snowflake
JP000020,CMP398,2024-01-21,SQL;Azure;Java;Snowflake;dbt
JP000021,CMP183,2024-01-22,Terraform;Java;Kafka;Airflow;Snowflake
JP000022,CMP177,2024-01-23,SQL;GCP;Snowflake;dbt
JP000023,CMP057,2024-01-24,Azure;Java;Docker;Kubernetes;Snowflake
JP000024,CMP208,2024-01-25,Airflow;Hive;GCP;Snowflake;dbt
JP000025,CMP367,2024-01-26,Spark;Scala;SQL;Snowflake
JP000026,CMP258,2024-01-27, Spark ; PowerBI ; GCP ; Snowflake ; dbt 
JP000027,CMP315,2024-01-28,Python;Spark;Kubernetes;Snowflake
JP000028,CMP230,2024-01-01,Scala;Kafka;Tableau;Kubernetes;Snowflake;dbt
JP000029,CMP055,2024-01-02,Kubernetes;Airflow;Spark;PowerBI;Snowflake
JP000030,CMP135,2024-01-03,SQL;Tableau;Docker;Snowflake;dbt
JP000031,CMP302,2024-01-04,Tableau;PowerBI;Snowflake
JP000032,CMP126,2024-01-05, Hive ; Java ; Kafka ; Snowflake ; dbt 
JP000033,CMP015,2024-01-06,Python;Scala;AWS;Snowflake
JP000034,CMP281,2024-01-07,Scala;PowerBI;Snowflake;dbt
JP000035,CMP066,2024-01-08,Kafka;Scala;Kubernetes;Python;Snowflake
JP000036,CMP395,2024-01-09,AWS;Hive;Snowflake;dbt
JP000037,CMP221,2024-01-10,Scala;PowerBI;Kafka;Snowflake
JP000038,CMP372,2024-01-11,Terraform;Azure;Snowflake;dbt
JP000039,CMP196,2024-01-12,AWS;SQL;Airflow;Snowflake
JP000040,CMP068,2024-01-13,Tableau;Spark;Snowflake;dbt
JP000041,CMP240,2024-01-14,PowerBI;AWS;Spark;Kafka;Snowflake
JP000042,CMP139,2024-01-15,Python;Scala;Spark;Tableau;Snowflake;dbt
JP000043,CMP376,2024-01-16,GCP;Tableau;Airflow;Snowflake
JP000044,CMP042,2024-01-17,Python;Tableau;Airflow;Hive;Snowflake;dbt
JP000045,CMP307,2024-01-18, Spark ; SQL ; Hive ; Scala ; Snowflake 
JP000046,CMP043,2024-01-19,Spark;Docker;Scala;Terraform;Snowflake;dbt
JP000047,CMP078,2024-01-20,Python;Scala;Snowflake
JP000048,CMP039,2024-01-21,Scala;SQL;Airflow;Snowflake;dbt
JP000049,CMP166,2024-01-22,Azure;Docker;Python;Snowflake
JP000050,CMP393,2024-01-23,Hive;SQL;Snowflake;dbt
JP000051,CMP298,2024-01-24,SQL;Docker;Snowflake
JP000052,CMP092,2024-01-25, Tableau ; Terraform ; Snowflake ; dbt 
JP000053,CMP200,2024-01-26,Terraform;Airflow;Spark;Snowflake
JP000054,CMP087,2024-01-27,Hive;Kafka;Docker;AWS;Snowflake;dbt
JP000055,CMP389,2024-01-28,Spark;Docker;Azure;Airflow;Snowflake
JP000056,CMP392,2024-01-01,Azure;AWS;Kubernetes;Python;Snowflake;dbt
JP000057,CMP326,2024-01-02,Hive;Spark;Docker;Tableau;Snowflake
JP000058,CMP022,2024-01-03,Python;Tableau;SQL;Snowflake;dbt
JP000059,CMP223,2024-01-04,Hive;Tableau;Azure;Python;Snowflake
JP000060,CMP025,2024-01-05,Tableau;GCP;Scala;Python;Snowflake;dbt
JP000061,CMP138,2024-01-06,Azure;Kafka;Snowflake
JP000062,CMP265,2024-01-07,Airflow;PowerBI;Tableau;Azure;Snowflake;dbt
JP000063,CMP260,2024-01-08,Scala;Azure;Python;Snowflake
JP000064,CMP293,2024-01-09,Tableau;Scala;Snowflake;dbt
JP000065,CMP275,2024-01-10,Azure;Java;Scala;Snowflake
JP000066,CMP026,2024-01-11,Hive;Scala;Snowflake;dbt
JP000067,CMP221,2024-01-12,Tableau;Kubernetes;Azure;Snowflake
JP000068,CMP000,2024-01-13,GCP;Airflow;Docker;Snowflake;dbt
JP000069,CMP015,2024-01-14,Airflow;Kafka;Snowflake
JP000070,CMP193,2024-01-15,Scala;Kafka;Airflow;AWS;Snowflake;dbt
JP000071,CMP398,2024-01-16,Kubernetes;Scala;Snowflake
JP000072,CMP072,2024-01-17,Kubernetes;GCP;Snowflake;dbt
JP000073,CMP302,2024-01-18,Airflow;Spark;Snowflake
JP000074,CMP217,2024-01-19,SQL;Kubernetes;Tableau;Hive;Snowflake;dbt
JP000075,CMP135,2024-01-20, PowerBI ; GCP ; Kubernetes ; Snowflake 
JP000076,CMP113,2024-01-21,Kubernetes;Spark;Scala;Snowflake;dbt
JP000077,CMP358,2024-01-22,Kafka;Python;SQL;Azure;Snowflake
JP000078,CMP263,2024-01-23,Python;SQL;Scala;Snowflake;dbt
JP000079,CMP192,2024-01-24,Python;AWS;Snowflake
JP000080,CMP376,2024-01-25,Azure;Kubernetes;Airflow;Snowflake;dbt
JP000081,CMP170,2024-01-26,Tableau;GCP;Snowflake
JP000082,CMP383,2024-01-27,GCP;Hive;Snowflake;dbt
JP000083,CMP348,2024-01-28,Airflow;GCP;Kubernetes;Kafka;Snowflake
JP000084,CMP373,2024-01-01,Tableau;Kafka;Snowflake;dbt
JP000085,CMP066,2024-01-02,Hive;AWS;Snowflake
JP000086,CMP037,2024-01-03,Terraform;Spark;Snowflake;dbt
JP000087,CMP003,2024-01-04,Kafka;Spark;Airflow;Snowflake
JP000088,CMP267,2024-01-05,AIRFLOW;KUBERNETES;GCP;TERRAFORM;SNOWFLAKE;DBT
JP000089,CMP152,2024-01-06,Spark;AWS;Terraform;Snowflake
JP000090,CMP132,2024-01-07,Terraform;Docker;Tableau;Snowflake;dbt
JP000091,CMP210,2024-01-08,SQL;Python;Snowflake
JP000092,CMP267,2024-01-09,Kubernetes;AWS;Snowflake;dbt
JP000093,CMP380,2024-01-10,AWS;Azure;Spark;Scala;Snowflake
JP000094,CMP034,2024-01-11,AWS;GCP;Snowflake;dbt
JP000095,CMP254,2024-01-12,GCP;Airflow;Snowflake
JP000096,CMP084,2024-01-13,Python;GCP;Snowflake;dbt
JP000097,CMP390,2024-01-14,Kubernetes;Tableau;Kafka;Snowflake
JP000098,CMP261,2024-01-15,Hive;Azure;Snowflake;dbt
JP000099,CMP105,2024-01-16,Kubernetes;Hive;Snowflake
JP000100,CMP221,2024-01-17,Airflow;Terraform;Azure;Snowflake;dbt
JP000101,CMP196,2024-01-18,PowerBI;AWS;SQL;Snowflake
JP000102,CMP185,2024-01-19,Terraform;Airflow;Kafka;Java;Snowflake;dbt
JP000103,CMP016,2024-01-20,Azure;Hive;Spark;Python;Snowflake
JP000104,CMP159,2024-01-21,Spark;Kafka;Snowflake;dbt
JP000105,CMP036,2024-01-22,Airflow;PowerBI;Kafka;Java;Snowflake
JP000106,CMP172,2024-01-23,Spark;Tableau;Airflow;PowerBI;Snowflake;dbt
JP000107,CMP212,2024-01-24,GCP;Docker;Terraform;Snowflake
JP000108,CMP158,2024-01-25,Terraform;Java;Spark;Snowflake;dbt
JP000109,CMP036,2024-01-26,Java;SQL;Snowflake
JP000110,CMP092,2024-01-27,SQL;Airflow;Terraform;Snowflake;dbt
JP000111,CMP123,2024-01-28,GCP;Airflow;Snowflake
JP000112,CMP117,2024-01-01,Spark;GCP;Docker;Snowflake;dbt
JP000113,CMP321,2024-01-02,"AWS,Hive,Scala,Snowflake"
JP000114,CMP041,2024-01-03,Java;PowerBI;Hive;Snowflake;dbt
JP000115,CMP271,2024-01-04,Spark;Java;Docker;Kafka;Snowflake
JP000116,CMP048,2024-01-05,SQL;Hive;Snowflake;dbt
JP000117,CMP314,2024-01-06,Airflow;SQL;Snowflake
JP000118,CMP260,2024-01-07,Java;SQL;Snowflake;dbt
JP000119,CMP252,2024-01-08,Azure;Hive;Snowflake
JP000120,CMP393,2024-01-09,Hive;Airflow;Python;Tableau;Snowflake;dbt
JP000121,CMP110,2024-01-10,Airflow;PowerBI;Snowflake
JP000122,CMP003,2024-01-11,Scala;Hive;PowerBI;Java;Snowflake;dbt
JP000123,CMP293,2024-01-12,SQL;Azure;PowerBI;Kafka;Snowflake
JP000124,CMP256,2024-01-13,"Kubernetes,Hive,Snowflake,dbt"
JP000125,CMP066,2024-01-14, GCP ; Hive ; Kafka ; Tableau ; Snowflake 
JP000126,CMP274,2024-01-15,Tableau;Hive;Spark;Terraform;Snowflake;dbt
JP000127,CMP362,2024-01-16,Tableau;Azure;Terraform;Docker;Snowflake
JP000128,CMP236,2024-01-17,AWS;GCP;SQL;Terraform;Snowflake;dbt
JP000129,CMP023,2024-01-18,Scala;Kubernetes;Snowflake
JP000130,CMP324,2024-01-19,Terraform;Tableau;Azure;GCP;Snowflake;dbt
JP000131,CMP382,2024-01-20,Terraform;SQL;Snowflake
JP000132,CMP288,2024-01-21,Kubernetes;Azure;Snowflake;dbt
JP000133,CMP158,2024-01-22,Airflow;Tableau;Spark;Hive;Snowflake
JP000134,CMP149,2024-01-23,Java;AWS;Docker;Hive;Snowflake;dbt
JP000135,CMP046,2024-01-24,Tableau;Hive;Python;Snowflake
JP000136,CMP284,2024-01-25,Kubernetes;AWS;Spark;GCP;Snowflake;dbt
JP000137,CMP343,2024-01-26,AWS;Airflow;Terraform;Snowflake
JP000138,CMP390,2024-01-27,Azure;Java;Terraform;Snowflake;dbt
JP000139,CMP036,2024-01-28,Docker;PowerBI;SQL;Snowflake
JP000140,CMP089,2024-01-01,Airflow;SQL;Python;Hive;Snowflake;dbt
JP000141,CMP139,2024-01-02,"AWS,Airflow,Snowflake"
JP000142,CMP324,2024-01-03, AWS ; Python ; SQL ; Azure ; Snowflake ; dbt 
JP000143,CMP107,2024-01-04, Scala ; Python ; Java ; Spark ; Snowflake 
JP000144,CMP249,2024-01-05,GCP;Terraform;Azure;Snowflake;dbt
JP000145,CMP297,2024-01-06,Kafka;Scala;Hive;GCP;Snowflake
JP000146,CMP228,2024-01-07,Scala;Java;Snowflake;dbt
JP000147,CMP005,2024-01-08,Airflow;Tableau;Kubernetes;Snowflake
JP000148,CMP025,2024-01-09,Docker;Spark;Terraform;Python;Snowflake;dbt
JP000149,CMP036,2024-01-10,Spark;Java;AWS;GCP;Snowflake
JP000150,CMP157,2024-01-11,GCP;Java;Docker;Kafka;Snowflake;dbt
JP000151,CMP194,2024-01-12,Hive;Airflow;Kubernetes;Snowflake
JP000152,CMP266,2024-01-13,Tableau;GCP;Kubernetes;Snowflake;dbt
JP000153,CMP364,2024-01-14,Java;Terraform;Snowflake
JP000154,CMP336,2024-01-15,Hive;Terraform;Kubernetes;Python;Snowflake;dbt
JP000155,CMP066,2024-01-16,Scala;Tableau;Snowflake
JP000156,CMP118,2024-01-17,AWS;Kubernetes;Hive;Scala;Snowflake;dbt
JP000157,CMP303,2024-01-18,SQL;Azure;PowerBI;Snowflake
JP000158,CMP175,2024-01-19,Kafka;Azure;Java;Hive;Snowflake;dbt
JP000159,CMP397,2024-01-20,Airflow;Spark;Java;Azure;Snowflake
JP000160,CMP134,2024-01-21,Tableau;Kubernetes;Airflow;Snowflake;dbt
JP000161,CMP007,2024-01-22,GCP;PowerBI;SQL;Snowflake
JP000162,CMP120,2024-01-23,GCP;SQL;Tableau;Terraform;Snowflake;dbt
JP000163,CMP032,2024-01-24,Python;Hive;Spark;Snowflake
JP000164,CMP144,2024-01-25, Kafka ; Kubernetes ; Docker ; GCP ; Snowflake ; dbt 
JP000165,CMP027,2024-01-26,SQL;Python;AWS;Snowflake
JP000166,CMP192,2024-01-27,Java;Azure;PowerBI;Airflow;Snowflake;dbt
JP000167,CMP137,2024-01-28,AWS;Tableau;Spark;Snowflake
JP000168,CMP312,2024-01-01,Scala;Terraform;Spark;Tableau;Snowflake;dbt
JP000169,CMP094,2024-01-02,Java;AWS;Python;Snowflake
JP000170,CMP138,2024-01-03,Kubernetes;Java;Snowflake;dbt
JP000171,CMP004,2024-01-04,GCP;Terraform;Snowflake
JP000172,CMP118,2024-01-05,PowerBI;Kafka;GCP;Snowflake;dbt
JP000173,CMP043,2024-01-06,Scala;Azure;Tableau;Hive;Snowflake
JP000174,CMP353,2024-01-07,Scala;Spark;Java;Snowflake;dbt
JP000175,CMP133,2024-01-08,Hive;Spark;Scala;Docker;Snowflake
JP000176,CMP277,2024-01-09,SQL;Tableau;Snowflake;dbt
JP000177,CMP184,2024-01-10,Terraform;Python;AWS;Snowflake
JP000178,CMP062,2024-01-11,PowerBI;SQL;Terraform;AWS;Snowflake;dbt
JP000179,CMP015,2024-01-12, Airflow ; Docker ; Tableau ; Scala ; Snowflake 
JP000180,CMP349,2024-01-13,Docker;GCP;Kubernetes;Snowflake;dbt
JP000181,CMP030,2024-01-14,GCP;AWS;Snowflake
JP000182,CMP103,2024-01-15,Docker;Java;Snowflake;dbt
JP000183,CMP098,2024-01-16,Hive;AWS;Docker;Azure;Snowflake
JP000184,CMP285,2024-01-17,Airflow;PowerBI;Snowflake;dbt
JP000185,CMP312,2024-01-18,Kubernetes;Spark;Tableau;Snowflake
JP000186,CMP361,2024-01-19,Spark;Terraform;Kafka;GCP;Snowflake;dbt
JP000187,CMP086,2024-01-20,Python;Docker;Hive;Snowflake
JP000188,CMP043,2024-01-21, Docker ; AWS ; GCP ; Python ; Snowflake ; dbt 
JP000189,CMP055,2024-01-22,"AWS,SQL,Snowflake"
JP000190,CMP296,2024-01-23,Airflow;Python;Snowflake;dbt
JP000191,CMP113,2024-01-24,Terraform;Tableau;SQL;Azure;Snowflake
JP000192,CMP275,2024-01-25,Terraform;Kubernetes;Java;Tableau;Snowflake;dbt
JP000193,CMP320,2024-01-26,Terraform;Java;Airflow;GCP;Snowflake
JP000194,CMP292,2024-01-27,Java;Kubernetes;Scala;Terraform;Snowflake;dbt
JP000195,CMP157,2024-01-28,Terraform;Spark;Snowflake
JP000196,CMP267,2024-01-01,Scala;Python;Tableau;Docker;Snowflake;dbt
JP000197,CMP388,2024-01-02,POWERBI;TABLEAU;JAVA;SNOWFLAKE
JP000198,CMP370,2024-01-03,Azure;Kafka;Snowflake;dbt
JP000199,CMP272,2024-01-04,Kafka;GCP;Python;Airflow;Snowflake
JP000200,CMP246,2024-01-05,Tableau;Kubernetes;Snowflake;dbt
JP000201,CMP246,2024-01-06,AWS;Java;Docker;Snowflake
JP000202,CMP167,2024-01-07,GCP;Docker;SQL;Snowflake;dbt
JP000203,CMP340,2024-01-08,Tableau;SQL;Snowflake
JP000204,CMP118,2024-01-09,POWERBI;HIVE;SNOWFLAKE;DBT
JP000205,CMP206,2024-01-10,Docker;Python;Snowflake
JP000206,CMP189,2024-01-11,Docker;GCP;Azure;Snowflake;dbt
JP000207,CMP176,2024-01-12,Kubernetes;GCP;Docker;PowerBI;Snowflake
JP000208,CMP091,2024-01-13,Kubernetes;Scala;AWS;Snowflake;dbt
JP000209,CMP180,2024-01-14,Scala;Spark;Python;Kafka;Snowflake
JP000210,CMP024,2024-01-15,Java;Kafka;Docker;Snowflake;dbt
JP000211,CMP293,2024-01-16,Airflow;Terraform;SQL;Snowflake
JP000212,CMP032,2024-01-17,Docker;Kafka;Hive;Snowflake;dbt
JP000213,CMP263,2024-01-18,Kafka;SQL;Snowflake
JP000214,CMP012,2024-01-19,Python;Hive;Snowflake;dbt
JP000215,CMP040,2024-01-20,Python;Airflow;Azure;Snowflake
JP000216,CMP065,2024-01-21,Airflow;Azure;Terraform;Spark;Snowflake;dbt
JP000217,CMP292,2024-01-22,SQL;Azure;GCP;Spark;Snowflake
JP000218,CMP209,2024-01-23,Hive;AWS;Snowflake;dbt
JP000219,CMP146,2024-01-24,Azure;Python;Snowflake
JP000220,CMP379,2024-01-25,GCP;Scala;Kafka;Snowflake;dbt
JP000221,CMP285,2024-01-26,Azure;Scala;Kubernetes;Kafka;Snowflake
JP000222,CMP052,2024-01-27,Kubernetes;Scala;Hive;Snowflake;dbt
JP000223,CMP101,2024-01-28,TABLEAU;HIVE;GCP;AZURE;SNOWFLAKE
JP000224,CMP048,2024-01-01,TABLEAU;AIRFLOW;JAVA;SNOWFLAKE;DBT
JP000225,CMP384,2024-01-02,Azure;PowerBI;SQL;Snowflake
JP000226,CMP010,2024-01-03,Tableau;Java;Terraform;Snowflake;dbt
JP000227,CMP399,2024-01-04,Tableau;Python;GCP;Snowflake
JP000228,CMP052,2024-01-05,Spark;Tableau;Snowflake;dbt
JP000229,CMP329,2024-01-06,Tableau;AWS;Kubernetes;Java;Snowflake
JP000230,CMP391,2024-01-07,Airflow;Spark;Terraform;Kafka;Snowflake;dbt
JP000231,CMP328,2024-01-08,Python;Airflow;PowerBI;Snowflake
JP000232,CMP116,2024-01-09,KUBERNETES;AWS;SNOWFLAKE;DBT
JP000233,CMP212,2024-01-10,Tableau;AWS;Java;Terraform;Snowflake
JP000234,CMP118,2024-01-11,AWS;SQL;Snowflake;dbt
JP000235,CMP365,2024-01-12,Tableau;Azure;Spark;Java;Snowflake
JP000236,CMP237,2024-01-13,Scala;Docker;Snowflake;dbt
JP000237,CMP352,2024-01-14,SQL;Airflow;Scala;Snowflake
JP000238,CMP225,2024-01-15,SQL;Terraform;Snowflake;dbt
JP000239,CMP277,2024-01-16,Tableau;Azure;Scala;Snowflake
JP000240,CMP258,2024-01-17,Kafka;Hive;Scala;Snowflake;dbt
JP000241,CMP302,2024-01-18,Java;Kubernetes;Snowflake
JP000242,CMP281,2024-01-19,Terraform;Kubernetes;Snowflake;dbt
JP000243,CMP090,2024-01-20,Kafka;Spark;Java;AWS;Snowflake
JP000244,CMP359,2024-01-21,PowerBI;Tableau;Snowflake;dbt
JP000245,CMP127,2024-01-22,Airflow;Java;Snowflake
JP000246,CMP025,2024-01-23,Spark;Java;Kubernetes;Snowflake;dbt
JP000247,CMP046,2024-01-24,Kafka;Tableau;Snowflake
JP000248,CMP227,2024-01-25,Azure;Spark;Scala;Snowflake;dbt
JP000249,CMP025,2024-01-26,Terraform;Tableau;Python;Kafka;Snowflake
JP000250,CMP233,2024-01-27,SQL;GCP;SNOWFLAKE;DBT
JP000251,CMP315,2024-01-28,Terraform;Scala;Java;Snowflake
JP000252,CMP156,2024-01-01,Scala;Hive;Kafka;Snowflake;dbt
JP000253,CMP281,2024-01-02,Terraform;Kubernetes;AWS;Snowflake
JP000254,CMP395,2024-01-03,Kafka;SQL;Snowflake;dbt
JP000255,CMP097,2024-01-04,Scala;Azure;PowerBI;Hive;Snowflake
JP000256,CMP052,2024-01-05,Tableau;SQL;Snowflake;dbt
JP000257,CMP353,2024-01-06,Scala;GCP;PowerBI;Terraform;Snowflake
JP000258,CMP353,2024-01-07,PowerBI;SQL;Scala;Snowflake;dbt
JP000259,CMP096,2024-01-08,Java;GCP;Snowflake
JP000260,CMP232,2024-01-09,Tableau;SQL;Terraform;AWS;Snowflake;dbt
JP000261,CMP183,2024-01-10,Tableau;Hive;SQL;Snowflake
JP000262,CMP366,2024-01-11,Airflow;Java;Snowflake;dbt
JP000263,CMP067,2024-01-12,Airflow;Scala;PowerBI;Hive;Snowflake
JP000264,CMP081,2024-01-13,Docker;Tableau;SQL;Snowflake;dbt
JP000265,CMP071,2024-01-14,Hive;Spark;Java;Snowflake
JP000266,CMP140,2024-01-15,SQL;GCP;Snowflake;dbt
JP000267,CMP263,2024-01-16,Terraform;Kafka;PowerBI;AWS;Snowflake
JP000268,CMP169,2024-01-17,Kubernetes;Tableau;Spark;Python;Snowflake;dbt
JP000269,CMP276,2024-01-18,Scala;Kubernetes;PowerBI;Docker;Snowflake
JP000270,CMP119,2024-01-19,PowerBI;Airflow;GCP;Azure;Snowflake;dbt
JP000271,CMP272,2024-01-20,Azure;GCP;Spark;Snowflake
JP000272,CMP255,2024-01-21,Kafka;Kubernetes;PowerBI;Snowflake;dbt
JP000273,CMP105,2024-01-22,AWS;PowerBI;Airflow;Snowflake
JP000274,CMP067,2024-01-23,Docker;GCP;Snowflake;dbt
JP000275,CMP318,2024-01-24,Airflow;Hive;SQL;Snowflake
JP000276,CMP223,2024-01-25,Terraform;PowerBI;Snowflake;dbt
JP000277,CMP255,2024-01-26,Kafka;Hive;Snowflake
JP000278,CMP050,2024-01-27,Python;PowerBI;AWS;GCP;Snowflake;dbt
JP000279,CMP097,2024-01-28,Spark;Airflow;Docker;Scala;Snowflake
JP000280,CMP041,2024-01-01,Azure;GCP;Snowflake;dbt
JP000281,CMP030,2024-01-02,Docker;Python;Kubernetes;Spark;Snowflake
JP000282,CMP323,2024-01-03,Tableau;Terraform;Scala;Airflow;Snowflake;dbt
JP000283,CMP081,2024-01-04,Docker;Kubernetes;Airflow;Azure;Snowflake
JP000284,CMP302,2024-01-05,PYTHON;AWS;HIVE;SNOWFLAKE;DBT
JP000285,CMP369,2024-01-06,Docker;Kubernetes;Snowflake
JP000286,CMP120,2024-01-07,Terraform;Tableau;Docker;Snowflake;dbt
JP000287,CMP024,2024-01-08,Scala;Python;AWS;Airflow;Snowflake
JP000288,CMP207,2024-01-09,Python;Azure;GCP;Java;Snowflake;dbt
JP000289,CMP390,2024-01-10,Tableau;PowerBI;Azure;Snowflake
JP000290,CMP009,2024-01-11,PowerBI;SQL;Java;Snowflake;dbt
JP000291,CMP310,2024-01-12,Python;Terraform;Tableau;Snowflake
JP000292,CMP267,2024-01-13,"SQL,Python,Snowflake,dbt"
JP000293,CMP186,2024-01-14,Terraform;Docker;Snowflake
JP000294,CMP069,2024-01-15,Hive;Kubernetes;Terraform;Snowflake;dbt
JP000295,CMP058,2024-01-16,Spark;Tableau;Snowflake
JP000296,CMP020,2024-01-17,GCP;Docker;Hive;Snowflake;dbt
JP000297,CMP183,2024-01-18,Hive;Spark;Snowflake
JP000298,CMP101,2024-01-19,AWS;Kafka;PowerBI;Snowflake;dbt
JP000299,CMP255,2024-01-20,Scala;Docker;GCP;Snowflake
JP000300,CMP066,2024-01-21,Java;Azure;Kubernetes;Snowflake;dbt
JP000301,CMP378,2024-01-22,Hive;Kubernetes;Snowflake
JP000302,CMP268,2024-01-23,Airflow;Docker;Kubernetes;Hive;Snowflake;dbt
JP000303,CMP311,2024-01-24,Spark;GCP;Airflow;Snowflake
JP000304,CMP195,2024-01-25, Python ; PowerBI ; Hive ; Snowflake ; dbt 
JP000305,CMP210,2024-01-26,SQL;Java;Snowflake
JP000306,CMP097,2024-01-27,Kafka;Spark;Python;Kubernetes;Snowflake;dbt
JP000307,CMP301,2024-01-28,Spark;GCP;Hive;Snowflake
JP000308,CMP389,2024-01-01,AWS;Scala;Azure;Terraform;Snowflake;dbt
JP000309,CMP068,2024-01-02,"Docker,Scala,Spark,AWS,Snowflake"
JP000310,CMP197,2024-01-03,Hive;Docker;GCP;AWS;Snowflake;dbt
JP000311,CMP165,2024-01-04,Hive;Spark;Snowflake
JP000312,CMP140,2024-01-05,Terraform;Scala;Tableau;Java;Snowflake;dbt
JP000313,CMP235,2024-01-06,Kubernetes;AWS;Snowflake
JP000314,CMP036,2024-01-07,Azure;Spark;Tableau;Snowflake;dbt
JP000315,CMP028,2024-01-08,AWS;Java;Azure;Snowflake
JP000316,CMP171,2024-01-09,SQL;Spark;Docker;Snowflake;dbt
JP000317,CMP199,2024-01-10,AWS;Python;Spark;Snowflake
JP000318,CMP005,2024-01-11,Kafka;Python;AWS;Airflow;Snowflake;dbt
JP000319,CMP122,2024-01-12,Terraform;Scala;Kafka;Docker;Snowflake
JP000320,CMP355,2024-01-13,Spark;Kubernetes;Hive;Docker;Snowflake;dbt
JP000321,CMP013,2024-01-14,AWS;Java;Kafka;Docker;Snowflake
JP000322,CMP211,2024-01-15,Spark;AWS;PowerBI;Snowflake;dbt
JP000323,CMP196,2024-01-16,SQL;GCP;Spark;Snowflake
JP000324,CMP119,2024-01-17,Scala;GCP;Hive;Airflow;Snowflake;dbt
JP000325,CMP234,2024-01-18,AWS;SQL;PYTHON;GCP;SNOWFLAKE
JP000326,CMP009,2024-01-19,Kubernetes;Java;Snowflake;dbt
JP000327,CMP222,2024-01-20,SQL;Airflow;Tableau;Snowflake
JP000328,CMP115,2024-01-21,Tableau;Terraform;Scala;Spark;Snowflake;dbt
JP000329,CMP168,2024-01-22,Docker;Kafka;AWS;Snowflake
JP000330,CMP396,2024-01-23,Airflow;Terraform;AWS;PowerBI;Snowflake;dbt
JP000331,CMP017,2024-01-24,PowerBI;Hive;Snowflake
JP000332,CMP229,2024-01-25,Docker;Python;Tableau;Airflow;Snowflake;dbt
JP000333,CMP194,2024-01-26, Python ; Tableau ; Snowflake 
JP000334,CMP269,2024-01-27,AWS;PowerBI;Hive;GCP;Snowflake;dbt
JP000335,CMP290,2024-01-28,Kubernetes;AWS;Snowflake
JP000336,CMP034,2024-01-01,"Airflow,Java,Tableau,SQL,Snowflake,dbt"
JP000337,CMP357,2024-01-02,Kubernetes;Terraform;Hive;Snowflake
JP000338,CMP390,2024-01-03,KAFKA;PYTHON;SNOWFLAKE;DBT
JP000339,CMP025,2024-01-04,Scala;Hive;SQL;Snowflake
JP000340,CMP315,2024-01-05,Tableau;Docker;Snowflake;dbt
JP000341,CMP233,2024-01-06,Kafka;GCP;SQL;Snowflake
JP000342,CMP338,2024-01-07,GCP;Python;Snowflake;dbt
JP000343,CMP196,2024-01-08,Kubernetes;Python;Java;Snowflake
JP000344,CMP290,2024-01-09,Hive;Scala;Java;Snowflake;dbt
JP000345,CMP115,2024-01-10,Terraform;PowerBI;Kafka;Snowflake
JP000346,CMP399,2024-01-11,Airflow;Scala;Snowflake;dbt
JP000347,CMP381,2024-01-12,AWS;SQL;Azure;GCP;Snowflake
JP000348,CMP283,2024-01-13,Tableau;Scala;SQL;Snowflake;dbt
JP000349,CMP271,2024-01-14,Kubernetes;Kafka;Airflow;Snowflake
JP000350,CMP040,2024-01-15,Spark;Scala;Python;Java;Snowflake;dbt
JP000351,CMP014,2024-01-16,AWS;GCP;Kafka;Snowflake
JP000352,CMP399,2024-01-17,Kafka;SQL;Snowflake;dbt
JP000353,CMP119,2024-01-18,TABLEAU;AWS;SNOWFLAKE
JP000354,CMP155,2024-01-19,Airflow;SQL;Java;Spark;Snowflake;dbt
JP000355,CMP207,2024-01-20,Kubernetes;PowerBI;Tableau;Snowflake
JP000356,CMP128,2024-01-21,Docker;GCP;Terraform;Kubernetes;Snowflake;dbt
JP000357,CMP349,2024-01-22,Scala;Docker;PowerBI;Snowflake
JP000358,CMP258,2024-01-23,Spark;Kubernetes;PowerBI;Snowflake;dbt
JP000359,CMP057,2024-01-24,Tableau;GCP;Airflow;Snowflake
JP000360,CMP314,2024-01-25,Docker;Spark;Hive;Snowflake;dbt
JP000361,CMP230,2024-01-26,Tableau;PowerBI;Snowflake
JP000362,CMP266,2024-01-27,SQL;Spark;Python;Snowflake;dbt
JP000363,CMP160,2024-01-28,PowerBI;SQL;Hive;Snowflake
JP000364,CMP223,2024-01-01,Azure;Java;Snowflake;dbt
JP000365,CMP289,2024-01-02,Terraform;Kubernetes;Java;Azure;Snowflake
JP000366,CMP235,2024-01-03,PowerBI;Hive;Snowflake;dbt
JP000367,CMP396,2024-01-04,PYTHON;DOCKER;SNOWFLAKE
JP000368,CMP330,2024-01-05,Kafka;Azure;Snowflake;dbt
JP000369,CMP057,2024-01-06,Tableau;SQL;Java;Python;Snowflake
JP000370,CMP161,2024-01-07,Terraform;PowerBI;Snowflake;dbt
JP000371,CMP217,2024-01-08,AWS;GCP;Airflow;Docker;Snowflake
JP000372,CMP369,2024-01-09,Spark;AWS;Snowflake;dbt
JP000373,CMP080,2024-01-10,"PowerBI,Docker,Python,Snowflake"
JP000374,CMP230,2024-01-11,Kafka;Spark;Hive;Kubernetes;Snowflake;dbt
JP000375,CMP166,2024-01-12,Kubernetes;Scala;Docker;Airflow;Snowflake
JP000376,CMP392,2024-01-13,Python;Scala;Kubernetes;Snowflake;dbt
JP000377,CMP289,2024-01-14,Spark;Hive;Tableau;Snowflake
JP000378,CMP136,2024-01-15,Hive;Kubernetes;AWS;Terraform;Snowflake;dbt
JP000379,CMP392,2024-01-16,AWS;Azure;Snowflake
JP000380,CMP137,2024-01-17,Scala;Python;GCP;Snowflake;dbt
JP000381,CMP059,2024-01-18,SQL;Tableau;Airflow;PowerBI;Snowflake
JP000382,CMP288,2024-01-19,GCP;SQL;Snowflake;dbt
JP000383,CMP136,2024-01-20,GCP;Hive;Spark;Azure;Snowflake
JP000384,CMP091,2024-01-21,Hive;Spark;Docker;SQL;Snowflake;dbt
JP000385,CMP077,2024-01-22,Spark;PowerBI;Java;Snowflake
JP000386,CMP212,2024-01-23,Tableau;Scala;Spark;Snowflake;dbt
JP000387,CMP337,2024-01-24,AWS;Docker;Snowflake
JP000388,CMP090,2024-01-25,AWS;Python;Spark;Kubernetes;Snowflake;dbt
JP000389,CMP032,2024-01-26,Azure;Scala;GCP;Snowflake
JP000390,CMP368,2024-01-27,Kubernetes;Azure;Java;PowerBI;Snowflake;dbt
JP000391,CMP297,2024-01-28,SQL;AWS;Hive;Snowflake
JP000392,CMP294,2024-01-01,PowerBI;Terraform;Java;SQL;Snowflake;dbt
JP000393,CMP331,2024-01-02,Spark;Docker;Kafka;Snowflake
JP000394,CMP370,2024-01-03,Azure;Kubernetes;Python;Spark;Snowflake;dbt
JP000395,CMP284,2024-01-04,SQL;Terraform;Tableau;Kubernetes;Snowflake
JP000396,CMP207,2024-01-05,SQL;Docker;Scala;Kubernetes;Snowflake;dbt
JP000397,CMP211,2024-01-06,Airflow;Java;Terraform;Azure;Snowflake
JP000398,CMP012,2024-01-07,Spark;Airflow;Snowflake;dbt
JP000399,CMP318,2024-01-08,Kafka;Airflow;Azure;PowerBI;Snowflake
JP000400,CMP003,2024-01-09,Python;Java;Snowflake;dbt
JP000401,CMP244,2024-01-10,GCP;Scala;SQL;Snowflake
JP000402,CMP022,2024-01-11,"Java,Spark,Snowflake,dbt"
JP000403,CMP129,2024-01-12,Python;Kafka;Snowflake
JP000404,CMP237,2024-01-13,Spark;Hive;Snowflake;dbt
JP000405,CMP328,2024-01-14,Scala;Azure;Spark;Snowflake
JP000406,CMP098,2024-01-15,SCALA;HIVE;TABLEAU;SNOWFLAKE;DBT
JP000407,CMP117,2024-01-16,Hive;PowerBI;Airflow;Python;Snowflake
JP000408,CMP338,2024-01-17,PYTHON;TABLEAU;DOCKER;SNOWFLAKE;DBT
JP000409,CMP391,2024-01-18,Hive;Airflow;Snowflake
JP000410,CMP336,2024-01-19, Kafka ; AWS ; Azure ; Spark ; Snowflake ; dbt 
JP000411,CMP086,2024-01-20,Azure;Python;SQL;Kubernetes;Snowflake
JP000412,CMP143,2024-01-21,SQL;Hive;Snowflake;dbt
JP000413,CMP267,2024-01-22,Hive;Kubernetes;Snowflake
JP000414,CMP172,2024-01-23,GCP;Python;Terraform;Snowflake;dbt
JP000415,CMP242,2024-01-24,SCALA;POWERBI;AIRFLOW;SNOWFLAKE
JP000416,CMP386,2024-01-25,Docker;Scala;Airflow;Snowflake;dbt
JP000417,CMP276,2024-01-26,PowerBI;Kubernetes;Docker;Hive;Snowflake
JP000418,CMP108,2024-01-27,Spark;Java;Snowflake;dbt
JP000419,CMP159,2024-01-28,Terraform;AWS;Snowflake
JP000420,CMP005,2024-01-01,Scala;AWS;PowerBI;Snowflake;dbt
JP000421,CMP229,2024-01-02,Tableau;Kubernetes;GCP;Snowflake
JP000422,CMP072,2024-01-03,Airflow;Terraform;Docker;Snowflake;dbt
JP000423,CMP243,2024-01-04,Azure;Java;Spark;Snowflake
JP000424,CMP297,2024-01-05,Docker;Python;Scala;Spark;Snowflake;dbt
JP000425,CMP230,2024-01-06,Airflow;Tableau;Snowflake
JP000426,CMP016,2024-01-07,PowerBI;Spark;Terraform;Snowflake;dbt
JP000427,CMP365,2024-01-08,GCP;Kubernetes;Tableau;Azure;Snowflake
JP000428,CMP344,2024-01-09,Kafka;Kubernetes;Spark;Airflow;Snowflake;dbt
JP000429,CMP260,2024-01-10,Kafka;AWS;Snowflake
JP000430,CMP158,2024-01-11,GCP;Terraform;Snowflake;dbt
JP000431,CMP386,2024-01-12,SQL;PowerBI;Java;Snowflake
JP000432,CMP165,2024-01-13,"Python,PowerBI,Kafka,Snowflake,dbt"
JP000433,CMP381,2024-01-14,"Kubernetes,Python,Azure,AWS,Snowflake"
JP000434,CMP364,2024-01-15,Azure;Kubernetes;Python;AWS;Snowflake;dbt
JP000435,CMP369,2024-01-16,SQL;Docker;Azure;Hive;Snowflake
JP000436,CMP243,2024-01-17,Terraform;AWS;Tableau;Snowflake;dbt
JP000437,CMP396,2024-01-18,Python;Scala;Kubernetes;Snowflake
JP000438,CMP306,2024-01-19,Hive;Scala;Snowflake;dbt
JP000439,CMP039,2024-01-20,Airflow;Scala;Snowflake
JP000440,CMP266,2024-01-21,Hive;Java;Terraform;Azure;Snowflake;dbt
JP000441,CMP382,2024-01-22,KUBERNETES;PYTHON;SNOWFLAKE
JP000442,CMP026,2024-01-23,PowerBI;Python;Java;Snowflake;dbt
JP000443,CMP299,2024-01-24,SQL;Scala;Hive;Snowflake
JP000444,CMP204,2024-01-25,PowerBI;Python;Azure;Snowflake;dbt
JP000445,CMP022,2024-01-26,Kafka;Scala;Kubernetes;GCP;Snowflake
JP000446,CMP106,2024-01-27,Tableau;Docker;GCP;Kafka;Snowflake;dbt
JP000447,CMP296,2024-01-28,Azure;Java;Snowflake
JP000448,CMP166,2024-01-01,Hive;AWS;Snowflake;dbt
JP000449,CMP146,2024-01-02,Docker;GCP;Java;Snowflake
JP000450,CMP137,2024-01-03,Hive;Spark;Scala;Snowflake;dbt
JP000451,CMP217,2024-01-04,Hive;Kafka;AWS;Snowflake
JP000452,CMP359,2024-01-05,Terraform;Docker;Snowflake;dbt
JP000453,CMP105,2024-01-06,Terraform;SQL;Hive;Snowflake
JP000454,CMP277,2024-01-07,Python;Terraform;Docker;Snowflake;dbt
JP000455,CMP337,2024-01-08,PowerBI;Python;Snowflake
JP000456,CMP158,2024-01-09,Hive;SQL;Snowflake;dbt
JP000457,CMP202,2024-01-10,PowerBI;SQL;Spark;Kubernetes;Snowflake
JP000458,CMP238,2024-01-11,Spark;Airflow;Snowflake;dbt
JP000459,CMP219,2024-01-12,GCP;Python;SQL;Scala;Snowflake
JP000460,CMP185,2024-01-13,Airflow;PowerBI;Snowflake;dbt
JP000461,CMP006,2024-01-14,Airflow;Kafka;AWS;Snowflake
JP000462,CMP197,2024-01-15,AWS;Hive;Python;Snowflake;dbt
JP000463,CMP166,2024-01-16,Azure;SQL;Airflow;Snowflake
JP000464,CMP224,2024-01-17,"Terraform,Kubernetes,Python,Spark,Snowflake,dbt"
JP000465,CMP233,2024-01-18,PowerBI;Spark;Scala;Snowflake
JP000466,CMP343,2024-01-19,Azure;Hive;Terraform;Snowflake;dbt
JP000467,CMP053,2024-01-20,Hive;PowerBI;Azure;SQL;Snowflake
JP000468,CMP310,2024-01-21,Kafka;GCP;Spark;Snowflake;dbt
JP000469,CMP385,2024-01-22,KAFKA;PYTHON;JAVA;SNOWFLAKE
JP000470,CMP159,2024-01-23,Tableau;Python;Snowflake;dbt
JP000471,CMP045,2024-01-24,Airflow;Tableau;PowerBI;Snowflake
JP000472,CMP259,2024-01-25,GCP;SPARK;DOCKER;AWS;SNOWFLAKE;DBT
JP000473,CMP257,2024-01-26,AWS;Java;Azure;Snowflake
JP000474,CMP056,2024-01-27,PowerBI;Kubernetes;Snowflake;dbt
JP000475,CMP081,2024-01-28,DOCKER;GCP;SNOWFLAKE
JP000476,CMP104,2024-01-01,Tableau;Kubernetes;Snowflake;dbt
JP000477,CMP287,2024-01-02,Python;Scala;AWS;SQL;Snowflake
JP000478,CMP325,2024-01-03,Terraform;Tableau;Snowflake;dbt
JP000479,CMP342,2024-01-04,AWS;Scala;Snowflake
JP000480,CMP310,2024-01-05,Scala;Terraform;Tableau;GCP;Snowflake;dbt
JP000481,CMP205,2024-01-06,Hive;GCP;PowerBI;Snowflake
JP000482,CMP050,2024-01-07,Scala;Hive;Snowflake;dbt
JP000483,CMP074,2024-01-08,Kubernetes;Java;Spark;Snowflake
JP000484,CMP334,2024-01-09,SQL;Terraform;Snowflake;dbt
JP000485,CMP114,2024-01-10, PowerBI ; Airflow ; Terraform ; Docker ; Snowflake 
JP000486,CMP196,2024-01-11,Terraform;Kafka;PowerBI;Snowflake;dbt
JP000487,CMP286,2024-01-12,Docker;Terraform;Spark;Java;Snowflake
JP000488,CMP022,2024-01-13,TERRAFORM;KUBERNETES;KAFKA;SNOWFLAKE;DBT
JP000489,CMP062,2024-01-14,Scala;Kafka;Airflow;Snowflake
JP000490,CMP334,2024-01-15,Tableau;Docker;Hive;Snowflake;dbt
JP000491,CMP169,2024-01-16,Scala;SQL;Snowflake
JP000492,CMP392,2024-01-17,GCP;Scala;Python;Azure;Snowflake;dbt
JP000493,CMP346,2024-01-18,PowerBI;Java;Azure;Snowflake
JP000494,CMP195,2024-01-19,Tableau;Spark;SQL;Snowflake;dbt
JP000495,CMP388,2024-01-20,Docker;Spark;Azure;Snowflake
JP000496,CMP156,2024-01-21,GCP;SQL;Snowflake;dbt
JP000497,CMP229,2024-01-22,Tableau;Docker;Snowflake
JP000498,CMP193,2024-01-23,Spark;Tableau;Snowflake;dbt
JP000499,CMP030,2024-01-24,PowerBI;GCP;Tableau;Snowflake
JP000500,CMP017,2024-01-25,TABLEAU;JAVA;TERRAFORM;SNOWFLAKE;DBT
JP000501,CMP295,2024-01-26,SQL;GCP;Snowflake
JP000502,CMP261,2024-01-27,Kubernetes;Azure;PowerBI;Snowflake;dbt
JP000503,CMP180,2024-01-28,Java;PowerBI;Snowflake
JP000504,CMP141,2024-01-01,Airflow;Java;Python;Snowflake;dbt
JP000505,CMP071,2024-01-02,Java;Terraform;Snowflake
JP000506,CMP273,2024-01-03,Tableau;AWS;Snowflake;dbt
JP000507,CMP021,2024-01-04,"Tableau,GCP,Snowflake"
JP000508,CMP361,2024-01-05,KAFKA;PYTHON;HIVE;GCP;SNOWFLAKE;DBT
JP000509,CMP312,2024-01-06,GCP;Kafka;Scala;Snowflake
JP000510,CMP395,2024-01-07,Spark;Kubernetes;Azure;PowerBI;Snowflake;dbt
JP000511,CMP280,2024-01-08,Airflow;AWS;Snowflake
JP000512,CMP233,2024-01-09,Kafka;Tableau;Terraform;Snowflake;dbt
JP000513,CMP058,2024-01-10,SQL;Docker;Snowflake
JP000514,CMP051,2024-01-11,AIRFLOW;AZURE;SCALA;SNOWFLAKE;DBT
JP000515,CMP371,2024-01-12,Kubernetes;PowerBI;Docker;Snowflake
JP000516,CMP225,2024-01-13,PYTHON;KUBERNETES;SNOWFLAKE;DBT
JP000517,CMP044,2024-01-14,Kafka;Docker;Java;Kubernetes;Snowflake
JP000518,CMP119,2024-01-15, Kafka ; PowerBI ; Snowflake ; dbt 
JP000519,CMP043,2024-01-16,AIRFLOW;JAVA;SNOWFLAKE
JP000520,CMP211,2024-01-17,AWS;Hive;Kubernetes
JP000521,CMP383,2024-01-18,SQL;Airflow;Kubernetes
JP000522,CMP334,2024-01-19,Azure;Hive
JP000523,CMP104,2024-01-20,Not specified
JP000524,CMP235,0000-00-00,PowerBI;Terraform;Kafka;Azure
JP000525,CMP074,2024-01-22,
JP000526,CMP293,2024-01-23, Azure ; Kafka ; Terraform ; SQL 
JP000527,CMP033,2024-01-24,Terraform;Tableau;AWS
JP000528,CMP057,2024-01-25,Kubernetes;Kafka;Java;Python
JP000529,CMP342,2024-01-26,Kubernetes;AWS
JP000530,CMP038,2024-01-27,Kafka;Python;Java
JP000531,CMP041,2024-01-28,Docker;Hive
JP000532,CMP218,2024-01-01,Scala;Airflow;AWS
JP000533,CMP043,2024-01-02,Spark;GCP;Java
JP000534,CMP254,2024-01-03,Kubernetes;Java
JP000535,CMP310,2024-01-04,Scala;GCP
JP000536,CMP079,0000-00-00,Terraform;SQL;Python;Scala
JP000537,CMP270,2024-01-06,AWS;PowerBI
JP000538,CMP294,2024-01-07,Java;Python
JP000539,CMP259,2024-01-08,Terraform;AWS
JP000540,CMP048,2024-01-09,GCP;Terraform;Scala
JP000541,CMP391,2024-01-10,Hive;Java
JP000542,CMP162,2024-01-11,TERRAFORM;SQL
JP000543,CMP162,2024-01-12,Kafka;Docker;AWS;Python
JP000544,CMP297,2024-01-13,Azure;Kafka
JP000545,CMP263,2024-01-14,Docker;Hive
JP000546,CMP351,2024-01-15,GCP;Hive
JP000547,CMP167,2024-01-16,Scala;Azure;Hive;AWS
JP000548,CMP382,2024-01-17,Hive;Tableau;Scala;Airflow
JP000549,CMP207,2024-01-18,Python;PowerBI;Java;AWS
JP000550,CMP242,2024-01-19,Java;Azure;PowerBI
JP000551,CMP202,2024-01-20,
JP000552,CMP383,2024-01-21, Java ; Scala ; AWS ; Hive 
JP000553,CMP142,2024-01-22,Kubernetes;Tableau;Airflow
JP000554,CMP155,2024-01-23,AWS;Azure;Kubernetes
JP000555,CMP195,2024-01-24,Kafka;Terraform
JP000556,CMP040,2024-01-25,Scala;Python;Kafka
JP000557,CMP049,2024-01-26,Kubernetes;SQL;Scala;PowerBI
JP000558,CMP171,2024-01-27,Docker;SQL;Scala
JP000559,CMP350,2024-01-28,Python;Scala;Kafka
JP000560,CMP191,2024-01-01,Azure;Docker
JP000561,CMP104,2024-01-02,GCP;Azure;AWS
JP000562,CMP348,2024-01-03,Kafka;Hive
JP000563,CMP208,2024-01-04,Airflow;Spark;AWS;Docker
JP000564,CMP211,2024-01-05,Kafka;Python;Kubernetes
JP000565,CMP014,2024-01-06,SQL;Airflow
JP000566,CMP232,2024-01-07,Hive;Java;Docker
JP000567,CMP214,2024-01-08,GCP;Scala;PowerBI
JP000568,CMP299,2024-01-09,GCP;Python;Scala
JP000569,CMP215,2024-01-10,Python;Docker
JP000570,CMP183,2024-01-11,Docker;Kubernetes
JP000571,CMP343,2024-01-12,Kafka;Kubernetes
JP000572,CMP019,2024-01-13,Java;Spark;SQL;Python
JP000573,CMP199,2024-01-14,Not specified
JP000574,CMP145,2024-01-15,Java;Kubernetes;Spark;Python
JP000575,CMP283,2024-01-16,Airflow;Terraform
JP000576,CMP198,2024-01-17,Spark;Terraform;Airflow
JP000577,CMP351,2024-01-18,Spark;SQL
JP000578,CMP366,2024-01-19,GCP;Java;Terraform
JP000579,CMP225,2024-01-20,PowerBI;Kafka;Scala;SQL
JP000580,CMP033,2024-01-21,AWS;SQL;Terraform
JP000581,CMP383,2024-01-22,Hive;Azure;Kubernetes;Kafka
JP000582,CMP174,2024-01-23,Kubernetes;PowerBI
JP000583,CMP373,2024-01-24, SQL ; PowerBI ; Docker ; Airflow 
JP000584,CMP231,2024-01-25,SQL;Spark;Airflow
JP000585,CMP170,2024-01-26,Terraform;Azure
JP000586,CMP014,2024-01-27,Kafka;Airflow;Java
JP000587,CMP164,2024-01-28,Tableau;Kafka;GCP;Hive
JP000588,CMP292,2024-01-01,Hive;GCP
JP000589,CMP134,2024-01-02,SQL;GCP;PowerBI;Spark
JP000590,CMP025,2024-01-03,Tableau;Python;Hive
JP000591,CMP061,2024-01-04,PowerBI;Terraform;Kubernetes
JP000592,CMP121,2024-01-05,Azure;Python;Tableau;Terraform
JP000593,CMP341,2024-01-06,PowerBI;Python;GCP;Airflow
JP000594,CMP110,2024-01-07,Kafka;GCP
JP000595,CMP249,2024-01-08,
JP000596,CMP302,2024-01-09,AWS;Azure
JP000597,CMP219,2024-01-10,Hive;SQL;Kubernetes
JP000598,CMP005,2024-01-11,Azure;Tableau;Kubernetes;Airflow
JP000599,CMP382,2024-01-12,Kubernetes;Airflow
JP000600,CMP362,2024-01-13,Python;Tableau;Scala
JP000601,CMP013,2024-01-14,Spark;Hive
JP000602,CMP305,2024-01-15, Python ; SQL 
JP000603,CMP363,2024-01-16,
JP000604,CMP268,2024-01-17,Scala;Docker;Airflow
JP000605,CMP155,2024-01-18,Spark;Azure;Kubernetes;PowerBI
JP000606,CMP214,2024-01-19,Tableau;PowerBI;Azure;Java
JP000607,CMP086,2024-01-20,Kubernetes;Spark;Hive
JP000608,CMP072,2024-01-21,AWS;Scala
JP000609,CMP268,2024-01-22,Tableau;Terraform
JP000610,CMP253,2024-01-23,Hive;PowerBI;Scala
JP000611,CMP328,2024-01-24,TABLEAU;KUBERNETES;JAVA
JP000612,CMP387,2024-01-25,Airflow;AWS
JP000613,CMP245,2024-01-26,AWS;Spark
JP000614,CMP125,2024-01-27,PowerBI;Hive;Kubernetes
JP000615,CMP217,2024-01-28,Azure;Python
JP000616,CMP047,2024-01-01, Kubernetes ; Azure 
JP000617,CMP037,2024-01-02,Java;Spark;GCP;Kubernetes
JP000618,CMP073,2024-01-03,Airflow;Python;Scala;PowerBI
JP000619,CMP195,2024-01-04,Tableau;Azure
JP000620,CMP397,2024-01-05,Java;Scala;Hive;PowerBI
JP000621,CMP345,2024-01-06,Airflow;Hive
JP000622,CMP173,2024-01-07,Kafka;PowerBI;Terraform;AWS
JP000623,CMP107,2024-01-08,Azure;Kafka;SQL
JP000624,CMP340,2024-01-09,SQL;GCP
JP000625,CMP067,2024-01-10,Kafka;PowerBI;Kubernetes;Airflow
JP000626,CMP174,2024-01-11,Scala;GCP
JP000627,CMP073,2024-01-12,Java;SQL;Kafka;Kubernetes
JP000628,CMP110,2024-01-13,GCP;Spark;Docker;PowerBI
JP000629,CMP232,2024-01-14,AWS;PowerBI;Hive
JP000630,CMP003,2024-01-15,SQL;Scala;Kubernetes
JP000631,CMP256,2024-01-16,Python;PowerBI;Kubernetes;SQL
JP000632,CMP374,2024-01-17,
JP000633,CMP278,2024-01-18,
JP000634,CMP001,2024-01-19,Kafka;Java;Azure
JP000635,CMP251,2024-01-20,Azure;GCP;Hive
JP000636,CMP169,2024-01-21,Terraform;Airflow;Scala;Python
JP000637,CMP141,2024-01-22,Java;Tableau;Python;Docker
JP000638,CMP181,2024-01-23,Docker;Airflow;Hive;SQL
JP000639,CMP095,2024-01-24,SQL;AIRFLOW;KAFKA;AZURE
JP000640,CMP272,2024-01-25,PowerBI;Hive
JP000641,CMP204,2024-01-26,Tableau;PowerBI
JP000642,CMP111,2024-01-27,Kafka;Airflow;GCP;Tableau
JP000643,CMP315,2024-01-28,Airflow;Tableau;Kubernetes;Hive
JP000644,CMP320,2024-01-01,PowerBI;Java
JP000645,CMP220,2024-01-02,PowerBI;Python;Hive
JP000646,CMP009,2024-01-03,Terraform;Airflow;Hive
JP000647,CMP081,2024-01-04,GCP;PowerBI;Airflow
JP000648,CMP326,2024-01-05,
JP000649,CMP044,2024-01-06,PowerBI;Hive;Java;Spark
JP000650,CMP054,2024-01-07,Airflow;PowerBI;Kubernetes;Spark
JP000651,CMP032,2024-01-08,Terraform;SQL;Java;Python
JP000652,CMP115,2024-01-09,GCP;Azure;Java
JP000653,CMP119,2024-01-10, Docker ; SQL 
JP000654,CMP252,2024-01-11,Docker;Scala;Kafka;Terraform
JP000655,CMP397,2024-01-12,Kubernetes;SQL
JP000656,CMP273,2024-01-13,GCP;Azure
JP000657,CMP150,2024-01-14,Kafka;AWS;Docker
JP000658,CMP356,2024-01-15,PYTHON;GCP;SPARK;JAVA
JP000659,CMP378,2024-01-16,Terraform;AWS;Hive
JP000660,CMP291,2024-01-17,AWS;Tableau;Hive;Airflow
JP000661,CMP342,2024-01-18,Airflow;Spark;Terraform;Azure
JP000662,CMP164,2024-01-19,SQL;TABLEAU;KUBERNETES;TERRAFORM
JP000663,CMP100,2024-01-20,GCP;Docker;Airflow
JP000664,CMP020,2024-01-21,Azure;Kubernetes;Kafka
JP000665,CMP017,2024-01-22,PowerBI;Docker
JP000666,CMP278,2024-01-23,Spark;AWS
JP000667,CMP331,2024-01-24, Spark ; Airflow ; AWS ; Kubernetes 
JP000668,CMP007,2024-01-25,Terraform;Tableau
JP000669,CMP053,2024-01-26,Tableau;Scala;Terraform;Kafka
JP000670,CMP278,2024-01-27,Azure;Scala;Kubernetes
JP000671,CMP283,2024-01-28,Scala;Azure;PowerBI
JP000672,CMP343,2024-01-01,Kafka;Tableau;AWS
JP000673,CMP290,0000-00-00,Docker;Kubernetes;Kafka
JP000674,CMP390,2024-01-03,SQL;Airflow
JP000675,CMP124,2024-01-04,AWS;Azure;Terraform
JP000676,CMP077,2024-01-05,Python;Hive;GCP;Airflow
JP000677,CMP270,2024-01-06,AWS;Kafka;Scala
JP000678,CMP044,2024-01-07,Azure;SQL;Hive
JP000679,CMP004,2024-01-08,Azure;Python;Scala
JP000680,CMP337,2024-01-09,"Terraform,Kubernetes,GCP,Scala"
JP000681,CMP297,2024-01-10,Kafka;Tableau;GCP
JP000682,CMP251,2024-01-11,Java;Azure;SQL;Scala
JP000683,CMP058,2024-01-12,Scala;AWS;Azure
JP000684,CMP321,2024-01-13,SQL;Kafka;Docker;Terraform
JP000685,CMP249,2024-01-14,Azure;AWS
JP000686,CMP087,2024-01-15,Tableau;AWS
JP000687,CMP224,2024-01-16,Azure;Scala;Docker
JP000688,CMP121,2024-01-17,Terraform;Hive
JP000689,CMP163,2024-01-18,SQL;Terraform;Tableau
JP000690,CMP297,2024-01-19,Tableau;Airflow;Python;SQL
JP000691,CMP071,2024-01-20,Azure;Scala;Spark
JP000692,CMP214,2024-01-21,Not specified
JP000693,CMP121,2024-01-22, Terraform ; Docker 
JP000694,CMP382,2024-01-23,Airflow;Python;SQL;Scala
JP000695,CMP387,2024-01-24,Docker;Python;Java;PowerBI
JP000696,CMP178,2024-01-25,Java;Hive;AWS;GCP
JP000697,CMP193,2024-01-26,Scala;Kafka;Hive;Terraform
JP000698,CMP129,2024-01-27,Tableau;AWS;Terraform
JP000699,CMP239,2024-01-28,PYTHON;SCALA;AZURE
JP000700,CMP173,2024-01-01,Terraform;GCP;PowerBI
JP000701,CMP338,2024-01-02,Not specified
JP000702,CMP053,2024-01-03,Java;PowerBI;Airflow
JP000703,CMP370,2024-01-04,Kubernetes;Hive;Kafka;Spark
JP000704,CMP307,2024-01-05,Hive;Kubernetes
JP000705,CMP158,2024-01-06,Scala;Java;Kubernetes
JP000706,CMP216,2024-01-07,AZURE;DOCKER;SCALA;JAVA
JP000707,CMP326,2024-01-08,Spark;Airflow;Scala;Terraform
JP000708,CMP211,2024-01-09,SQL;Docker
JP000709,CMP244,2024-01-10,Docker;Airflow
JP000710,CMP012,2024-01-11,PowerBI;Kafka
JP000711,CMP312,2024-01-12, Java ; PowerBI ; SQL ; Scala 
JP000712,CMP117,2024-01-13,Spark;Hive
JP000713,CMP180,2024-01-14,Spark;SQL;Azure;AWS
JP000714,CMP284,2024-01-15,Spark;PowerBI;Azure;Kubernetes
JP000715,CMP202,2024-01-16,SQL;SCALA;AWS
JP000716,CMP315,2024-01-17,Tableau;SQL;Java
JP000717,CMP327,2024-01-18,Kafka;SQL;GCP;Scala
JP000718,CMP328,2024-01-19, Airflow ; Spark 
JP000719,CMP047,2024-01-20,Tableau;Kafka;GCP
JP000720,CMP009,2024-01-21,
JP000721,CMP056,2024-01-22,Terraform;Azure;Scala;Docker
JP000722,CMP164,2024-01-23,Scala;Tableau
JP000723,CMP000,2024-01-24,PowerBI;GCP;Kafka;Kubernetes
JP000724,CMP078,2024-01-25,GCP;Terraform
JP000725,CMP106,2024-01-26,Hive;Azure;Kubernetes
JP000726,CMP340,2024-01-27,Tableau;Java
JP000727,CMP058,2024-01-28,Scala;Hive;Kubernetes
JP000728,CMP103,2024-01-01, Spark ; Azure ; Scala ; Kubernetes 
JP000729,CMP049,2024-01-02,Docker;Kafka;SQL
JP000730,CMP149,2024-01-03,Tableau;Java;Kubernetes
JP000731,CMP152,2024-01-04,"SQL,Terraform,Airflow,Python"
JP000732,CMP069,2024-01-05,Kubernetes;SQL
JP000733,CMP038,2024-01-06,Scala;PowerBI;Java
JP000734,CMP170,2024-01-07,Terraform;Tableau;Scala
JP000735,CMP002,2024-01-08,Scala;Python;Airflow
JP000736,CMP050,2024-01-09,Tableau;Airflow;Docker
JP000737,CMP013,2024-01-10,
JP000738,CMP352,2024-01-11,Python;Kubernetes;Kafka
JP000739,CMP270,2024-01-12,Spark;Hive;PowerBI
JP000740,CMP368,2024-01-13,Docker;AWS;Terraform
JP000741,CMP260,2024-01-14,"PowerBI,Hive,Tableau"
JP000742,CMP076,2024-01-15,"Scala,SQL"
JP000743,CMP128,2024-01-16,TERRAFORM;AWS
JP000744,CMP006,2024-01-17,AWS;Terraform
JP000745,CMP073,0000-00-00,Terraform;Scala;Azure
JP000746,CMP393,2024-01-19,Azure;Spark
JP000747,CMP003,2024-01-20,Azure;Kafka;GCP;AWS
JP000748,CMP172,2024-01-21,Docker;Kubernetes;Kafka
JP000749,CMP015,2024-01-22,Scala;Airflow;Hive
JP000750,CMP178,2024-01-23,Hive;Kubernetes;PowerBI
JP000751,CMP030,2024-01-24,
JP000752,CMP248,2024-01-25,Python;Tableau
JP000753,CMP370,2024-01-26,PowerBI;Hive;Docker;Spark
JP000754,CMP257,2024-01-27,Hive;Tableau
JP000755,CMP289,2024-01-28,AIRFLOW;AWS;TERRAFORM
JP000756,CMP379,2024-01-01,Hive;Java;PowerBI
JP000757,CMP237,2024-01-02,Tableau;Scala
JP000758,CMP015,2024-01-03,Hive;GCP;Airflow;Docker
JP000759,CMP999,2024-01-04,Kafka;Java;Docker
JP000760,CMP300,2024-01-05,Java;Docker
JP000761,CMP124,2024-01-06,AWS;Tableau;Scala;SQL
JP000762,CMP213,0000-00-00,Airflow;PowerBI
JP000763,CMP294,2024-01-08,Java;Docker;Azure
JP000764,CMP238,2024-01-09,Hive;Python
JP000765,CMP282,2024-01-10,
JP000766,CMP209,2024-01-11,Hive;PowerBI
JP000767,CMP324,2024-01-12,Scala;SQL;Docker
JP000768,CMP320,2024-01-13,Azure;Docker;Airflow
JP000769,CMP374,2024-01-14,Hive;Python
JP000770,CMP226,2024-01-15,Tableau;Azure
JP000771,CMP173,2024-01-16, Hive ; Azure 
JP000772,CMP226,2024-01-17,GCP;Airflow;AWS;Terraform
JP000773,CMP268,2024-01-18,"Python,Airflow,GCP,Terraform"
JP000774,CMP308,2024-01-19,Spark;Kafka;Hive;Python
JP000775,CMP114,2024-01-20,Java;PowerBI
JP000776,CMP120,2024-01-21,Java;Scala
JP000777,CMP135,2024-01-22,Kafka;Docker;Kubernetes;Spark
JP000778,CMP366,2024-01-23,AWS;Kafka
JP000779,CMP022,2024-01-24,Terraform;Scala
JP000780,CMP005,2024-01-25,Azure;Docker
JP000781,CMP251,2024-01-26,PowerBI;SQL
JP000782,CMP359,2024-01-27,Spark;Python;Tableau
JP000783,CMP388,2024-01-28,Python;Hive;Tableau;Terraform
JP000784,CMP054,2024-01-01,AWS;Java
JP000785,CMP332,2024-01-02,Docker;Kafka;GCP
JP000786,CMP268,2024-01-03,AWS;Tableau;SQL
JP000787,CMP297,2024-01-04,Kubernetes;Scala
JP000788,CMP044,2024-01-05,Tableau;Java;Docker;SQL
JP000789,CMP150,2024-01-06,Java;Hive;Airflow
JP000790,CMP284,2024-01-07,Scala;GCP
JP000791,CMP999,2024-01-08,Tableau;Hive;Airflow
JP000792,CMP328,2024-01-09,Terraform;Tableau
JP000793,CMP299,2024-01-10,Python;PowerBI;Scala;Java
JP000794,CMP117,2024-01-11,Java;Docker;Tableau
JP000795,CMP165,2024-01-12,GCP;Azure;Hive;Java
JP000796,CMP249,2024-01-13,Java;Hive;Airflow;Scala
JP000797,CMP042,2024-01-14,GCP;Airflow
JP000798,CMP266,2024-01-15,Hive;Kafka;GCP;Scala
JP000799,CMP297,2024-01-16,Spark;Airflow;Hive;PowerBI
JP000800,CMP002,2024-01-17,Azure;Hive;Scala;SQL
JP000801,CMP148,2024-01-18,Kafka;PowerBI;Python;Azure
JP000802,CMP056,2024-01-19,Java;Airflow
JP000803,CMP217,2024-01-20,Kafka;Tableau
JP000804,CMP110,2024-01-21,Spark;PowerBI
JP000805,CMP285,2024-01-22,"Python,Airflow,Azure"
JP000806,CMP001,2024-01-23,Not specified
JP000807,CMP025,2024-01-24,Hive;Kubernetes;SQL
JP000808,CMP266,2024-01-25,Docker;Tableau
JP000809,CMP291,2024-01-26,Python;Airflow;Hive
JP000810,CMP148,2024-01-27, Azure ; Scala ; Spark ; Tableau 
JP000811,CMP280,2024-01-28,PowerBI;SQL;Kubernetes
JP000812,CMP248,2024-01-01,Spark;Kafka
JP000813,CMP122,2024-01-02,Spark;Docker
JP000814,CMP117,2024-01-03,Tableau;SQL;Azure;Kubernetes
JP000815,CMP380,2024-01-04,"Java,AWS"
JP000816,CMP087,2024-01-05,Tableau;Hive;Kubernetes
JP000817,CMP242,2024-01-06,Airflow;GCP
JP000818,CMP224,2024-01-07,Kubernetes;Docker
JP000819,CMP347,2024-01-08,Scala;Java
JP000820,CMP010,2024-01-09,Kafka;Spark;SQL
JP000821,CMP295,2024-01-10,Airflow;GCP;Spark;Azure
JP000822,CMP359,2024-01-11,Kubernetes;SQL;Azure;Tableau
JP000823,CMP031,2024-01-12,Docker;AWS;Java
JP000824,CMP190,0000-00-00,GCP;Java;Hive;AWS
JP000825,CMP188,2024-01-14,Kubernetes;Docker;GCP
JP000826,CMP049,2024-01-15,Tableau;SQL
JP000827,CMP334,2024-01-16,Scala;Tableau;GCP;Kubernetes
JP000828,CMP192,2024-01-17,GCP;SQL;Spark
JP000829,CMP204,2024-01-18,Hive;Docker;Azure
JP000830,CMP345,2024-01-19,Terraform;AWS;Tableau
JP000831,CMP367,2024-01-20,Java;AWS;Scala;Azure
JP000832,CMP999,2024-01-21,AWS;Scala
JP000833,CMP127,2024-01-22,SQL;GCP
JP000834,CMP237,2024-01-23,Hive;Docker
JP000835,CMP042,2024-01-24,Terraform;Docker;AWS;Tableau
JP000836,CMP332,2024-01-25,Kafka;Tableau;Terraform;Kubernetes
JP000837,CMP176,2024-01-26,SQL;PowerBI;Spark
JP000838,CMP308,2024-01-27,AWS;Spark;Tableau
JP000839,CMP115,2024-01-28,Kafka;Spark;Airflow
JP000840,CMP135,2024-01-01,Kafka;Tableau;Airflow;PowerBI
JP000841,CMP184,2024-01-02,Terraform;Azure;Spark;SQL
JP000842,CMP192,2024-01-03,Docker;Airflow
JP000843,CMP018,2024-01-04, GCP ; Scala ; Azure ; SQL 
JP000844,CMP215,2024-01-05,Terraform;Kubernetes;SQL
JP000845,CMP175,2024-01-06,SQL;GCP;Airflow;Spark
JP000846,CMP372,2024-01-07,Not specified
JP000847,CMP371,2024-01-08,Kafka;Airflow;Hive;Tableau
JP000848,CMP088,2024-01-09,Tableau;AWS;Java;Docker
JP000849,CMP218,2024-01-10,Hive;PowerBI
JP000850,CMP389,2024-01-11, Terraform ; PowerBI ; AWS 
JP000851,CMP999,2024-01-12,Spark;Python;Azure
JP000852,CMP259,2024-01-13,Hive;SQL
JP000853,CMP013,2024-01-14,SQL;GCP;Hive
JP000854,CMP183,2024-01-15,Kubernetes;SQL;Python;Tableau
JP000855,CMP283,2024-01-16,GCP;Tableau;AWS;Airflow
JP000856,CMP245,2024-01-17,SQL;AWS;Java;Kubernetes
JP000857,CMP248,2024-01-18,Terraform;SQL;Python;Scala
JP000858,CMP159,2024-01-19,Hive;Docker;SQL;Spark
JP000859,CMP031,2024-01-20,Python;Kubernetes;Terraform;Kafka
JP000860,CMP390,2024-01-21,SPARK;TERRAFORM;POWERBI
JP000861,CMP104,2024-01-22, Airflow ; Scala 
JP000862,CMP119,2024-01-23,
JP000863,CMP047,2024-01-24,Airflow;Tableau;Kubernetes
JP000864,CMP315,2024-01-25,Scala;Python
JP000865,CMP174,2024-01-26,GCP;Scala;Spark;Azure
JP000866,CMP093,2024-01-27, Java ; Azure ; GCP 
JP000867,CMP133,2024-01-28, Azure ; PowerBI 
JP000868,CMP386,2024-01-01,Scala;Java
JP000869,CMP090,2024-01-02,Hive;GCP;Scala
JP000870,CMP141,2024-01-03,Spark;Kubernetes
JP000871,CMP038,2024-01-04,Scala;Terraform;Kafka;SQL
JP000872,CMP157,2024-01-05,AIRFLOW;HIVE;SCALA
JP000873,CMP301,2024-01-06,Terraform;Python
JP000874,CMP268,0000-00-00,Tableau;Java;PowerBI
JP000875,CMP244,2024-01-08,Java;Kubernetes
JP000876,CMP389,2024-01-09,GCP;Scala;Docker
JP000877,CMP074,2024-01-10,GCP;Azure;Kubernetes
JP000878,CMP305,2024-01-11,Terraform;GCP
JP000879,CMP377,2024-01-12,Spark;PowerBI
JP000880,CMP341,2024-01-13,Kafka;Python;Hive
JP000881,CMP007,2024-01-14,Azure;Docker;Terraform;SQL
JP000882,CMP031,2024-01-15,
JP000883,CMP252,2024-01-16,Python;Kafka;Azure
JP000884,CMP240,2024-01-17,"AWS,Airflow,Docker"
JP000885,CMP173,2024-01-18,Airflow;Kafka;Java;Hive
JP000886,CMP246,2024-01-19,Spark;AWS;Tableau;PowerBI
JP000887,CMP203,2024-01-20,Airflow;SQL;Spark;Java
JP000888,CMP240,2024-01-21,Docker;Java
JP000889,CMP052,2024-01-22,GCP;Terraform;Azure
JP000890,CMP181,2024-01-23,Airflow;Azure
JP000891,CMP231,2024-01-24,Kubernetes;Hive
JP000892,CMP130,2024-01-25,GCP;Tableau;Airflow
JP000893,CMP305,2024-01-26,Azure;Java
JP000894,CMP086,2024-01-27,Azure;Kafka;Tableau;Hive
JP000895,CMP331,2024-01-28,KUBERNETES;JAVA;SPARK
JP000896,CMP085,2024-01-01,SQL;PowerBI;Azure
JP000897,CMP207,2024-01-02,Docker;GCP
JP000898,CMP064,2024-01-03,Python;GCP;Spark
JP000899,CMP360,2024-01-04,
JP000900,CMP257,2024-01-05,PowerBI;Docker
JP000901,CMP052,2024-01-06,Java;AWS;Terraform
JP000902,CMP061,2024-01-07,Java;Terraform;Scala;Docker
JP000903,CMP083,2024-01-08,AWS;Spark;Airflow;Tableau
JP000904,CMP075,2024-01-09, Kafka ; Tableau ; Terraform 
JP000905,CMP374,2024-01-10,Tableau;Azure;Terraform
JP000906,CMP289,2024-01-11,Terraform;GCP
JP000907,CMP187,2024-01-12,GCP;Docker
JP000908,CMP029,2024-01-13,Tableau;Python
JP000909,CMP128,2024-01-14,SQL;Kafka;Java
JP000910,CMP365,2024-01-15,Scala;GCP;Azure
JP000911,CMP359,2024-01-16,Airflow;Docker
JP000912,CMP017,2024-01-17,GCP;AWS;Tableau;PowerBI
JP000913,CMP196,2024-01-18,Tableau;SQL
JP000914,CMP020,2024-01-19,Hive;Docker;Tableau;PowerBI
JP000915,CMP069,2024-01-20,GCP;PowerBI;Terraform;Kafka
JP000916,CMP120,2024-01-21,PowerBI;Docker;Tableau
JP000917,CMP211,2024-01-22,
JP000918,CMP222,2024-01-23,
JP000919,CMP160,2024-01-24,PowerBI;Terraform;Airflow
JP000920,CMP399,2024-01-25,Not specified
JP000921,CMP205,2024-01-26,Scala;Spark
JP000922,CMP032,2024-01-27,SQL;Docker
JP000923,CMP140,2024-01-28,Kafka;PowerBI
JP000924,CMP351,2024-01-01,Azure;GCP;SQL
JP000925,CMP093,2024-01-02,PowerBI;SQL;Azure
JP000926,CMP278,2024-01-03,SQL;Kubernetes
JP000927,CMP393,2024-01-04,Not specified
JP000928,CMP195,2024-01-05,Spark;Kafka;Python
JP000929,CMP130,2024-01-06,Scala;Docker;Spark
JP000930,CMP315,2024-01-07,Docker;Kafka;Scala;Terraform
JP000931,CMP050,2024-01-08,AWS;KAFKA
JP000932,CMP257,2024-01-09,
JP000933,CMP395,2024-01-10,Kubernetes;GCP
JP000934,CMP290,2024-01-11,Kubernetes;Spark;Java;Azure
JP000935,CMP218,2024-01-12,Hive;Terraform;Azure
JP000936,CMP376,2024-01-13,Airflow;Kafka;Java;Azure
JP000937,CMP162,2024-01-14,SQL;Scala;Docker
JP000938,CMP323,2024-01-15, Tableau ; Airflow ; Azure 
JP000939,CMP265,2024-01-16,Docker;Spark;PowerBI
JP000940,CMP327,2024-01-17,Hive;Azure;Tableau
JP000941,CMP354,2024-01-18,Hive;Kafka
JP000942,CMP159,2024-01-19,Azure;AWS
JP000943,CMP102,2024-01-20,Tableau;Python;Spark;Java
JP000944,CMP999,2024-01-21,Azure;SQL;Terraform;Airflow
JP000945,CMP167,2024-01-22,AWS;Java;Scala;Spark
JP000946,CMP388,2024-01-23,Kubernetes;Kafka;PowerBI
JP000947,CMP157,2024-01-24,Python;Airflow;Scala;Terraform
JP000948,CMP069,2024-01-25,Kubernetes;Spark;SQL
JP000949,CMP007,2024-01-26,Spark;Java;Python
JP000950,CMP227,2024-01-27,Scala;Docker;Python;Terraform
JP000951,CMP251,2024-01-28,"Java,Airflow,Python,Kafka"
JP000952,CMP160,2024-01-01,Terraform;Kubernetes;Tableau
JP000953,CMP348,2024-01-02,Spark;PowerBI
JP000954,CMP393,2024-01-03,PowerBI;SQL;GCP;Kafka
JP000955,CMP090,2024-01-04,Spark;GCP
JP000956,CMP336,2024-01-05,AWS;Hive;Kafka
JP000957,CMP301,2024-01-06,GCP;SQL
JP000958,CMP298,2024-01-07,Spark;Scala;Azure;GCP
JP000959,CMP301,2024-01-08,Java;AWS;Docker
JP000960,CMP028,2024-01-09,SQL;AWS;Docker;Kafka
JP000961,CMP016,2024-01-10,Scala;Docker
JP000962,CMP152,2024-01-11,Spark;Kafka
JP000963,CMP085,2024-01-12,Docker;Java;Kubernetes
JP000964,CMP135,2024-01-13,GCP;Spark;Terraform
JP000965,CMP091,2024-01-14,AZURE;GCP
JP000966,CMP197,2024-01-15,Kafka;Hive
JP000967,CMP307,2024-01-16,Azure;SQL;Tableau
JP000968,CMP182,2024-01-17,Kafka;Java;Docker;Terraform
JP000969,CMP236,2024-01-18,SQL;Tableau;Hive
JP000970,CMP319,2024-01-19,Spark;Terraform
JP000971,CMP199,2024-01-20,PowerBI;Java;Docker;Terraform
JP000972,CMP255,2024-01-21,Not specified
JP000973,CMP364,2024-01-22,PowerBI;Terraform;Azure;Kubernetes
JP000974,CMP370,2024-01-23,Kafka;PowerBI
JP000975,CMP283,2024-01-24,
JP000976,CMP331,2024-01-25,GCP;AWS
JP000977,CMP189,2024-01-26,Java;SQL
JP000978,CMP097,2024-01-27,Docker;SQL;Terraform
JP000979,CMP042,2024-01-28,Airflow;SQL;AWS;Python
JP000980,CMP039,2024-01-01,Spark;AWS
JP000981,CMP249,2024-01-02,
JP000982,CMP324,2024-01-03,Azure;Docker;Scala
JP000983,CMP371,2024-01-04,Azure;AWS;Scala;Docker
JP000984,CMP027,2024-01-05,Scala;Java
JP000985,CMP158,2024-01-06,Kubernetes;Java;Scala;PowerBI
JP000986,CMP090,2024-01-07,SQL;Spark;AWS
JP000987,CMP151,2024-01-08,Scala;Spark;Python;Terraform
JP000988,CMP238,2024-01-09,GCP;SQL
JP000989,CMP090,2024-01-10,Azure;SQL;Terraform
JP000990,CMP195,2024-01-11,GCP;Azure;Docker;Hive
JP000991,CMP351,2024-01-12,Python;Kubernetes
JP000992,CMP267,2024-01-13,Spark;Docker;Kafka;AWS
JP000993,CMP383,2024-01-14,Docker;Python;SQL
JP000994,CMP127,2024-01-15,Kubernetes;GCP;Azure
JP000995,CMP157,2024-01-16,Terraform;GCP
JP000996,CMP257,2024-01-17,Scala;Airflow;AWS
JP000997,CMP073,2024-01-18,Docker;Python;Terraform;SQL
JP000998,CMP237,2024-01-19,AWS;PowerBI
JP000999,CMP231,2024-01-20,SQL;Tableau
JP001000,CMP295,2024-01-21,Airflow;Terraform;PowerBI;SQL;Databricks
JP001001,CMP157,2024-01-22,AWS;Scala;Hive;Airflow;Databricks
JP001002,CMP001,2024-01-23,Docker;AWS;Azure;Java;Databricks
JP001003,CMP367,2024-01-24,GCP;Kubernetes;Databricks
JP001004,CMP277,2024-01-25,Python;AWS;Scala;Databricks
JP001005,CMP022,2024-01-26,Scala;Spark;PowerBI;GCP;Databricks
JP001006,CMP120,2024-01-27,Java;Kafka;GCP;Databricks
JP001007,CMP175,2024-01-28,SQL;Kubernetes;Java;Hive;Databricks
JP001008,CMP315,2024-01-01, Terraform ; PowerBI ; Spark ; Databricks 
JP001009,CMP025,2024-01-02,Docker;AWS;Databricks
JP001010,CMP264,2024-01-03,Tableau;GCP;Terraform;PowerBI;Databricks
JP001011,CMP388,2024-01-04,PowerBI;Docker;Hive;Databricks
JP001012,CMP392,2024-01-05,Scala;Spark;Databricks
JP001013,CMP215,2024-01-06,AWS;Terraform;Kubernetes;Databricks
JP001014,CMP263,2024-01-07,Airflow;Hive;Python;Azure;Databricks
JP001015,CMP016,2024-01-08,Docker;Java;Kubernetes;Hive;Databricks
JP001016,CMP363,2024-01-09,Azure;Python;Tableau;AWS;Databricks
JP001017,CMP224,2024-01-10,GCP;Terraform;Hive;Databricks
JP001018,CMP086,2024-01-11,PowerBI;Kubernetes;Databricks
JP001019,CMP116,2024-01-12,Kubernetes;AWS;Terraform;Java;Databricks
JP001020,CMP031,2024-01-13,GCP;Docker;Databricks
JP001021,CMP119,2024-01-14,Kafka;Java;Databricks
JP001022,CMP147,2024-01-15,AWS;Kafka;Databricks
JP001023,CMP218,2024-01-16,Azure;Tableau;GCP;Databricks
JP001024,CMP248,2024-01-17, Hive ; PowerBI ; Spark ; Databricks 
JP001025,CMP388,2024-01-18,Tableau;Terraform;AWS;Databricks
JP001026,CMP252,2024-01-19,Hive;SQL;Python;PowerBI;Databricks
JP001027,CMP297,2024-01-20,Azure;Kubernetes;Java;SQL;Databricks
JP001028,CMP314,2024-01-21,Hive;Azure;Docker;Databricks
JP001029,CMP265,2024-01-22,Kafka;Airflow;Databricks
JP001030,CMP218,2024-01-23,Docker;Airflow;GCP;Java;Databricks
JP001031,CMP151,2024-01-24,"Kafka,Docker,PowerBI,Databricks"
JP001032,CMP388,2024-01-25,Terraform;Kafka;Airflow;Hive;Databricks
JP001033,CMP144,2024-01-26,Java;Python;Databricks
JP001034,CMP094,2024-01-27,Tableau;Spark;Python;Terraform;Databricks
JP001035,CMP226,2024-01-28,GCP;AWS;Spark;Databricks
JP001036,CMP320,2024-01-01,PowerBI;Kafka;Databricks
JP001037,CMP089,2024-01-02,SQL;Azure;Databricks
JP001038,CMP212,2024-01-03,GCP;Python;Databricks
JP001039,CMP139,2024-01-04,Airflow;SQL;Kafka;Hive;Databricks
JP001040,CMP166,2024-01-05,Python;Scala;Databricks
JP001041,CMP382,2024-01-06,Scala;GCP;Databricks
JP001042,CMP380,2024-01-07,Tableau;Python;Databricks
JP001043,CMP139,2024-01-08,PowerBI;Java;Databricks
JP001044,CMP008,2024-01-09,SQL;AWS;Databricks
JP001045,CMP156,2024-01-10,Kafka;Kubernetes;Databricks
JP001046,CMP083,2024-01-11,Terraform;Python;GCP;Databricks
JP001047,CMP098,2024-01-12,Scala;Kafka;PowerBI;Databricks
JP001048,CMP333,2024-01-13,Python;Tableau;Databricks
JP001049,CMP123,2024-01-14,Tableau;GCP;SQL;Databricks
JP001050,CMP364,2024-01-15,Airflow;Hive;SQL;Tableau;Databricks
JP001051,CMP126,2024-01-16,PowerBI;Spark;GCP;Databricks
JP001052,CMP014,2024-01-17,AWS;Kubernetes;Kafka;Hive;Databricks
JP001053,CMP332,2024-01-18,SQL;PowerBI;Databricks
JP001054,CMP083,2024-01-19,Terraform;GCP;Hive;AWS;Databricks
JP001055,CMP245,2024-01-20,Python;AWS;Databricks
JP001056,CMP246,2024-01-21,AWS;Azure;Databricks
JP001057,CMP245,2024-01-22,Terraform;PowerBI;AWS;Databricks
JP001058,CMP164,2024-01-23,Tableau;Spark;Databricks
JP001059,CMP088,2024-01-24,SQL;Scala;Databricks
JP001060,CMP069,2024-01-25,Spark;Python;SQL;Databricks
JP001061,CMP263,2024-01-26,Airflow;Terraform;Kafka;Databricks
JP001062,CMP104,2024-01-27,SQL;PowerBI;Airflow;Databricks
JP001063,CMP312,2024-01-28,Airflow;Tableau;Java;PowerBI;Databricks
JP001064,CMP089,2024-01-01,Terraform;Kafka;Databricks
JP001065,CMP369,2024-01-02,Spark;AWS;Scala;Airflow;Databricks
JP001066,CMP095,2024-01-03,Java;Docker;Azure;Databricks
JP001067,CMP102,2024-01-04,Airflow;Azure;Databricks
JP001068,CMP096,2024-01-05,Tableau;Docker;Databricks
JP001069,CMP234,2024-01-06,PowerBI;GCP;Azure;Databricks
JP001070,CMP236,2024-01-07,Docker;Spark;Python;Databricks
JP001071,CMP250,2024-01-08,SQL;Tableau;Databricks
JP001072,CMP262,2024-01-09,Scala;Hive;PowerBI;Kubernetes;Databricks
JP001073,CMP176,2024-01-10,GCP;Terraform;Databricks
JP001074,CMP198,2024-01-11,Python;PowerBI;Databricks
JP001075,CMP202,2024-01-12,Python;Scala;Databricks
JP001076,CMP259,2024-01-13,Python;Hive;Airflow;Databricks
JP001077,CMP206,2024-01-14,Tableau;Spark;Airflow;Databricks
JP001078,CMP389,2024-01-15,PowerBI;Airflow;Databricks
JP001079,CMP233,2024-01-16,Kafka;Terraform;Databricks
JP001080,CMP196,2024-01-17,Azure;AWS;Databricks
JP001081,CMP153,2024-01-18,Spark;AWS;Databricks
JP001082,CMP355,2024-01-19,Terraform;Spark;Databricks
JP001083,CMP370,2024-01-20, Java ; Spark ; SQL ; Terraform ; Databricks 
JP001084,CMP046,2024-01-21,PowerBI;Terraform;Kubernetes;Tableau;Databricks
JP001085,CMP353,2024-01-22,Hive;Airflow;Python;Tableau;Databricks
JP001086,CMP373,2024-01-23,Azure;Tableau;Databricks
JP001087,CMP316,2024-01-24,"Hive,Kubernetes,Terraform,GCP,Databricks"
JP001088,CMP198,2024-01-25,Azure;PowerBI;Scala;Python;Databricks
JP001089,CMP238,2024-01-26,Python;Kafka;Airflow;Databricks
JP001090,CMP115,2024-01-27,Python;Java;Scala;Kubernetes;Databricks
JP001091,CMP226,2024-01-28,Python;Scala;Spark;Databricks
JP001092,CMP003,2024-01-01,SQL;Terraform;Azure;Databricks
JP001093,CMP104,2024-01-02,Kubernetes;Tableau;Databricks
JP001094,CMP323,2024-01-03,Scala;Spark;PowerBI;Databricks
JP001095,CMP237,2024-01-04,AZURE;HIVE;DATABRICKS
JP001096,CMP271,2024-01-05,Azure;Docker;Terraform;Spark;Databricks
JP001097,CMP238,2024-01-06,Scala;Airflow;Databricks
JP001098,CMP219,2024-01-07,Kubernetes;Spark;Azure;SQL;Databricks
JP001099,CMP075,2024-01-08,Azure;Java;Databricks
JP001100,CMP217,2024-01-09,AWS;Hive;Azure;SQL;Databricks
JP001101,CMP006,2024-01-10,Docker;Spark;Databricks
JP001102,CMP242,2024-01-11,SQL;Kubernetes;Databricks
JP001103,CMP164,2024-01-12,Kubernetes;Spark;Scala;Databricks
JP001104,CMP375,2024-01-13,AWS;Kafka;Docker;Terraform;Databricks
JP001105,CMP040,2024-01-14,Kubernetes;Scala;Databricks
JP001106,CMP185,2024-01-15,PowerBI;Hive;Python;Kubernetes;Databricks
JP001107,CMP048,2024-01-16,Tableau;Airflow;Terraform;Databricks
JP001108,CMP020,2024-01-17,Terraform;GCP;Tableau;Scala;Databricks
JP001109,CMP092,2024-01-18,Kubernetes;Terraform;Kafka;Hive;Databricks
JP001110,CMP356,2024-01-19,Java;Kubernetes;Databricks
JP001111,CMP269,2024-01-20,Airflow;Java;Databricks
JP001112,CMP029,2024-01-21,GCP;Docker;Databricks
JP001113,CMP238,2024-01-22,Tableau;Kubernetes;Java;Databricks
JP001114,CMP100,2024-01-23,Python;Hive;Databricks
JP001115,CMP110,2024-01-24,Kafka;Spark;Airflow;Python;Databricks
JP001116,CMP104,2024-01-25, Docker ; SQL ; Databricks 
JP001117,CMP355,2024-01-26,Airflow;Tableau;Terraform;Databricks
JP001118,CMP204,2024-01-27,Airflow;Java;AWS;Databricks
JP001119,CMP053,2024-01-28,Java;Kafka;Databricks
JP001120,CMP347,2024-01-01,PowerBI;SQL;Terraform;Databricks
JP001121,CMP084,2024-01-02,Terraform;Hive;Java;SQL;Databricks
JP001122,CMP186,2024-01-03,Docker;Kafka;Python;Databricks
JP001123,CMP068,2024-01-04,KUBERNETES;AWS;DATABRICKS
JP001124,CMP318,2024-01-05,Java;PowerBI;Databricks
JP001125,CMP134,2024-01-06,Airflow;Docker;SQL;Terraform;Databricks
JP001126,CMP356,2024-01-07,Terraform;Docker;Python;Databricks
JP001127,CMP354,2024-01-08,Hive;Kubernetes;Databricks
JP001128,CMP087,2024-01-09,Azure;AWS;Databricks
JP001129,CMP334,2024-01-10,"GCP,AWS,Databricks"
JP001130,CMP088,2024-01-11,SQL;Scala;Azure;Terraform;Databricks
JP001131,CMP141,2024-01-12,Docker;SQL;Databricks
JP001132,CMP102,2024-01-13,Kubernetes;GCP;Databricks
JP001133,CMP157,2024-01-14,SQL;Airflow;Databricks
JP001134,CMP102,2024-01-15,Spark;Docker;Azure;Airflow;Databricks
JP001135,CMP169,2024-01-16,Tableau;Terraform;Scala;Databricks
JP001136,CMP298,2024-01-17,PowerBI;Terraform;Databricks
JP001137,CMP263,2024-01-18,Kafka;SQL;Tableau;Databricks
JP001138,CMP345,2024-01-19,Java;Azure;GCP;Airflow;Databricks
JP001139,CMP129,2024-01-20,Azure;Terraform;Docker;Databricks
JP001140,CMP248,2024-01-21,Kubernetes;Python;Databricks
JP001141,CMP166,2024-01-22,Scala;Kubernetes;Tableau;SQL;Databricks
JP001142,CMP053,2024-01-23,Java;Scala;Databricks
JP001143,CMP329,2024-01-24,Docker;PowerBI;Databricks
JP001144,CMP147,2024-01-25,Azure;Tableau;Airflow;Databricks
JP001145,CMP137,2024-01-26,Azure;Scala;Python;Spark;Databricks
JP001146,CMP055,2024-01-27,Hive;PowerBI;SQL;Databricks
JP001147,CMP201,2024-01-28,Java;AWS;Kubernetes;Spark;Databricks
JP001148,CMP217,2024-01-01,Java;AWS;Hive;Databricks
JP001149,CMP093,2024-01-02,Hive;Scala;Java;AWS;Databricks
JP001150,CMP234,2024-01-03, Terraform ; Spark ; Databricks 
JP001151,CMP214,2024-01-04,Python;Java;PowerBI;Tableau;Databricks
JP001152,CMP130,2024-01-05,Azure;AWS;Kafka;Airflow;Databricks
JP001153,CMP142,2024-01-06,Azure;Airflow;Tableau;Spark;Databricks
JP001154,CMP352,2024-01-07,Hive;GCP;Databricks
JP001155,CMP054,2024-01-08,GCP;AWS;Azure;Databricks
JP001156,CMP379,2024-01-09,GCP;Hive;Kubernetes;Databricks
JP001157,CMP155,2024-01-10,AWS;GCP;PowerBI;Databricks
JP001158,CMP121,2024-01-11,Docker;Hive;Airflow;Databricks
JP001159,CMP259,2024-01-12,Java;Tableau;Spark;Kubernetes;Databricks
JP001160,CMP245,2024-01-13,Kubernetes;Docker;Kafka;PowerBI;Databricks
JP001161,CMP013,2024-01-14,"Kubernetes,PowerBI,Databricks"
JP001162,CMP201,2024-01-15,AWS;SPARK;DATABRICKS
JP001163,CMP061,2024-01-16,Spark;Kubernetes;SQL;Databricks
JP001164,CMP086,2024-01-17,Python;Spark;Kafka;Tableau;Databricks
JP001165,CMP223,2024-01-18,Azure;Kafka;AWS;Databricks
JP001166,CMP061,2024-01-19,Hive;GCP;SQL;Databricks
JP001167,CMP392,2024-01-20,AWS;Airflow;Scala;Databricks
JP001168,CMP165,2024-01-21,AWS;Airflow;Terraform;Databricks
JP001169,CMP046,2024-01-22,Java;Azure;Airflow;Databricks
JP001170,CMP083,2024-01-23,Azure;Spark;Scala;SQL;Databricks
JP001171,CMP245,2024-01-24,Spark;Kubernetes;Scala;Databricks
JP001172,CMP212,2024-01-25,Airflow;Java;Kafka;Databricks
JP001173,CMP039,2024-01-26,Kubernetes;Hive;AWS;Azure;Databricks
JP001174,CMP085,2024-01-27,PowerBI;Python;Hive;Databricks
JP001175,CMP064,2024-01-28,Hive;Terraform;PowerBI;Java;Databricks
JP001176,CMP218,2024-01-01,AZURE;JAVA;SCALA;AWS;DATABRICKS
JP001177,CMP293,2024-01-02,Java;Docker;GCP;PowerBI;Databricks
JP001178,CMP193,2024-01-03,"Python,Java,PowerBI,Kafka,Databricks"
JP001179,CMP343,2024-01-04,Spark;Scala;Kubernetes;Kafka;Databricks
JP001180,CMP089,2024-01-05,Scala;Hive;Kubernetes;Databricks
JP001181,CMP011,2024-01-06,Tableau;PowerBI;Airflow;Databricks
JP001182,CMP182,2024-01-07,Kubernetes;PowerBI;Databricks
JP001183,CMP302,2024-01-08,Python;Airflow;Databricks
JP001184,CMP235,2024-01-09,Java;Kafka;Databricks
JP001185,CMP136,2024-01-10,Azure;SQL;Scala;Databricks
JP001186,CMP374,2024-01-11,Scala;Hive;Python;Kafka;Databricks
JP001187,CMP099,2024-01-12,Tableau;AWS;PowerBI;Databricks
JP001188,CMP315,2024-01-13,Scala;GCP;Hive;Airflow;Databricks
JP001189,CMP382,2024-01-14,GCP;Java;Spark;Databricks
JP001190,CMP305,2024-01-15, Python ; Scala ; Databricks 
JP001191,CMP013,2024-01-16,Kafka;GCP;AWS;Spark;Databricks
JP001192,CMP277,2024-01-17,SQL;Hive;Kafka;Spark;Databricks
JP001193,CMP299,2024-01-18,Java;Docker;PowerBI;Scala;Databricks
JP001194,CMP054,2024-01-19,GCP;Airflow;Databricks
JP001195,CMP144,2024-01-20,PowerBI;Docker;GCP;Databricks
JP001196,CMP175,2024-01-21,Spark;AWS;Kafka;Databricks
JP001197,CMP070,2024-01-22,AWS;Azure;Databricks
JP001198,CMP123,2024-01-23,Kubernetes;SQL;Databricks
JP001199,CMP256,2024-01-24, GCP ; Tableau ; Docker ; Databricks 
JP001200,CMP141,2024-01-25,Spark;GCP;Docker;Databricks
JP001201,CMP343,2024-01-26,AWS;Python;Databricks
JP001202,CMP133,2024-01-27,Scala;Kafka;Java;Docker;Databricks
JP001203,CMP314,2024-01-28,Airflow;AWS;Kafka;Tableau;Databricks
JP001204,CMP249,2024-01-01,Kafka;AWS;Tableau;Spark;Databricks
JP001205,CMP136,2024-01-02,Azure;Spark;Databricks
JP001206,CMP069,2024-01-03,Azure;Python;Databricks
JP001207,CMP147,2024-01-04,Java;Scala;Databricks
JP001208,CMP310,2024-01-05,SQL;PowerBI;Databricks
JP001209,CMP096,2024-01-06,Azure;Spark;Kubernetes;Databricks
JP001210,CMP305,2024-01-07,AWS;SQL;Databricks
JP001211,CMP398,2024-01-08,Kafka;Scala;AWS;Databricks
JP001212,CMP270,2024-01-09,Python;Azure;Databricks
JP001213,CMP183,2024-01-10,Kafka;Hive;Databricks
JP001214,CMP293,2024-01-11,Spark;Azure;Databricks
JP001215,CMP302,2024-01-12,PowerBI;Terraform;Databricks
JP001216,CMP273,2024-01-13,"AWS,Kafka,Databricks"
JP001217,CMP048,2024-01-14,Scala;Python;SQL;Databricks
JP001218,CMP031,2024-01-15,Scala;Docker;Databricks
JP001219,CMP369,2024-01-16,Scala;Terraform;Databricks
JP001220,CMP051,2024-01-17,Kubernetes;Python;Azure;Databricks
JP001221,CMP284,2024-01-18,GCP;AWS;Hive;Tableau;Databricks
JP001222,CMP388,2024-01-19,AWS;Java;SQL;Databricks
JP001223,CMP090,2024-01-20,Python;SQL;Databricks
JP001224,CMP395,2024-01-21,Kubernetes;Airflow;GCP;Databricks
JP001225,CMP230,2024-01-22,Python;Terraform;Databricks
JP001226,CMP020,2024-01-23,SQL;Terraform;Docker;GCP;Databricks
JP001227,CMP206,2024-01-24,AWS;Spark;Databricks
JP001228,CMP318,2024-01-25,Docker;Kafka;Hive;Databricks
JP001229,CMP300,2024-01-26,Java;SQL;Scala;PowerBI;Databricks
JP001230,CMP218,2024-01-27,Python;Hive;Databricks
JP001231,CMP212,2024-01-28,AWS;Spark;Scala;Databricks
JP001232,CMP105,2024-01-01,Airflow;Spark;Databricks
JP001233,CMP214,2024-01-02,Scala;Kubernetes;Databricks
JP001234,CMP219,2024-01-03,Docker;Spark;Terraform;Databricks
JP001235,CMP397,2024-01-04, Azure ; Kubernetes ; SQL ; Databricks 
JP001236,CMP374,2024-01-05,Azure;Tableau;Databricks
JP001237,CMP037,2024-01-06,Terraform;GCP;PowerBI;Hive;Databricks
JP001238,CMP112,2024-01-07,Kubernetes;Python;Azure;Databricks
JP001239,CMP219,2024-01-08,Airflow;Kubernetes;Tableau;Kafka;Databricks
JP001240,CMP109,2024-01-09,Terraform;Kafka;Docker;PowerBI;Databricks
JP001241,CMP356,2024-01-10,SQL;Scala;GCP;Databricks
JP001242,CMP347,2024-01-11, SQL ; Hive ; Spark ; Terraform ; Databricks 
JP001243,CMP185,2024-01-12,PowerBI;Docker;Databricks
JP001244,CMP242,2024-01-13,Docker;PowerBI;Kubernetes;Spark;Databricks
JP001245,CMP040,2024-01-14,Hive;Spark;Databricks
JP001246,CMP168,2024-01-15,Kafka;PowerBI;Databricks
JP001247,CMP161,2024-01-16,AWS;Azure;GCP;Databricks
JP001248,CMP202,2024-01-17,Azure;Scala;Docker;GCP;Databricks
JP001249,CMP374,2024-01-18,Tableau;Spark;Databricks
JP001250,CMP367,2024-01-19,GCP;Kafka;Azure;Databricks
JP001251,CMP160,2024-01-20,Docker;SQL;Spark;Python;Databricks
JP001252,CMP227,2024-01-21,Terraform;Scala;Databricks
JP001253,CMP285,2024-01-22,Java;Hive;Databricks
JP001254,CMP004,2024-01-23,PowerBI;Java;AWS;Spark;Databricks
JP001255,CMP351,2024-01-24,Terraform;Kubernetes;Python;Tableau;Databricks
JP001256,CMP358,2024-01-25,Kubernetes;GCP;Databricks
JP001257,CMP271,2024-01-26,Docker;Airflow;Tableau;Spark;Databricks
JP001258,CMP394,2024-01-27,Hive;Java;Python;GCP;Databricks
JP001259,CMP201,2024-01-28,Docker;PowerBI;Scala;Databricks
JP001260,CMP173,2024-01-01,AWS;Python;Databricks
JP001261,CMP046,2024-01-02,Java;Airflow;Python;GCP;Databricks
JP001262,CMP059,2024-01-03,HIVE;POWERBI;DATABRICKS
JP001263,CMP223,2024-01-04,Python;SQL;Hive;Tableau;Databricks
JP001264,CMP217,2024-01-05,Kubernetes;Spark;Python;Databricks
JP001265,CMP061,2024-01-06,Scala;Docker;AWS;Airflow;Databricks
JP001266,CMP045,2024-01-07,Hive;PowerBI;Java;Databricks
JP001267,CMP371,2024-01-08,Hive;AWS;PowerBI;Databricks
JP001268,CMP380,2024-01-09,Airflow;Terraform;Hive;Spark;Databricks
JP001269,CMP057,2024-01-10,Scala;Docker;GCP;Python;Databricks
JP001270,CMP070,2024-01-11,Azure;Tableau;Databricks
JP001271,CMP080,2024-01-12,PowerBI;Tableau;Databricks
JP001272,CMP375,2024-01-13,Python;Docker;Java;Databricks
JP001273,CMP164,2024-01-14,Hive;Tableau;Databricks
JP001274,CMP395,2024-01-15,PowerBI;Hive;Scala;Databricks
JP001275,CMP183,2024-01-16,Azure;Tableau;PowerBI;Databricks
JP001276,CMP069,2024-01-17,AWS;Python;Azure;Tableau;Databricks
JP001277,CMP206,2024-01-18,Azure;Terraform;Databricks
JP001278,CMP198,2024-01-19,Tableau;Scala;Databricks
JP001279,CMP138,2024-01-20,SQL;PowerBI;Databricks
JP001280,CMP354,2024-01-21,AWS;Python;Java;Databricks
JP001281,CMP026,2024-01-22,Docker;Kubernetes;Airflow;Databricks
JP001282,CMP239,2024-01-23,Python;Java;Terraform;Databricks
JP001283,CMP150,2024-01-24,Azure;Airflow;Databricks
JP001284,CMP398,2024-01-25,Docker;Scala;Airflow;Terraform;Databricks
JP001285,CMP229,2024-01-26,AWS;Kafka;Databricks
JP001286,CMP067,2024-01-27,Airflow;Tableau;Azure;Databricks
JP001287,CMP160,2024-01-28,Azure;Kubernetes;Tableau;Terraform;Databricks
JP001288,CMP340,2024-01-01,Kafka;Java;Docker;AWS;Databricks
JP001289,CMP148,2024-01-02,Scala;Azure;PowerBI;Databricks
JP001290,CMP325,2024-01-03,Airflow;AWS;Docker;Spark;Databricks
JP001291,CMP265,2024-01-04,AZURE;GCP;SPARK;AIRFLOW;DATABRICKS
JP001292,CMP230,2024-01-05,Hive;Airflow;Python;Databricks
JP001293,CMP205,2024-01-06,Python;Docker;GCP;Databricks
JP001294,CMP039,2024-01-07,Tableau;Python;Databricks
JP001295,CMP116,2024-01-08,Spark;AWS;Hive;Databricks
JP001296,CMP074,2024-01-09,Kafka;Hive;Python;Databricks
JP001297,CMP149,2024-01-10,Spark;Python;Airflow;Hive;Databricks
JP001298,CMP373,2024-01-11,GCP;SQL;Kubernetes;Hive;Databricks
JP001299,CMP065,2024-01-12,Scala;GCP;Databricks
JP001300,CMP168,2024-01-13,Hive;GCP;Docker;Databricks
JP001301,CMP053,2024-01-14,Kubernetes;Java;Databricks
JP001302,CMP154,2024-01-15,Python;PowerBI;Databricks
JP001303,CMP239,2024-01-16,Hive;Python;AWS;Tableau;Databricks
JP001304,CMP003,2024-01-17,Docker;Java;Scala;AWS;Databricks
JP001305,CMP280,2024-01-18,AWS;Kafka;Databricks
JP001306,CMP172,2024-01-19,Scala;Java;Databricks
JP001307,CMP006,2024-01-20,SQL;Airflow;Databricks
JP001308,CMP112,2024-01-21,Airflow;GCP;Azure;Java;Databricks
JP001309,CMP374,2024-01-22,Azure;SQL;Docker;Hive;Databricks
JP001310,CMP116,2024-01-23,Airflow;Kafka;AWS;Python;Databricks
JP001311,CMP002,2024-01-24,Scala;SQL;Tableau;Hive;Databricks
JP001312,CMP138,2024-01-25,Docker;Airflow;PowerBI;Databricks
JP001313,CMP016,2024-01-26,SQL;Azure;Databricks
JP001314,CMP014,2024-01-27, GCP ; SQL ; Java ; Databricks 
JP001315,CMP279,2024-01-28,Azure;Tableau;Databricks
JP001316,CMP292,2024-01-01,GCP;Python;Tableau;Databricks
JP001317,CMP067,2024-01-02,Tableau;Kubernetes;Airflow;Databricks
JP001318,CMP328,2024-01-03,Docker;GCP;Terraform;Airflow;Databricks
JP001319,CMP214,2024-01-04,Kubernetes;SQL;Databricks
JP001320,CMP203,2024-01-05,Spark;Hive;Scala;SQL;Databricks
JP001321,CMP037,2024-01-06,Spark;Python;Azure;Kubernetes;Databricks
JP001322,CMP229,2024-01-07,Airflow;AWS;Docker;Java;Databricks
JP001323,CMP050,2024-01-08,Azure;Scala;Docker;Databricks
JP001324,CMP281,2024-01-09,Hive;Azure;Databricks
JP001325,CMP017,2024-01-10,Spark;SQL;Azure;AWS;Databricks
JP001326,CMP099,2024-01-11,Java;Hive;Databricks
JP001327,CMP058,2024-01-12,POWERBI;KUBERNETES;AWS;DATABRICKS
JP001328,CMP159,2024-01-13,Spark;Kafka;Tableau;Azure;Databricks
JP001329,CMP213,2024-01-14,Python;Kubernetes;Databricks
JP001330,CMP204,2024-01-15,Kafka;Airflow;Databricks
JP001331,CMP364,2024-01-16,Docker;Airflow;Java;Databricks
JP001332,CMP117,2024-01-17,Kubernetes;Tableau;Databricks
JP001333,CMP130,2024-01-18,Kafka;PowerBI;Databricks
JP001334,CMP149,2024-01-19,Airflow;Kafka;GCP;Kubernetes;Databricks
JP001335,CMP086,2024-01-20,Spark;Airflow;Python;Databricks
JP001336,CMP298,2024-01-21,Kubernetes;GCP;Hive;Databricks
JP001337,CMP007,2024-01-22,Azure;Tableau;Kafka;Scala;Databricks
JP001338,CMP115,2024-01-23,Tableau;Airflow;Terraform;Docker;Databricks
JP001339,CMP345,2024-01-24,PowerBI;Terraform;Kubernetes;Airflow;Databricks
JP001340,CMP117,2024-01-25,Python;Kubernetes;Databricks
JP001341,CMP049,2024-01-26,AWS;Scala;GCP;Databricks
JP001342,CMP203,2024-01-27,Scala;Python;Hive;Kafka;Databricks
JP001343,CMP289,2024-01-28,GCP;Scala;Databricks
JP001344,CMP286,2024-01-01,SCALA;KAFKA;SQL;AIRFLOW;DATABRICKS
JP001345,CMP091,2024-01-02,Airflow;Kubernetes;Kafka;Databricks
JP001346,CMP003,2024-01-03,Docker;SQL;Kafka;GCP;Databricks
JP001347,CMP285,2024-01-04,AWS;Docker;Terraform;Databricks
JP001348,CMP149,2024-01-05,Java;Kafka;Databricks
JP001349,CMP249,2024-01-06,PowerBI;Scala;SQL;Databricks
JP001350,CMP029,2024-01-07,Tableau;Kubernetes;Java;Databricks
JP001351,CMP179,2024-01-08,TERRAFORM;DOCKER;HIVE;DATABRICKS
JP001352,CMP142,2024-01-09,SQL;Azure;Databricks
JP001353,CMP295,2024-01-10,DOCKER;SQL;DATABRICKS
JP001354,CMP301,2024-01-11,Java;AWS;Hive;Spark;Databricks
JP001355,CMP161,2024-01-12,Scala;Kubernetes;Databricks
JP001356,CMP062,2024-01-13,Scala;AWS;Databricks
JP001357,CMP374,2024-01-14,Tableau;PowerBI;Databricks
JP001358,CMP193,2024-01-15,Azure;Scala;Databricks
JP001359,CMP152,2024-01-16,SQL;Azure;Docker;Databricks
JP001360,CMP206,2024-01-17,AWS;Terraform;PowerBI;Java;Databricks
JP001361,CMP185,2024-01-18,Tableau;Airflow;Hive;Databricks
JP001362,CMP082,2024-01-19,PowerBI;Tableau;Scala;Databricks
JP001363,CMP343,2024-01-20,"Docker,Terraform,Java,Azure,Databricks"
JP001364,CMP234,2024-01-21,Docker;AWS;Tableau;Terraform;Databricks
JP001365,CMP311,2024-01-22,Hive;Java;Kubernetes;Tableau;Databricks
JP001366,CMP216,2024-01-23,Java;Kubernetes;Spark;Hive;Databricks
JP001367,CMP349,2024-01-24,GCP;PowerBI;Databricks
JP001368,CMP215,2024-01-25,GCP;Tableau;AWS;Databricks
JP001369,CMP128,2024-01-26,Hive;Java;SQL;GCP;Databricks
JP001370,CMP079,2024-01-27,Kafka;Tableau;AWS;Databricks
JP001371,CMP024,2024-01-28,SQL;Kubernetes;Kafka;Databricks
JP001372,CMP035,2024-01-01,Spark;SQL;Terraform;PowerBI;Databricks
JP001373,CMP176,2024-01-02,Kubernetes;Java;Databricks
JP001374,CMP091,2024-01-03,SQL;Azure;Tableau;Databricks
JP001375,CMP196,2024-01-04, SQL ; PowerBI ; Tableau ; Kafka ; Databricks 
JP001376,CMP349,2024-01-05,AWS;Docker;Databricks
JP001377,CMP071,2024-01-06,Python;Kafka;Databricks
JP001378,CMP185,2024-01-07,Docker;Java;Databricks
JP001379,CMP291,2024-01-08,Azure;Terraform;GCP;AWS;Databricks
JP001380,CMP230,2024-01-09,Docker;AWS;Databricks
JP001381,CMP186,2024-01-10,Kubernetes;Hive;Kafka;Databricks
JP001382,CMP100,2024-01-11,Kubernetes;Scala;Hive;Databricks
JP001383,CMP340,2024-01-12,Tableau;Docker;Databricks
JP001384,CMP248,2024-01-13,Kubernetes;Terraform;Hive;Python;Databricks
JP001385,CMP360,2024-01-14,Airflow;SQL;Kubernetes;Databricks
JP001386,CMP303,2024-01-15,SQL;Python;Spark;Azure;Databricks
JP001387,CMP216,2024-01-16,PowerBI;Spark;Java;Databricks
JP001388,CMP395,2024-01-17,Python;Spark;AWS;Databricks
JP001389,CMP118,2024-01-18,Java;Kafka;Hive;Databricks
JP001390,CMP061,2024-01-19,Docker;Kafka;Scala;Databricks
JP001391,CMP174,2024-01-20,GCP;Kubernetes;Databricks
JP001392,CMP313,2024-01-21,Tableau;Hive;Kubernetes;Databricks
JP001393,CMP180,2024-01-22,Kafka;GCP;Python;Databricks
JP001394,CMP206,2024-01-23,Terraform;GCP;Spark;Databricks
JP001395,CMP091,2024-01-24,Kubernetes;Python;Airflow;Databricks
JP001396,CMP224,2024-01-25,GCP;AWS;Tableau;SQL;Databricks
JP001397,CMP200,2024-01-26,SQL;AWS;Databricks
JP001398,CMP243,2024-01-27,Hive;Tableau;GCP;Databricks
JP001399,CMP140,2024-01-28,Python;PowerBI;Spark;Java;Databricks
JP001400,CMP001,2024-01-01,Kafka;Azure;AWS;GCP
JP001401,CMP117,2024-01-02,Kafka;Azure;Scala;Python
JP001402,CMP145,2024-01-03,Azure;PowerBI;Scala;Java
JP001403,CMP348,2024-01-04,GCP;Kafka
JP001404,CMP345,2024-01-05,Scala;Kafka
JP001405,CMP043,2024-01-06,Kubernetes;GCP;Azure
JP001406,CMP371,2024-01-07,Java;GCP;Scala
JP001407,CMP096,2024-01-08,Hive;Scala
JP001408,CMP153,2024-01-09,AWS;Tableau
JP001409,CMP238,2024-01-10,Spark;Scala;Azure;Python
JP001410,CMP353,2024-01-11,Azure;Scala
JP001411,CMP176,2024-01-12,Airflow;Kubernetes;Kafka;PowerBI
JP001412,CMP398,2024-01-13,Airflow;Terraform;Spark;Azure
JP001413,CMP999,2024-01-14,Terraform;Tableau;Spark
JP001414,CMP121,2024-01-15, Azure ; Docker ; Tableau 
JP001415,CMP359,2024-01-16,Hive;AWS;Docker;Spark
JP001416,CMP378,2024-01-17,Hive;PowerBI;Python
JP001417,CMP061,2024-01-18,GCP;SQL;Hive
JP001418,CMP237,2024-01-19,Azure;Kafka
JP001419,CMP000,2024-01-20,SQL;AWS;Scala;Hive
JP001420,CMP082,2024-01-21,Docker;Hive;PowerBI;Scala
JP001421,CMP042,2024-01-22,Tableau;Spark
JP001422,CMP999,2024-01-23,Azure;SQL;Kafka
JP001423,CMP080,2024-01-24,AWS;Airflow;GCP
JP001424,CMP253,2024-01-25,Kubernetes;Hive;Docker;Terraform
JP001425,CMP092,2024-01-26,Spark;Java
JP001426,CMP357,2024-01-27,Kubernetes;Kafka;Java;PowerBI
JP001427,CMP999,2024-01-28,GCP;Tableau;Airflow;Terraform
JP001428,CMP290,2024-01-01,Kafka;GCP;Terraform;Hive
JP001429,CMP387,2024-01-02,AWS;Airflow;Python;Azure
JP001430,CMP096,2024-01-03,Kubernetes;Tableau
JP001431,CMP396,2024-01-04,
JP001432,CMP027,2024-01-05,SQL;Terraform
JP001433,CMP231,2024-01-06, Airflow ; Hive ; Azure ; Terraform 
JP001434,CMP097,2024-01-07,SQL;Azure
JP001435,CMP119,2024-01-08,Docker;Spark
JP001436,CMP341,2024-01-09,Terraform;Python;SQL
JP001437,CMP220,2024-01-10,Kubernetes;GCP;Scala;Terraform
JP001438,CMP999,2024-01-11,"Spark,Python"
JP001439,CMP331,2024-01-12,AWS;Terraform;Docker
JP001440,CMP011,2024-01-13,Scala;Java;Terraform;Docker
JP001441,CMP045,2024-01-14,Airflow;Java
JP001442,CMP321,2024-01-15,Tableau;Docker
JP001443,CMP307,2024-01-16,Hive;Docker
JP001444,CMP164,2024-01-17,Python;Spark;AWS
JP001445,CMP189,2024-01-18,Docker;PowerBI;Python;Airflow
JP001446,CMP271,2024-01-19,GCP;Kafka
JP001447,CMP355,2024-01-20,
JP001448,CMP999,2024-01-21,"Hive,SQL"
JP001449,CMP113,2024-01-22,Azure;Hive
JP001450,CMP225,2024-01-23,Docker;GCP;Tableau;Terraform
JP001451,CMP214,2024-01-24,Not specified
JP001452,CMP122,2024-01-25,GCP;Kubernetes;Scala
JP001453,CMP222,2024-01-26,Kubernetes;AWS;PowerBI
JP001454,CMP263,2024-01-27,GCP;Java
JP001455,CMP247,2024-01-28,Scala;Tableau;GCP
JP001456,CMP277,2024-01-01,Spark;Tableau;GCP;Python
JP001457,CMP334,2024-01-02,Airflow;Terraform;Python
JP001458,CMP096,2024-01-03,Azure;Terraform;SQL;GCP
JP001459,CMP339,2024-01-04,Scala;Kubernetes;Java;PowerBI
JP001460,CMP398,2024-01-05,AWS;Kafka;Azure
JP001461,CMP999,2024-01-06,Scala;AWS
JP001462,CMP060,2024-01-07,Tableau;Kafka;Hive
JP001463,CMP309,2024-01-08,Airflow;Hive
JP001464,CMP195,2024-01-09,Spark;GCP;Docker
JP001465,CMP351,2024-01-10,Hive;Kubernetes
JP001466,CMP161,2024-01-11,Tableau;Scala
JP001467,CMP019,2024-01-12,AWS;PowerBI;Scala
JP001468,CMP379,2024-01-13,Kubernetes;Kafka;PowerBI;GCP
JP001469,CMP314,2024-01-14,Airflow;GCP
JP001470,CMP204,2024-01-15,PowerBI;GCP;Kafka;SQL
JP001471,CMP164,2024-01-16,Tableau;Airflow;Kafka;Azure
JP001472,CMP284,2024-01-17,AWS;Terraform
JP001473,CMP317,2024-01-18,Tableau;PowerBI;Azure
JP001474,CMP106,0000-00-00,Kubernetes;SQL
JP001475,CMP009,2024-01-20,
JP001476,CMP051,2024-01-21,Airflow;SQL;Tableau;Python
JP001477,CMP211,2024-01-22,Not specified
JP001478,CMP078,2024-01-23,Azure;Tableau;SQL
JP001479,CMP103,2024-01-24,Scala;Spark;Kafka;Java
JP001480,CMP037,2024-01-25,Kubernetes;Python
JP001481,CMP022,2024-01-26,Tableau;Python;Kubernetes;Kafka
JP001482,CMP301,2024-01-27,Spark;Docker;Kubernetes
JP001483,CMP267,2024-01-28,Java;Hive;Python;AWS
JP001484,CMP391,2024-01-01,Terraform;Docker;Java
JP001485,CMP231,2024-01-02,Azure;Kubernetes;Spark
JP001486,CMP143,2024-01-03,Scala;PowerBI
JP001487,CMP288,2024-01-04,PowerBI;GCP;Kubernetes
JP001488,CMP030,2024-01-05,Airflow;PowerBI;Tableau
JP001489,CMP215,2024-01-06,Docker;Java;Terraform;Tableau
JP001490,CMP014,2024-01-07,Spark;Azure
JP001491,CMP192,2024-01-08,Azure;PowerBI;Python;Hive
JP001492,CMP384,2024-01-09,Spark;Tableau;SQL
JP001493,CMP359,2024-01-10,KAFKA;POWERBI;TABLEAU;SQL
JP001494,CMP244,2024-01-11,Spark;SQL;AWS;PowerBI
JP001495,CMP021,2024-01-12,Airflow;SQL
JP001496,CMP211,2024-01-13, SQL ; Kafka 
JP001497,CMP262,2024-01-14,Azure;PowerBI;AWS;Airflow
JP001498,CMP296,2024-01-15,Java;Airflow;Scala
JP001499,CMP346,2024-01-16,AZURE;HIVE
JP001500,CMP021,2024-01-17,Not specified
JP001501,CMP397,2024-01-18,Azure;Airflow;Hive
JP001502,CMP234,0000-00-00,Kubernetes;Scala
JP001503,CMP384,2024-01-20,Python;Hive
JP001504,CMP306,2024-01-21,"Spark,Kafka,Hive,Kubernetes"
JP001505,CMP190,2024-01-22,Airflow;PowerBI;Scala
JP001506,CMP098,2024-01-23,Python;Azure
JP001507,CMP069,2024-01-24,Spark;Kafka;Airflow
JP001508,CMP048,2024-01-25,"Airflow,SQL,Hive,Docker"
JP001509,CMP378,2024-01-26,Airflow;Hive
JP001510,CMP111,2024-01-27,
JP001511,CMP130,2024-01-28,Not specified
JP001512,CMP170,2024-01-01,Terraform;Azure;Python
JP001513,CMP299,2024-01-02,AWS;Java
JP001514,CMP274,2024-01-03,Tableau;Airflow;Docker;AWS
JP001515,CMP091,2024-01-04,Azure;Terraform;Kafka
JP001516,CMP105,2024-01-05,Kafka;GCP;Kubernetes;Airflow
JP001517,CMP197,2024-01-06,SQL;Spark;Docker;Scala
JP001518,CMP056,2024-01-07,Tableau;Hive;Spark;AWS
JP001519,CMP118,2024-01-08,PowerBI;Kubernetes;Kafka;Azure
JP001520,CMP294,2024-01-09,Java;Kafka;Hive
JP001521,CMP087,2024-01-10,Airflow;SQL;PowerBI
JP001522,CMP259,2024-01-11,Spark;Terraform;Scala
JP001523,CMP296,2024-01-12,Airflow;Kafka;Spark
JP001524,CMP269,2024-01-13,Scala;PowerBI;Tableau
JP001525,CMP220,2024-01-14,Tableau;AWS;Airflow;Spark
JP001526,CMP353,2024-01-15,Airflow;Kafka;Scala
JP001527,CMP138,2024-01-16,Java;Terraform
JP001528,CMP290,2024-01-17,SQL;Hive
JP001529,CMP999,2024-01-18,Terraform;Java;Azure;GCP
JP001530,CMP269,2024-01-19,Python;Hive
JP001531,CMP229,2024-01-20,Docker;Azure
JP001532,CMP080,2024-01-21,Airflow;Spark
JP001533,CMP293,2024-01-22,Python;Spark
JP001534,CMP156,0000-00-00, Scala ; Kubernetes ; SQL ; Airflow 
JP001535,CMP999,2024-01-24,Tableau;GCP;SQL
JP001536,CMP298,2024-01-25,Terraform;Azure
JP001537,CMP183,2024-01-26,AWS;GCP
JP001538,CMP177,2024-01-27,Docker;Java;Kubernetes
JP001539,CMP114,2024-01-28,Docker;SQL;PowerBI
JP001540,CMP375,2024-01-01,Tableau;AWS;SQL;Scala
JP001541,CMP288,2024-01-02,Tableau;Python;Docker
JP001542,CMP108,2024-01-03,AWS;Scala;Terraform;Tableau
JP001543,CMP233,2024-01-04,Scala;PowerBI
JP001544,CMP327,0000-00-00,Python;PowerBI;Tableau
JP001545,CMP236,2024-01-06,
JP001546,CMP269,2024-01-07,Terraform;Hive;Azure;Java
JP001547,CMP384,2024-01-08,Airflow;Docker
JP001548,CMP328,2024-01-09,Azure;Scala;PowerBI
JP001549,CMP046,2024-01-10,PowerBI;GCP;Java;Python
JP001550,CMP114,2024-01-11,Scala;PowerBI;Kafka;Azure
JP001551,CMP328,2024-01-12,Spark;Airflow;PowerBI;Tableau
JP001552,CMP349,2024-01-13,SQL;Azure;PowerBI
JP001553,CMP114,2024-01-14,Python;Terraform;Kubernetes;Kafka
JP001554,CMP153,2024-01-15,Python;Azure;Terraform;AWS
JP001555,CMP167,2024-01-16,Java;PowerBI;Kafka;Terraform
JP001556,CMP244,2024-01-17,AIRFLOW;DOCKER
JP001557,CMP025,2024-01-18,Terraform;GCP
JP001558,CMP236,2024-01-19,GCP;SQL
JP001559,CMP999,2024-01-20, Python ; Spark 
JP001560,CMP093,2024-01-21,Airflow;Scala
JP001561,CMP327,2024-01-22, Spark ; Docker ; Scala 
JP001562,CMP278,2024-01-23,
JP001563,CMP280,2024-01-24,Kubernetes;Docker;Spark
JP001564,CMP256,2024-01-25,PowerBI;Kubernetes;Airflow;Python
JP001565,CMP348,2024-01-26,Spark;PowerBI;Kafka
JP001566,CMP319,2024-01-27,Terraform;AWS;Kubernetes
JP001567,CMP135,2024-01-28,Java;Kubernetes;Kafka;Azure
JP001568,CMP383,2024-01-01,Azure;PowerBI
JP001569,CMP235,2024-01-02,Airflow;Terraform
JP001570,CMP230,2024-01-03,Hive;AWS
JP001571,CMP017,2024-01-04,GCP;Azure;Tableau;Java
JP001572,CMP365,2024-01-05,PYTHON;TERRAFORM
JP001573,CMP164,2024-01-06,Python;Spark;Azure
JP001574,CMP017,2024-01-07,GCP;PowerBI
JP001575,CMP002,2024-01-08,Hive;AWS
JP001576,CMP295,2024-01-09,Spark;Airflow;GCP;Scala
JP001577,CMP213,2024-01-10,Kafka;Airflow;Terraform;AWS
JP001578,CMP231,2024-01-11,
JP001579,CMP276,2024-01-12,GCP;Terraform;Hive
JP001580,CMP315,2024-01-13,Spark;Docker;Kafka
JP001581,CMP356,2024-01-14,PowerBI;Java
JP001582,CMP316,2024-01-15,GCP;Terraform
JP001583,CMP308,2024-01-16,Tableau;Hive;Airflow;Azure
JP001584,CMP080,2024-01-17,GCP;Docker;Terraform
JP001585,CMP178,2024-01-18,PowerBI;Spark
JP001586,CMP300,2024-01-19,Kubernetes;Spark;Terraform
JP001587,CMP150,2024-01-20,Airflow;Kafka;Python
JP001588,CMP064,2024-01-21,KUBERNETES;POWERBI
JP001589,CMP112,2024-01-22,Terraform;Spark
JP001590,CMP210,2024-01-23,Azure;Spark;Airflow;Hive
JP001591,CMP094,2024-01-24,Docker;Azure;Kafka;Python
JP001592,CMP206,2024-01-25,Hive;Python
JP001593,CMP044,2024-01-26,AWS;Kafka
JP001594,CMP123,2024-01-27,Terraform;PowerBI;Scala;Docker
JP001595,CMP254,2024-01-28,PowerBI;Airflow;SQL;Kafka
JP001596,CMP088,2024-01-01,Hive;Kafka;AWS;Kubernetes
JP001597,CMP331,2024-01-02,Spark;Airflow;Kubernetes
JP001598,CMP371,2024-01-03,Scala;GCP;Azure
JP001599,CMP052,2024-01-04,GCP;AWS;Kubernetes
JP001600,CMP347,2024-01-05,Tableau;GCP;Azure;AWS
JP001601,CMP361,2024-01-06,Kafka;Scala;AWS;Docker
JP001602,CMP033,2024-01-07,Kafka;Kubernetes;Tableau;Airflow
JP001603,CMP392,2024-01-08,Airflow;SQL;Terraform;Hive
JP001604,CMP160,2024-01-09,PowerBI;Kafka
JP001605,CMP212,2024-01-10,"SQL,Scala,Python"
JP001606,CMP195,2024-01-11,Spark;PowerBI;Kubernetes;Python
JP001607,CMP054,2024-01-12,AWS;Kubernetes;Spark;Docker
JP001608,CMP145,2024-01-13,
JP001609,CMP152,2024-01-14,AWS;Tableau;Spark
JP001610,CMP353,2024-01-15,
JP001611,CMP999,2024-01-16,Kubernetes;Docker;Terraform
JP001612,CMP246,2024-01-17,Airflow;Tableau;Kubernetes
JP001613,CMP280,2024-01-18,SQL;AWS;GCP;Terraform
JP001614,CMP226,2024-01-19,Terraform;Python
JP001615,CMP097,2024-01-20,Docker;GCP;Java;Azure
JP001616,CMP155,2024-01-21,SQL;Tableau;Kafka;Docker
JP001617,CMP331,2024-01-22,Docker;Spark;SQL
JP001618,CMP306,2024-01-23, Java ; SQL 
JP001619,CMP030,2024-01-24,SQL;AWS;Kafka;Kubernetes
JP001620,CMP043,2024-01-25,Kafka;Azure
JP001621,CMP103,2024-01-26,Airflow;PowerBI;SQL
JP001622,CMP336,2024-01-27,Azure;Kubernetes;Scala;Python
JP001623,CMP140,2024-01-28,Airflow;SQL;Kubernetes;PowerBI
JP001624,CMP171,2024-01-01,Java;AWS
JP001625,CMP319,2024-01-02,Kafka;Java
JP001626,CMP007,2024-01-03,GCP;SQL
JP001627,CMP203,2024-01-04,AWS;Airflow
JP001628,CMP096,2024-01-05,Not specified
JP001629,CMP387,2024-01-06,Hive;Tableau;GCP
JP001630,CMP059,2024-01-07,Python;Airflow
JP001631,CMP244,2024-01-08, Hive ; PowerBI 
JP001632,CMP352,2024-01-09,AWS;Docker
JP001633,CMP019,2024-01-10,Scala;SQL
JP001634,CMP161,2024-01-11,Not specified
JP001635,CMP002,2024-01-12,SQL;Azure;GCP
JP001636,CMP374,2024-01-13,GCP;Scala;Kafka;Terraform
JP001637,CMP313,2024-01-14,Python;Terraform;Spark
JP001638,CMP151,2024-01-15,Hive;Java;Docker;Airflow
JP001639,CMP271,2024-01-16,Kafka;Tableau;Azure
JP001640,CMP164,2024-01-17,PowerBI;Tableau;SQL
JP001641,CMP125,2024-01-18,Python;Tableau
JP001642,CMP143,2024-01-19,AWS;Spark
JP001643,CMP203,2024-01-20, Kafka ; Tableau 
JP001644,CMP110,2024-01-21, Airflow ; AWS ; Hive 
JP001645,CMP999,2024-01-22,GCP;Scala;Python;PowerBI
JP001646,CMP192,2024-01-23,Kafka;AWS;Python
JP001647,CMP381,2024-01-24,Spark;Terraform;Kubernetes;Azure
JP001648,CMP087,2024-01-25,Azure;Hive;Java;AWS
JP001649,CMP361,2024-01-26,Azure;Tableau;Kafka;Python
JP001650,CMP227,2024-01-27,Hive;Spark
JP001651,CMP334,2024-01-28,Kafka;Java;Azure
JP001652,CMP217,2024-01-01,Not specified
JP001653,CMP332,2024-01-02,Tableau;Java;Kafka
JP001654,CMP169,2024-01-03,Kafka;PowerBI;Docker;AWS
JP001655,CMP237,2024-01-04,Kubernetes;AWS;Spark;PowerBI
JP001656,CMP282,2024-01-05,Python;GCP;Scala
JP001657,CMP387,2024-01-06,Scala;Airflow;Docker
JP001658,CMP181,2024-01-07,Azure;SQL;Terraform;Tableau
JP001659,CMP074,2024-01-08,Azure;Kubernetes;GCP;Kafka
JP001660,CMP061,2024-01-09,SQL;Docker;Java
JP001661,CMP312,2024-01-10,AWS;Azure;Java
JP001662,CMP133,2024-01-11,Tableau;Docker
JP001663,CMP035,2024-01-12,Scala;Spark;AWS;Hive
JP001664,CMP202,2024-01-13,Python;Kafka;Java;Docker
JP001665,CMP053,2024-01-14,Docker;Spark;Scala;Kubernetes
JP001666,CMP084,2024-01-15,PowerBI;Hive
JP001667,CMP008,2024-01-16,Terraform;Docker;Java;Kafka
JP001668,CMP251,2024-01-17,DOCKER;PYTHON
JP001669,CMP234,2024-01-18,Tableau;Kubernetes;Scala
JP001670,CMP388,2024-01-19,Terraform;Hive
JP001671,CMP186,2024-01-20,Java;Kubernetes;Azure
JP001672,CMP049,2024-01-21,Python;Kubernetes
JP001673,CMP330,2024-01-22,SQL;Python;Terraform
JP001674,CMP318,2024-01-23,Airflow;Terraform;Spark;PowerBI
JP001675,CMP213,2024-01-24,AIRFLOW;HIVE;GCP
JP001676,CMP323,2024-01-25,Docker;Tableau
JP001677,CMP313,2024-01-26,Kubernetes;GCP;Airflow
JP001678,CMP305,2024-01-27,Hive;Kubernetes
JP001679,CMP047,2024-01-28,Hive;Tableau;Kubernetes;GCP
JP001680,CMP278,2024-01-01,PowerBI;Kubernetes
JP001681,CMP194,2024-01-02,Docker;PowerBI
JP001682,CMP373,2024-01-03,Airflow;Kafka;Docker;PowerBI
JP001683,CMP176,2024-01-04,GCP;Tableau;Kubernetes
JP001684,CMP233,2024-01-05,Kubernetes;PowerBI
JP001685,CMP366,2024-01-06,Scala;SQL;Hive;Docker
JP001686,CMP377,2024-01-07,AWS;JAVA;DOCKER;AIRFLOW
JP001687,CMP303,2024-01-08,PowerBI;Azure;Scala
JP001688,CMP088,2024-01-09,AWS;Kafka;Java;Scala
JP001689,CMP170,2024-01-10,Python;AWS;Azure
JP001690,CMP175,2024-01-11,SQL;Java
JP001691,CMP268,2024-01-12,Azure;Java;Python;Kubernetes
JP001692,CMP066,2024-01-13,
JP001693,CMP275,2024-01-14,Terraform;AWS;SQL;Docker
JP001694,CMP068,2024-01-15,Terraform;Docker;Kubernetes
JP001695,CMP187,2024-01-16,Docker;SQL;Kubernetes;GCP
JP001696,CMP140,2024-01-17,Python;Tableau;GCP
JP001697,CMP262,2024-01-18,Python;GCP
JP001698,CMP134,2024-01-19,Hive;Java;PowerBI
JP001699,CMP251,2024-01-20,SCALA;AZURE
JP001700,CMP052,2024-01-21,Terraform;Java;GCP
JP001701,CMP084,2024-01-22,PowerBI;Java;Scala;Kafka
JP001702,CMP328,2024-01-23,Hive;Airflow
JP001703,CMP231,2024-01-24,Docker;Python;Java
JP001704,CMP148,2024-01-25,Spark;Kafka;Hive
JP001705,CMP151,2024-01-26, Java ; Python ; Scala 
JP001706,CMP284,2024-01-27,Hive;SQL;Tableau
JP001707,CMP319,2024-01-28,Kubernetes;Java
JP001708,CMP251,2024-01-01,Hive;Kubernetes;PowerBI
JP001709,CMP060,2024-01-02,Java;Python;AWS
JP001710,CMP073,2024-01-03,Java;Kubernetes
JP001711,CMP059,2024-01-04, Kafka ; Python ; Java ; Terraform 
JP001712,CMP316,2024-01-05,Docker;Spark;Kubernetes
JP001713,CMP255,2024-01-06,Hive;PowerBI;SQL
JP001714,CMP276,2024-01-07,Terraform;Python
JP001715,CMP246,2024-01-08,Azure;Kafka;SQL
JP001716,CMP325,2024-01-09, Spark ; Tableau 
JP001717,CMP156,2024-01-10,"Kafka,Azure,Python"
JP001718,CMP235,2024-01-11,AWS;PowerBI;Python;Docker
JP001719,CMP232,2024-01-12,Tableau;GCP
JP001720,CMP054,2024-01-13,SQL;Hive
JP001721,CMP303,2024-01-14,Spark;GCP;SQL;Scala
JP001722,CMP386,2024-01-15,Azure;Scala;PowerBI
JP001723,CMP372,2024-01-16,GCP;Java;SQL
JP001724,CMP146,2024-01-17,TABLEAU;KAFKA;GCP
JP001725,CMP262,2024-01-18,Docker;Python
JP001726,CMP072,2024-01-19,Hive;SQL;Airflow;Tableau
JP001727,CMP108,2024-01-20,Spark;Python;Hive;Tableau
JP001728,CMP070,2024-01-21,Terraform;Docker
JP001729,CMP393,2024-01-22,Hive;Airflow;Java
JP001730,CMP357,2024-01-23,PowerBI;AWS
JP001731,CMP369,2024-01-24,Azure;Kubernetes;Hive;Tableau
JP001732,CMP320,2024-01-25,AWS;Airflow;Hive
JP001733,CMP222,2024-01-26,Azure;Java;Python
JP001734,CMP999,2024-01-27,AZURE;TERRAFORM;TABLEAU;POWERBI
JP001735,CMP001,2024-01-28,Not specified
JP001736,CMP295,2024-01-01,Docker;GCP
JP001737,CMP387,2024-01-02,Spark;Python;PowerBI
JP001738,CMP077,2024-01-03,Docker;SQL;Tableau;Terraform
JP001739,CMP290,2024-01-04,Docker;SQL;Spark;Airflow
JP001740,CMP215,2024-01-05,Python;Hive
JP001741,CMP342,2024-01-06,Tableau;SQL
JP001742,CMP201,2024-01-07,Kafka;Airflow
JP001743,CMP211,2024-01-08, Hive ; Java 
JP001744,CMP334,2024-01-09,Kubernetes;Terraform;Airflow
JP001745,CMP322,2024-01-10,SQL;Kubernetes;PowerBI
JP001746,CMP220,2024-01-11,Kubernetes;Spark;GCP;Airflow
JP001747,CMP389,2024-01-12,AWS;Kubernetes;Python;Terraform
JP001748,CMP253,2024-01-13,Tableau;AWS
JP001749,CMP323,2024-01-14,Kubernetes;Terraform
JP001750,CMP296,2024-01-15,Scala;Python;Hive;PowerBI
JP001751,CMP065,2024-01-16,Tableau;Azure;AWS;Java
JP001752,CMP085,2024-01-17,PowerBI;AWS
JP001753,CMP184,2024-01-18,Azure;Hive;Spark
JP001754,CMP299,2024-01-19,Tableau;Hive;Python
JP001755,CMP208,2024-01-20,Docker;Hive;Kafka;Tableau
JP001756,CMP244,2024-01-21,SQL;AWS;Kubernetes;Kafka
JP001757,CMP068,2024-01-22,Spark;Tableau;Java;PowerBI
JP001758,CMP388,2024-01-23,Kubernetes;GCP;Scala
JP001759,CMP103,2024-01-24,Tableau;Java;PowerBI;Azure
JP001760,CMP333,2024-01-25,Azure;Kubernetes
JP001761,CMP251,2024-01-26,"Kubernetes,SQL"
JP001762,CMP313,2024-01-27,Kafka;SQL
JP001763,CMP071,2024-01-28,Tableau;Hive;GCP
JP001764,CMP350,2024-01-01,GCP;Spark;Python;Docker
JP001765,CMP093,2024-01-02,Spark;Python
JP001766,CMP202,2024-01-03,Airflow;Kafka;Kubernetes;Java
JP001767,CMP331,2024-01-04,Scala;Spark
JP001768,CMP999,2024-01-05,AWS;SQL
JP001769,CMP200,2024-01-06,Airflow;Python;Azure;Java
JP001770,CMP050,2024-01-07,Java;Spark;Azure
JP001771,CMP343,2024-01-08,Java;Docker;Terraform;Hive
JP001772,CMP019,2024-01-09,Scala;Docker;PowerBI
JP001773,CMP156,2024-01-10,PowerBI;GCP
JP001774,CMP026,2024-01-11,AWS;Kubernetes
JP001775,CMP396,2024-01-12,Kafka;Tableau
JP001776,CMP245,2024-01-13,GCP;Airflow
JP001777,CMP161,2024-01-14,"Tableau,Java"
JP001778,CMP393,2024-01-15,GCP;TABLEAU;DOCKER
JP001779,CMP258,2024-01-16,Terraform;Python;Tableau
JP001780,CMP132,2024-01-17,SQL;Tableau;Terraform;Python
JP001781,CMP331,2024-01-18,Scala;Python
JP001782,CMP265,2024-01-19,AWS;SQL;Scala
JP001783,CMP351,2024-01-20,Python;GCP;Java;SQL
JP001784,CMP375,2024-01-21,Java;PowerBI
JP001785,CMP370,2024-01-22,Not specified
JP001786,CMP104,2024-01-23,"Hive,Kubernetes,Azure"
JP001787,CMP082,2024-01-24,Python;AWS;Java;Kafka
JP001788,CMP246,2024-01-25,Python;Terraform;SQL;AWS
JP001789,CMP394,2024-01-26,Kubernetes;Python
JP001790,CMP321,2024-01-27,Azure;Kafka;Kubernetes;PowerBI
JP001791,CMP184,2024-01-28,SQL;Kubernetes
JP001792,CMP333,2024-01-01,Kubernetes;Terraform;AWS
JP001793,CMP209,2024-01-02,AZURE;SCALA
JP001794,CMP137,2024-01-03,Kafka;GCP;Kubernetes
JP001795,CMP239,2024-01-04,GCP;Tableau
JP001796,CMP100,2024-01-05,Terraform;Azure;SQL
JP001797,CMP264,2024-01-06,Spark;GCP;Docker
JP001798,CMP089,2024-01-07,Kafka;Java
JP001799,CMP088,2024-01-08,GCP;Kubernetes;SQL
JP001800,CMP225,2024-01-09,Tableau;GCP;Azure;Python;Hadoop
JP001801,CMP192,2024-01-10,PowerBI;SQL;Kafka;Hadoop
JP001802,CMP146,2024-01-11,Spark;Hive;Hadoop
JP001803,CMP239,2024-01-12,SQL;KUBERNETES;KAFKA;AZURE;HADOOP
JP001804,CMP111,2024-01-13,Java;Python;Docker;Airflow;Hadoop
JP001805,CMP156,2024-01-14,GCP;PowerBI;Airflow;Java;Hadoop
JP001806,CMP000,2024-01-15,Kafka;Azure;AWS;Hadoop
JP001807,CMP308,2024-01-16,Azure;GCP;Terraform;Docker;Hadoop
JP001808,CMP062,2024-01-17,Azure;Spark;Tableau;Hadoop
JP001809,CMP112,2024-01-18,Python;PowerBI;SQL;Tableau;Hadoop
JP001810,CMP030,2024-01-19,Python;Hive;Tableau;Airflow;Hadoop
JP001811,CMP122,2024-01-20,Kubernetes;SQL;Hadoop
JP001812,CMP185,2024-01-21,Spark;PowerBI;SQL;Python;Hadoop
JP001813,CMP225,2024-01-22,Airflow;PowerBI;Tableau;AWS;Hadoop
JP001814,CMP029,2024-01-23,Tableau;Java;Hadoop
JP001815,CMP226,2024-01-24,SQL;GCP;Kubernetes;Hadoop
JP001816,CMP001,2024-01-25,GCP;Python;Hadoop
JP001817,CMP379,2024-01-26,Python;Airflow;Spark;Tableau;Hadoop
JP001818,CMP011,2024-01-27,Spark;Terraform;GCP;Tableau;Hadoop
JP001819,CMP178,2024-01-28, Tableau ; Docker ; Hadoop 
JP001820,CMP105,2024-01-01,Azure;Hive;PowerBI;Hadoop
JP001821,CMP187,2024-01-02,SQL;Kafka;Docker;Hadoop
JP001822,CMP291,2024-01-03,Spark;Kubernetes;Scala;Hadoop
JP001823,CMP179,2024-01-04,Kafka;Azure;Java;Tableau;Hadoop
JP001824,CMP294,2024-01-05,GCP;Terraform;Airflow;Hadoop
JP001825,CMP130,2024-01-06,Python;Kubernetes;Hadoop
JP001826,CMP230,2024-01-07,Python;Spark;Kafka;Hadoop
JP001827,CMP186,2024-01-08,"SQL,Kubernetes,Java,Terraform,Hadoop"
JP001828,CMP325,2024-01-09,Terraform;Scala;Hadoop
JP001829,CMP208,2024-01-10,PowerBI;AWS;Azure;Airflow;Hadoop
JP001830,CMP305,2024-01-11,AWS;SQL;Azure;Hadoop
JP001831,CMP053,2024-01-12,Scala;Hive;AWS;Hadoop
JP001832,CMP121,2024-01-13,Terraform;Scala;Hadoop
JP001833,CMP255,2024-01-14,AWS;Java;Hadoop
JP001834,CMP305,2024-01-15,Spark;Scala;Hadoop
JP001835,CMP030,2024-01-16,Java;PowerBI;Spark;Hadoop
JP001836,CMP100,2024-01-17,Hive;PowerBI;Hadoop
JP001837,CMP326,2024-01-18,"AWS,Kubernetes,Hive,Hadoop"
JP001838,CMP178,2024-01-19,Terraform;AWS;Python;Hadoop
JP001839,CMP016,2024-01-20,Kubernetes;Java;Airflow;Terraform;Hadoop
JP001840,CMP019,2024-01-21,GCP;Terraform;Hadoop
JP001841,CMP069,2024-01-22,Python;Azure;Spark;Hive;Hadoop
JP001842,CMP027,2024-01-23,Spark;Docker;Hadoop
JP001843,CMP281,2024-01-24,Azure;AWS;Tableau;Hadoop
JP001844,CMP029,2024-01-25,Kafka;GCP;Hadoop
JP001845,CMP101,2024-01-26,Tableau;AWS;Terraform;Scala;Hadoop
JP001846,CMP081,2024-01-27,SQL;Kafka;Hadoop
JP001847,CMP377,2024-01-28,SCALA;AWS;POWERBI;HADOOP
JP001848,CMP218,2024-01-01,Airflow;Kafka;Hadoop
JP001849,CMP009,2024-01-02,Java;Python;Docker;Hadoop
JP001850,CMP385,2024-01-03,Docker;Terraform;Hadoop
JP001851,CMP335,2024-01-04,Airflow;Azure;Hadoop
JP001852,CMP012,2024-01-05,SQL;Python;AWS;Hadoop
JP001853,CMP054,2024-01-06,Python;Azure;Hadoop
JP001854,CMP369,2024-01-07,Kafka;Java;Hadoop
JP001855,CMP009,2024-01-08,GCP;Tableau;Airflow;Azure;Hadoop
JP001856,CMP354,2024-01-09,Docker;Scala;Hadoop
JP001857,CMP206,2024-01-10,Airflow;Docker;Azure;Hadoop
JP001858,CMP229,2024-01-11,Airflow;Kubernetes;Terraform;Hadoop
JP001859,CMP097,2024-01-12,Spark;Java;Kubernetes;Hadoop
JP001860,CMP336,2024-01-13,Java;AWS;Tableau;PowerBI;Hadoop
JP001861,CMP117,2024-01-14,Tableau;PowerBI;Spark;Hadoop
JP001862,CMP148,2024-01-15,Airflow;AWS;Spark;Kafka;Hadoop
JP001863,CMP308,2024-01-16,AWS;Azure;Python;Docker;Hadoop
JP001864,CMP387,2024-01-17,PowerBI;Scala;Spark;Hadoop
JP001865,CMP117,2024-01-18,AWS;Airflow;Terraform;GCP;Hadoop
JP001866,CMP132,2024-01-19,Hive;Kubernetes;Terraform;Kafka;Hadoop
JP001867,CMP043,2024-01-20,Spark;Java;Hive;AWS;Hadoop
JP001868,CMP381,2024-01-21,Terraform;Kubernetes;Tableau;Hadoop
JP001869,CMP275,2024-01-22,Airflow;Java;AWS;Azure;Hadoop
JP001870,CMP094,2024-01-23,SQL;Kafka;Hadoop
JP001871,CMP341,2024-01-24,PowerBI;Docker;Hadoop
JP001872,CMP060,2024-01-25,Java;Docker;Hadoop
JP001873,CMP381,2024-01-26,SQL;Scala;Airflow;Python;Hadoop
JP001874,CMP103,2024-01-27,Java;AWS;Hadoop
JP001875,CMP131,2024-01-28,GCP;PowerBI;Hadoop
JP001876,CMP387,2024-01-01,Airflow;Scala;Docker;Hadoop
JP001877,CMP168,2024-01-02,GCP;PowerBI;AWS;Hadoop
JP001878,CMP223,2024-01-03, Spark ; PowerBI ; AWS ; Docker ; Hadoop 
JP001879,CMP263,2024-01-04,Kubernetes;Tableau;PowerBI;Hive;Hadoop
JP001880,CMP066,2024-01-05,Java;Scala;Airflow;Hadoop
JP001881,CMP222,2024-01-06,Spark;Scala;SQL;Kubernetes;Hadoop
JP001882,CMP254,2024-01-07,Terraform;Tableau;AWS;Hadoop
JP001883,CMP313,2024-01-08,Kafka;Scala;Java;Kubernetes;Hadoop
JP001884,CMP179,2024-01-09,Java;PowerBI;SQL;Scala;Hadoop
JP001885,CMP166,2024-01-10,Scala;Kafka;SQL;Hive;Hadoop
JP001886,CMP251,2024-01-11,Kubernetes;Java;Hadoop
JP001887,CMP014,2024-01-12,Terraform;Kubernetes;SQL;Spark;Hadoop
JP001888,CMP253,2024-01-13,Spark;Kubernetes;GCP;Hadoop
JP001889,CMP306,2024-01-14,Airflow;SQL;Scala;PowerBI;Hadoop
JP001890,CMP202,2024-01-15,Tableau;Hive;Hadoop
JP001891,CMP273,2024-01-16,Terraform;Azure;Hadoop
JP001892,CMP321,2024-01-17,Azure;GCP;Java;Hadoop
JP001893,CMP125,2024-01-18,Kubernetes;Docker;Hive;Terraform;Hadoop
JP001894,CMP015,2024-01-19,Tableau;Hive;Kubernetes;Hadoop
JP001895,CMP164,2024-01-20,Kafka;Airflow;Terraform;Hadoop
JP001896,CMP357,2024-01-21,Docker;Azure;Hive;Python;Hadoop
JP001897,CMP285,2024-01-22,Azure;Kafka;Spark;Hadoop
JP001898,CMP178,2024-01-23,Scala;Docker;Tableau;Hadoop
JP001899,CMP237,2024-01-24,Kafka;Spark;Hadoop
JP001900,CMP090,2024-01-25,GCP;Docker;Hadoop
JP001901,CMP112,2024-01-26,Kubernetes;Airflow;Docker;Scala;Hadoop
JP001902,CMP206,2024-01-27,Kubernetes;AWS;GCP;Hadoop
JP001903,CMP351,2024-01-28,AZURE;KUBERNETES;HADOOP
JP001904,CMP034,2024-01-01,Kubernetes;Python;Docker;SQL;Hadoop
JP001905,CMP294,2024-01-02,Terraform;Python;Scala;Hadoop
JP001906,CMP361,2024-01-03,Hive;PowerBI;Hadoop
JP001907,CMP004,2024-01-04,AWS;Docker;Hadoop
JP001908,CMP237,2024-01-05,Airflow;SQL;Kubernetes;Tableau;Hadoop
JP001909,CMP350,2024-01-06, AWS ; PowerBI ; GCP ; Hadoop 
JP001910,CMP351,2024-01-07,SQL;Java;Hadoop
JP001911,CMP211,2024-01-08,Hive;GCP;AWS;Hadoop
JP001912,CMP010,2024-01-09,GCP;Hive;Kafka;Airflow;Hadoop
JP001913,CMP153,2024-01-10,GCP;Tableau;Hive;Airflow;Hadoop
JP001914,CMP098,2024-01-11,Hive;Scala;Hadoop
JP001915,CMP328,2024-01-12,Hive;Python;Docker;Hadoop
JP001916,CMP045,2024-01-13,Java;Spark;AWS;Hadoop
JP001917,CMP367,2024-01-14,Spark;GCP;Scala;Hadoop
JP001918,CMP246,2024-01-15,Docker;Kubernetes;Scala;Python;Hadoop
JP001919,CMP269,2024-01-16,Kubernetes;PowerBI;Hadoop
JP001920,CMP298,2024-01-17,Python;Hive;Scala;Java;Hadoop
JP001921,CMP196,2024-01-18,Java;PowerBI;Hadoop
JP001922,CMP073,2024-01-19,Hive;SQL;Docker;Hadoop
JP001923,CMP032,2024-01-20,Scala;Python;Hadoop
JP001924,CMP046,2024-01-21,Hive;GCP;Docker;Java;Hadoop
JP001925,CMP084,2024-01-22,Tableau;GCP;Python;Hadoop
JP001926,CMP284,2024-01-23,Docker;Kafka;Hadoop
JP001927,CMP108,2024-01-24,Airflow;Terraform;Hadoop
JP001928,CMP168,2024-01-25,SQL;Docker;Hadoop
JP001929,CMP117,2024-01-26,SQL;Python;Hadoop
JP001930,CMP375,2024-01-27, GCP ; Tableau ; Java ; Hadoop 
JP001931,CMP378,2024-01-28,Hive;GCP;Scala;Spark;Hadoop
JP001932,CMP010,2024-01-01, Python ; Spark ; Kubernetes ; Hadoop 
JP001933,CMP176,2024-01-02,Kubernetes;Java;Hadoop
JP001934,CMP011,2024-01-03,SPARK;PYTHON;HADOOP
JP001935,CMP361,2024-01-04,AWS;Scala;Kubernetes;Hadoop
JP001936,CMP219,2024-01-05,AWS;SQL;Java;Hadoop
JP001937,CMP227,2024-01-06,Java;Airflow;Hive;Hadoop
JP001938,CMP255,2024-01-07,Terraform;Airflow;Hadoop
JP001939,CMP095,2024-01-08,Spark;Azure;Airflow;Java;Hadoop
JP001940,CMP044,2024-01-09,GCP;Java;Hive;SQL;Hadoop
JP001941,CMP039,2024-01-10,Hive;Kafka;PowerBI;Airflow;Hadoop
JP001942,CMP385,2024-01-11,Azure;Scala;Hive;PowerBI;Hadoop
JP001943,CMP063,2024-01-12,GCP;Python;Docker;Kubernetes;Hadoop
JP001944,CMP003,2024-01-13,Kafka;Airflow;Spark;Hadoop
JP001945,CMP359,2024-01-14,Kubernetes;PowerBI;Kafka;Airflow;Hadoop
JP001946,CMP330,2024-01-15,Spark;Java;Azure;Hadoop
JP001947,CMP349,2024-01-16,Airflow;Spark;Hadoop
JP001948,CMP174,2024-01-17,Docker;Python;Tableau;Terraform;Hadoop
JP001949,CMP286,2024-01-18,Java;Kubernetes;Hadoop
JP001950,CMP078,2024-01-19,Scala;PowerBI;AWS;Hadoop
JP001951,CMP279,2024-01-20,TERRAFORM;PYTHON;POWERBI;HIVE;HADOOP
JP001952,CMP290,2024-01-21,Tableau;AWS;Kubernetes;PowerBI;Hadoop
JP001953,CMP345,2024-01-22,Terraform;Spark;Kafka;Hadoop
JP001954,CMP324,2024-01-23,Airflow;Terraform;Azure;Hadoop
JP001955,CMP132,2024-01-24,Python;Scala;Kafka;Hadoop
JP001956,CMP287,2024-01-25,Terraform;Scala;Kubernetes;Hadoop
JP001957,CMP388,2024-01-26,Tableau;Scala;Spark;Hadoop
JP001958,CMP113,2024-01-27,AWS;Docker;Kubernetes;Hadoop
JP001959,CMP355,2024-01-28,Airflow;Kafka;Java;Hadoop
JP001960,CMP299,2024-01-01,POWERBI;TERRAFORM;HADOOP
JP001961,CMP118,2024-01-02,Azure;Hive;Hadoop
JP001962,CMP319,2024-01-03,Kubernetes;GCP;PowerBI;Java;Hadoop
JP001963,CMP366,2024-01-04,AWS;Azure;Hadoop
JP001964,CMP149,2024-01-05,SQL;Java;Hadoop
JP001965,CMP307,2024-01-06,Spark;PowerBI;Hadoop
JP001966,CMP115,2024-01-07,Terraform;Scala;Hadoop
JP001967,CMP078,2024-01-08,Kafka;Tableau;Azure;Hadoop
JP001968,CMP387,2024-01-09,POWERBI;JAVA;SQL;KUBERNETES;HADOOP
JP001969,CMP067,2024-01-10,Terraform;Hive;Kubernetes;Hadoop
JP001970,CMP147,2024-01-11,AWS;Terraform;Docker;Hadoop
JP001971,CMP289,2024-01-12,GCP;Scala;Kafka;Hadoop
JP001972,CMP256,2024-01-13,Azure;Python;Kubernetes;Tableau;Hadoop
JP001973,CMP355,2024-01-14,Azure;Scala;Airflow;Hadoop
JP001974,CMP392,2024-01-15,GCP;Airflow;Tableau;Hadoop
JP001975,CMP373,2024-01-16,Terraform;Kafka;Hadoop
JP001976,CMP082,2024-01-17,Tableau;Java;Hadoop
JP001977,CMP058,2024-01-18,Kubernetes;Scala;SQL;Hadoop
JP001978,CMP344,2024-01-19,Tableau;Terraform;GCP;Hive;Hadoop
JP001979,CMP316,2024-01-20,AWS;Docker;Hadoop
JP001980,CMP016,2024-01-21,Python;Scala;Spark;Tableau;Hadoop
JP001981,CMP229,2024-01-22,Python;PowerBI;Kubernetes;Tableau;Hadoop
JP001982,CMP191,2024-01-23,Scala;Python;Tableau;Hadoop
JP001983,CMP376,2024-01-24,Hive;AWS;Hadoop
JP001984,CMP095,2024-01-25,Airflow;Scala;Docker;Azure;Hadoop
JP001985,CMP157,2024-01-26,Terraform;Tableau;Spark;Java;Hadoop
JP001986,CMP144,2024-01-27,Spark;Kafka;Docker;Hadoop
JP001987,CMP176,2024-01-28,Terraform;Java;Kubernetes;Hadoop
JP001988,CMP383,2024-01-01,"Docker,Scala,Hadoop"
JP001989,CMP184,2024-01-02,"AWS,Scala,SQL,Hadoop"
JP001990,CMP384,2024-01-03,AWS;Tableau;Azure;Hadoop
JP001991,CMP136,2024-01-04,Kubernetes;Airflow;Hadoop
JP001992,CMP145,2024-01-05,Scala;Kafka;SQL;Hadoop
JP001993,CMP250,2024-01-06,Java;Kubernetes;Hadoop
JP001994,CMP193,2024-01-07,Airflow;Kubernetes;Hadoop
JP001995,CMP326,2024-01-08,PowerBI;Docker;Python;SQL;Hadoop
JP001996,CMP314,2024-01-09,AWS;Scala;PowerBI;Hadoop
JP001997,CMP084,2024-01-10,AWS;Scala;Hadoop
JP001998,CMP099,2024-01-11,Kafka;SQL;Hadoop
JP001999,CMP277,2024-01-12,Kafka;Terraform;Kubernetes;Hadoop
